✔ [2871/2917] Built DifferentialGeometry.Analysis.Calculus.RegularValue (8.4s)
✔ [2877/2917] Built DifferentialGeometry.Analysis.Calculus.CriticalHolder (8.3s)
✔ [2904/2920] Built DifferentialGeometry.Analysis.Calculus.Asymptotics.FlatExponentialIntegral (8.5s)
✔ [2905/2920] Built DifferentialGeometry.Analysis.Calculus.ContinuousLinearMapDerivative (8.5s)
✔ [3162/3175] Built DifferentialGeometry.Analysis.Calculus.CriticalImageDimension (2.1s)
✔ [3173/3192] Built DifferentialGeometry.Analysis.Calculus.BumpPerturbation (2.4s)
✔ [3179/3192] Built DifferentialGeometry.Analysis.Calculus.CriticalPointPerturbation (2.6s)
✔ [3181/3192] Built DifferentialGeometry.Analysis.Calculus.Derivative.ForwardTimeDifference (2.1s)
✔ [3187/3200] Built DifferentialGeometry.Analysis.Calculus.Derivative.IntervalConstancy (1.9s)
✔ [3192/3206] Built DifferentialGeometry.Analysis.Calculus.Derivative.IicRestriction (1.9s)
✔ [3196/3238] Built DifferentialGeometry.Analysis.Calculus.Derivative.IntervalInteriorDeriv (2.1s)
✔ [3299/3408] Built DifferentialGeometry.Analysis.Calculus.CutoffPerturbation (2.3s)
✔ [4306/4508] Built DifferentialGeometry.Analysis.Calculus.Derivative.TargetModulus (1.6s)
✔ [6110/6370] Built DifferentialGeometry.Analysis.Calculus.Derivative.DirectionalContraction (2.1s)
✔ [8857/26417] Built DifferentialGeometry.Analysis.Calculus.Inverse.HalfSpaceDerivative (1.7s)
✔ [8859/26417] Built DifferentialGeometry.Analysis.Calculus.ExponentialAsymptotics (2.2s)
✔ [8861/26417] Built DifferentialGeometry.Analysis.Calculus.Inverse.OneSidedUniqueness (1.0s)
✔ [8864/26417] Built DifferentialGeometry.Analysis.Calculus.IteratedDeriv.Power (1.7s)
✔ [8882/26417] Built DifferentialGeometry.Analysis.Calculus.IteratedDerivative.CompositionBounds (1.7s)
✔ [8887/26417] Built DifferentialGeometry.Analysis.Calculus.Inverse.ImplicitDerivativeBounds (4.3s)
✔ [8888/26417] Built DifferentialGeometry.Analysis.Calculus.MultilinearPullback (1.8s)
✔ [8890/26417] Built DifferentialGeometry.Analysis.Calculus.RegularSplice (2.1s)
✔ [8896/26417] Built DifferentialGeometry.Analysis.Calculus.IteratedDerivative.GramBounds (3.7s)
✔ [8914/26417] Built DifferentialGeometry.Analysis.Calculus.Rescaling (2.1s)
✔ [8920/26417] Built DifferentialGeometry.Analysis.Calculus.RoundCylindricalProfile (2.3s)
✔ [8961/26417] Built DifferentialGeometry.Analysis.Calculus.Smoothness.BanachAlgebra (1.0s)
✔ [8969/26417] Built DifferentialGeometry.Analysis.Calculus.RegularizedExp (4.5s)
✔ [9038/26417] Built DifferentialGeometry.Analysis.Integration.RadialIntegral (2.2s)
✔ [9040/26417] Built DifferentialGeometry.Analysis.Estimates.AdditiveRecurrence (973ms)
✔ [9045/26417] Built DifferentialGeometry.Analysis.Convex.NormalCone (1.7s)
✔ [9046/26417] Built DifferentialGeometry.Analysis.Elliptic.Barrier.TouchingSupportsDifferentiability (1.6s)
✔ [9051/26417] Built DifferentialGeometry.Analysis.Estimates.Determinant (1.8s)
✔ [9055/26417] Built DifferentialGeometry.Analysis.FiniteDimensional.BilinearPositivity (1.0s)
✔ [9070/26417] Built DifferentialGeometry.Analysis.FunctionalAnalysis.BilinearOperatorNorm (2.5s)
✔ [9071/26417] Built DifferentialGeometry.Analysis.Fourier.LpCompatibility (3.5s)
✔ [9072/26417] Built DifferentialGeometry.Analysis.FunctionalAnalysis.Parametrix.Basic (2.4s)
✔ [9073/26417] Built DifferentialGeometry.Analysis.Integration.Measure.UniformPairing (1.8s)
✔ [9074/26417] Built DifferentialGeometry.Analysis.Heat.Parametrix.UniformBound (1.1s)
✔ [9076/26417] Built DifferentialGeometry.Analysis.HoleFilling (1.8s)
✔ [9079/26417] Built DifferentialGeometry.Analysis.InnerProductSpace.IsometryTransitive (1.9s)
✔ [9099/26417] Built DifferentialGeometry.Analysis.InnerProductSpace.RankOneKernelProjection.Basic (1.0s)
✔ [9100/26417] Built DifferentialGeometry.Analysis.InnerProductSpace.Trace (2.0s)
✔ [9108/26417] Built DifferentialGeometry.Analysis.Integration.IntervalEndpointBound (2.5s)
✔ [9109/26417] Built DifferentialGeometry.Analysis.Integration.L2.Fatou (2.6s)
✔ [9116/26417] Built DifferentialGeometry.Analysis.InnerProductSpace.Cayley (5.3s)
✔ [9117/26417] Built DifferentialGeometry.Analysis.Integration.LpLimit (1.9s)
✔ [9132/26417] Built DifferentialGeometry.Analysis.Integration.Measure.BorelManifold.Defs (1.4s)
✔ [9134/26417] Built DifferentialGeometry.Analysis.Integration.Measure.Estimates.ExponentialTail (2.3s)
✔ [9135/26417] Built DifferentialGeometry.Bundle.Principal.Defs (1.2s)
✔ [9136/26417] Built DifferentialGeometry.Analysis.Integration.Measure.Estimates.LevelSetDecay (2.1s)
✔ [9137/26417] Built DifferentialGeometry.Bundle.TotalSpace (706ms)
✔ [9143/26417] Built DifferentialGeometry.Analysis.Integration.WeightedIntegrationByParts (2.5s)
✔ [9144/26417] Built DifferentialGeometry.Topology.GroupAction.Hom (1.1s)
✔ [9155/26417] Built DifferentialGeometry.Bundle.Associated.Equivariant (1.9s)
✔ [9156/26417] Built DifferentialGeometry.Analysis.ODE.Flow.Planar.LineCoverScaleEstimate (1.6s)
✔ [9162/26417] Built DifferentialGeometry.Analysis.ODE.Flow.Planar.TransverseCoordinates (2.0s)
✔ [9166/26417] Built DifferentialGeometry.Analysis.ODE.Flow.Planar.CollarScaleEstimate (2.1s)
✔ [9185/26417] Built DifferentialGeometry.Analysis.ODE.ForwardScalar (1.6s)
✔ [9186/26417] Built DifferentialGeometry.Analysis.ODE.InvariantHyperplane (1.0s)
✔ [9187/26417] Built DifferentialGeometry.Analysis.ODE.TimeDependentFlow.Regularity.ChartLocalPicardRegular (1.9s)
✔ [9188/26417] Built DifferentialGeometry.Analysis.Parabolic.Dirichlet.SourceFormula (2.1s)
✔ [9189/26417] Built DifferentialGeometry.Analysis.Parabolic.Euclidean.Carleson.Rough (3.0s)
✔ [9190/26417] Built DifferentialGeometry.Analysis.Parabolic.Euclidean.HeatKernel.EarlyTime.FluxSeries (1.7s)
✔ [9191/26417] Built DifferentialGeometry.Analysis.Parabolic.Euclidean.Holder.Path (1.8s)
✔ [9192/26417] Built DifferentialGeometry.Analysis.Parabolic.Euclidean.HeatKernel.Hessian.L2 (2.0s)
✔ [9193/26417] Built DifferentialGeometry.Analysis.Parabolic.Euclidean.KochLamm.Flux.Series (1.7s)
✔ [9194/26417] Built DifferentialGeometry.Analysis.Parabolic.Euclidean.KochLamm.Spaces (2.1s)
✔ [9196/26417] Built DifferentialGeometry.Analysis.Parabolic.Euclidean.KochLamm.Late.Series (1.6s)
✔ [9197/26417] Built DifferentialGeometry.Analysis.Parabolic.Harnack.OscillationDecay (1.7s)
✔ [9210/26417] Built DifferentialGeometry.Topology.Manifold.LocalContraction (1.9s)
✔ [9212/26417] Built DifferentialGeometry.Bundle.Fiberwise (1.9s)
✔ [9214/26417] Built DifferentialGeometry.Geometry.Metric.BundleLipschitz (2.8s)
✔ [9222/26417] Built DifferentialGeometry.Analysis.Sobolev.Chart.SmoothDensity.PouStrictCutoff (1.9s)
✔ [9223/26417] Built DifferentialGeometry.Analysis.Sobolev.Euclidean.FiniteSumReindex (1.8s)
✔ [9224/26417] Built DifferentialGeometry.Analysis.Spectral.FiniteDimensional.EigenpairDerivative (2.4s)
✔ [9231/26417] Built DifferentialGeometry.Bundle.Equiv.Continuity (1.9s)
✔ [9234/26417] Built DifferentialGeometry.Bundle.FinitePatch (1.8s)
✔ [9235/26417] Built DifferentialGeometry.Tensor.LinearAlgebra.BlockKernelGraph (1.6s)
✔ [9237/26417] Built DifferentialGeometry.Bundle.Point (1.9s)
✔ [9239/26417] Built DifferentialGeometry.Bundle.ParameterFamily (2.2s)
✔ [9240/26417] Built DifferentialGeometry.Bundle.PositiveSection (2.2s)
✔ [9269/26417] Built DifferentialGeometry.Geometry.Affine.LineAlignment (1.1s)
✔ [9270/26417] Built DifferentialGeometry.Bundle.TensorProduct (3.7s)
✔ [9271/26417] Built DifferentialGeometry.Topology.Manifold.DiffeomorphRestriction (1.8s)
✔ [9273/26417] Built DifferentialGeometry.Topology.CollarSeparator (1.3s)
✔ [9275/26417] Built DifferentialGeometry.Bundle.VectorField.Basic (2.0s)
✔ [9276/26417] Built DifferentialGeometry.Topology.Manifold.CollarStep (1.8s)
✔ [9277/26417] Built DifferentialGeometry.Topology.Manifold.OrderedStepPartition (2.0s)
✔ [9281/26417] Built DifferentialGeometry.Topology.Manifold.BoundaryIntegralCurve (2.1s)
✔ [9289/26417] Built DifferentialGeometry.Topology.Manifold.IntegralCurveHeight (1.8s)
✔ [9320/26417] Built DifferentialGeometry.Topology.Manifold.HalfLine (2.3s)
✔ [9329/26417] Built DifferentialGeometry.Geometry.Comparison.Busemann.Ray.Busemann (1.4s)
✔ [9335/26417] Built DifferentialGeometry.Geometry.Compactness.CheegerGromov.ApproximateIsometry.DirectedSubsequence.FiniteRadiusBounds (1.8s)
✔ [9352/26417] Built DifferentialGeometry.Geometry.Boundary.ModelTransport (2.3s)
✔ [9353/26417] Built DifferentialGeometry.Topology.Covering.DeckFixedPoint (1.2s)
✔ [9356/26417] Built DifferentialGeometry.Geometry.Comparison.Busemann.Ray.MetricOppositeRays (1.5s)
✔ [9357/26417] Built DifferentialGeometry.Topology.Covering.TrivialFundamentalGroup (1.4s)
✔ [9363/26417] Built DifferentialGeometry.Geometry.Operator.LocalLaplacian (2.3s)
✔ [9365/26417] Built DifferentialGeometry.Topology.FiberBundle.Compact (1.2s)
✔ [9367/26417] Built DifferentialGeometry.Topology.Manifold.CoveringAtlas (1.8s)
✔ [9371/26417] Built DifferentialGeometry.Geometry.Metric.TangentAngle (2.0s)
✔ [9372/26417] Built DifferentialGeometry.Geometry.Comparison.Volume.NormalChristoffelAlgebra (1.8s)
✔ [9376/26417] Built DifferentialGeometry.Geometry.Connection.Convergence.Endpoint (1.8s)
✔ [9377/26417] Built DifferentialGeometry.Geometry.Metric.OrthonormalFrame.Torsor (1.5s)
✔ [9398/26417] Built DifferentialGeometry.Topology.Manifold.Atlas (1.7s)
✔ [9401/26417] Built DifferentialGeometry.Geometry.Coordinates.Frame.ChartSource (1.6s)
✔ [9645/26417] Built DifferentialGeometry.Geometry.Coordinates.Frame.Product (1.6s)
✔ [9669/26417] Built DifferentialGeometry.Geometry.Curvature.DimensionThree.CurvatureImageLine (1.0s)
✔ [9678/26417] Built DifferentialGeometry.Geometry.Curvature.DimensionThree.CurvatureOperator.RankStability (1.7s)
✔ [9843/26417] Built DifferentialGeometry.Geometry.Flow.RicciFlow.Extinction.CurveShortening.CurveShorteningRegularityWindow (1.3s)
✔ [9844/26417] Built DifferentialGeometry.Geometry.Flow.RicciFlow.Extinction.CurveShortening.AreaVariationGluing (2.3s)
✔ [9845/26417] Built DifferentialGeometry.Geometry.Flow.RicciFlow.DimensionThree.HamiltonIvey.RescaledLimit (3.0s)
✔ [9854/26417] Built DifferentialGeometry.Analysis.Calculus.AffineTimeReparametrization (1.9s)
✔ [9855/26417] Built DifferentialGeometry.Geometry.Flow.RicciFlow.Perelman.KappaSolutions.TerminalRankPointwiseCountermodel (1.9s)
✔ [9856/26417] Built DifferentialGeometry.Topology.ClosureSupremum (1.3s)
✔ [9857/26417] Built DifferentialGeometry.Topology.Algebra.Module.InfiniteCyclicCriterion (1.4s)
✔ [9858/26417] Built DifferentialGeometry.Geometry.Flow.RicciFlow.Perelman.CanonicalNeighborhood.SlabJetComposition (3.2s)
✔ [9859/26417] Built DifferentialGeometry.Geometry.Flow.RicciFlow.Surgery.Topology.VanKampen (1.7s)
✔ [9860/26417] Built DifferentialGeometry.Geometry.Geodesic.Flow.FlatPhase (1.9s)
✔ [9862/26417] Built DifferentialGeometry.Geometry.Gradient.AffineCoordinate (1.8s)
✔ [9863/26417] Built DifferentialGeometry.Geometry.Metric.UniversalCover.DimensionOne (1.7s)
✔ [9864/26417] Built DifferentialGeometry.Topology.Connected.FiniteChain (1.0s)
✔ [9865/26417] Built DifferentialGeometry.Topology.Ehresmann.IntervalCompletionSpace (1.4s)
✔ [9866/26417] Built DifferentialGeometry.Topology.Homotopy.Cylinder (1.3s)
✔ [9867/26417] Built DifferentialGeometry.Topology.Ehresmann.HorizontalLift (2.2s)
✔ [9868/26417] Built DifferentialGeometry.Topology.Combinatorics.LineMultiplicity (968ms)
✔ [9869/26417] Built DifferentialGeometry.Tensor.LinearAlgebra.CoordinateLinearSquare (2.4s)
✔ [9870/26417] Built DifferentialGeometry.Topology.Manifold.PartitionWeightEstimate (2.2s)
✔ [9871/26417] Built DifferentialGeometry.Topology.Manifold.BufferedFunctionCutoff (1.8s)
✔ [9872/26417] Built DifferentialGeometry.Topology.Compactness.OpensProductChartBand (1.4s)
✔ [9873/26417] Built DifferentialGeometry.Topology.PartitionOfUnity.Locality (1.4s)
✔ [9874/26417] Built DifferentialGeometry.Topology.Connected.CollarCover (1.1s)
✔ [9875/26417] Built DifferentialGeometry.Topology.Manifold.OrientedProductChart (1.8s)
✔ [9876/26417] Built DifferentialGeometry.Topology.OrderedSeparatingCollars (1.1s)
✔ [9877/26417] Built DifferentialGeometry.Tensor.Alternating.Calculus.Derivative (1.6s)
✔ [9878/26417] Built DifferentialGeometry.Tensor.LinearAlgebra.PositiveCovector (1.7s)
✔ [9879/26417] Built DifferentialGeometry.Tensor.Alternating.NormalCovector (2.7s)
✔ [9880/26417] Built DifferentialGeometry.Tensor.QuadraticForm.SignatureDeterminant (2.0s)
✔ [9881/26417] Built DifferentialGeometry.Tensor.Product.Section (2.0s)
✔ [9883/26417] Built DifferentialGeometry.Tensor.RSTensor.BundleTrivialization.BundleSectionContinuity (2.1s)
✔ [9885/26417] Built DifferentialGeometry.Topology.Algebra.Module.RankInvariant (1.5s)
✔ [9886/26417] Built DifferentialGeometry.Tensor.RSTensor.Tensoriality (1.0s)
✔ [9887/26417] Built DifferentialGeometry.Topology.Category.TopCat.SingularCoproduct (1.7s)
✔ [9893/26417] Built DifferentialGeometry.Topology.Compactness.UniformInjectivity (1.2s)
✔ [9894/26417] Built DifferentialGeometry.Topology.Covering.FiberCardinalityDegree (1.4s)
✔ [9895/26417] Built DifferentialGeometry.Topology.Covering.Lifting (1.8s)
✔ [9896/26417] Built DifferentialGeometry.Topology.Embedding.ProductChartCollar (1.2s)
✔ [9897/26417] Built DifferentialGeometry.Topology.Manifold.VectorField (2.1s)
✔ [9898/26417] Built DifferentialGeometry.Topology.FiberBundle.Separation (1.1s)
✔ [9899/26417] Built DifferentialGeometry.Topology.FiniteAtlasIndexOnCompact (1.3s)
✔ [9900/26417] Built DifferentialGeometry.Topology.Homotopy.Interval (1.3s)
✔ [9901/26417] Built DifferentialGeometry.Topology.Homeomorph.HeightBand (1.5s)
✔ [9902/26417] Built DifferentialGeometry.Topology.GeneralLinearGroupConnected (2.1s)
✔ [9903/26417] Built DifferentialGeometry.Topology.Homeomorph.SphereAffine (1.5s)
✔ [9904/26417] Built DifferentialGeometry.Topology.Homology.Algebra.CokernelCoproduct (1.1s)
✔ [9907/26417] Built DifferentialGeometry.Topology.VectorField.FiniteZeros (1.7s)
✔ [9908/26417] Built DifferentialGeometry.Topology.OpenCover.Disjoint (1.1s)
✔ [9909/26417] Built DifferentialGeometry.Topology.VectorField.CollarExtension (2.2s)
✔ [9910/26417] Built DifferentialGeometry.Topology.Homotopy.SphereRadial (1.6s)
✔ [9915/26417] Built DifferentialGeometry.Topology.Homotopy.NonzeroPerturbation (1.5s)
✔ [9916/26417] Built DifferentialGeometry.Topology.Manifold.Boundary.RegularBand (1.8s)
✔ [9917/26417] Built DifferentialGeometry.Topology.ProjectiveSpace.Topology (1.5s)
✔ [9918/26417] Built DifferentialGeometry.Topology.Manifold.Diffeomorph.CompactTranslation (2.3s)
✔ [9919/26417] Built DifferentialGeometry.Topology.Manifold.CoordinateBump (1.0s)
✔ [9920/26417] Built DifferentialGeometry.Topology.Manifold.FunctionExtension (1.9s)
✔ [9921/26417] Built DifferentialGeometry.Topology.Manifold.BoundaryVectorField (3.5s)
✔ [9922/26417] Built DifferentialGeometry.Topology.Manifold.ParameterizedInverse (2.2s)
✔ [9923/26417] Built DifferentialGeometry.Topology.Manifold.RelativePartitionOfUnity (2.0s)
✔ [9924/26417] Built DifferentialGeometry.Topology.NearIdentity (1.8s)
✔ [9925/26417] Built DifferentialGeometry.External.CanonicalTopology.Topology.Manifold.SphereOutwardOrientation (3.7s)
✔ [9926/26417] Built DifferentialGeometry.Topology.Morse.BoundaryRegularVectorField (2.9s)
✔ [9927/26417] Built DifferentialGeometry.Topology.ThreeManifold.SmoothSchoenfliesObstruction (1.9s)
✔ [9928/26417] Built DifferentialGeometry.Topology.VectorBundle.Compactness (1.7s)
✔ [9929/26417] Built DifferentialGeometry.Topology.Compactness.RunningMaximum (1.5s)
✔ [9930/26417] Built DifferentialGeometry.Analysis.Schauder.Holder.GlobalExtension (1.6s)
✔ [9931/26417] Built DifferentialGeometry.Analysis.Parabolic.Nondivergence.CutoffEstimate (2.3s)
✔ [9932/26417] Built DifferentialGeometry.Topology.Manifold.ContMDiff.CompactLocality (1.6s)
✔ [9933/26417] Built DifferentialGeometry.Analysis.Calculus.Derivative.EndpointUniformLimit (1.8s)
✔ [9934/26417] Built DifferentialGeometry.Analysis.Integration.Lp.ReciprocalCoefficient (1.7s)
✔ [9935/26417] Built DifferentialGeometry.Topology.Collar.Complement (1.5s)
✔ [9936/26417] Built DifferentialGeometry.Analysis.FunctionalAnalysis.BallScaling (1.3s)
✔ [9937/26417] Built DifferentialGeometry.Analysis.Calculus.IteratedDerivative.LinearSystemBounds (2.5s)
✔ [9938/26417] Built DifferentialGeometry.Topology.Compactness.MapLimits (1.4s)
✔ [9940/26417] Built DifferentialGeometry.Topology.Homeomorph.EmbeddedNeighborhood (1.1s)
✔ [9941/26417] Built DifferentialGeometry.Analysis.Real.GeometricEndpointAverage (1.5s)
✔ [9942/26417] Built DifferentialGeometry.Analysis.Real.NormalizedCostComparison (1.6s)
✔ [9946/26417] Built DifferentialGeometry.Analysis.Asymptotics.ExponentialDistortion (1.9s)
✔ [9947/26417] Built DifferentialGeometry.Analysis.Integration.Integral.RegionBetween (1.8s)
✔ [9955/26417] Built DifferentialGeometry.Geometry.Compactness.SegmentTail (1.5s)
✔ [9958/26417] Built DifferentialGeometry.Topology.FundamentalGroup.ConnectedComponent (1.3s)
✔ [9960/26417] Built DifferentialGeometry.Geometry.Curve.EndpointDerivative (1.7s)
✔ [9965/26417] Built DifferentialGeometry.Geometry.Curve.VelocityFamily (2.0s)
✔ [10006/26417] Built DifferentialGeometry.Topology.Combinatorics.GraphCoboundary (1.4s)
✔ [10007/26417] Built DifferentialGeometry.Topology.Connected.RelativeSign (1.4s)
✔ [10021/26417] Built DifferentialGeometry.Topology.PiecewiseLinear.LabelledNormalization (1.2s)
✔ [10022/26417] Built DifferentialGeometry.Topology.PiecewiseLinear.AnnularChainRimLimits (1.1s)
✔ [10041/26417] Built DifferentialGeometry.Topology.PiecewiseLinear.ToleranceControl (1.6s)
✔ [10042/26417] Built DifferentialGeometry.Topology.Manifold.FiberAffineInterpolation (2.0s)
✔ [10043/26417] Built DifferentialGeometry.Topology.Algebra.Group.IndexTwo (1.2s)
✔ [10044/26417] Built DifferentialGeometry.Analysis.Order.CommonProfile (1.1s)
✔ [10045/26417] Built DifferentialGeometry.Tensor.LinearAlgebra.Finsupp.FiniteFibers (1.6s)
✔ [10046/26417] Built DifferentialGeometry.Geometry.Flow.RicciFlow.Perelman.CanonicalNeighborhood.KappaLoss (1.7s)
✔ [10047/26417] Built DifferentialGeometry.Geometry.Metric.Approximation.PointedBallApproximation (1.9s)
⚠ [10054/26417] Built DifferentialGeometry.External.GraphCoveringTheory.Kurosh (3.2s)
warning: DifferentialGeometry/External/GraphCoveringTheory/Kurosh.lean:282:4: This simp argument is unused:
  wordInv_wordInv

Hint: Omit it from the simp argument list.
  [apply] simp only [rightAppend, wordInv_prod, Word.prod_cons, map_inv, mul_inv_rev]

Note: This linter can be disabled with `set_option linter.unusedSimpArgs false`
warning: DifferentialGeometry/External/GraphCoveringTheory/Kurosh.lean:369:22: This simp argument is unused:
  Subtype.coe_mk

Hint: Omit it from the simp argument list.
  [apply] simp only [inv_inv, wordInv_wordInv]

Note: This linter can be disabled with `set_option linter.unusedSimpArgs false`
warning: DifferentialGeometry/External/GraphCoveringTheory/Kurosh.lean:632:4: try 'simp' instead of 'simpa'

Note: This linter can be disabled with `set_option linter.unnecessarySimpa false`
warning: DifferentialGeometry/External/GraphCoveringTheory/Kurosh.lean:767:4: try 'simp' instead of 'simpa'

Note: This linter can be disabled with `set_option linter.unnecessarySimpa false`
warning: DifferentialGeometry/External/GraphCoveringTheory/Kurosh.lean:769:4: try 'simp' instead of 'simpa'

Note: This linter can be disabled with `set_option linter.unnecessarySimpa false`
warning: DifferentialGeometry/External/GraphCoveringTheory/Kurosh.lean:899:10: Used `tac1 <;> tac2` where `(tac1; tac2)` would suffice

Note: This linter can be disabled with `set_option linter.unnecessarySeqFocus false`
warning: DifferentialGeometry/External/GraphCoveringTheory/Kurosh.lean:904:10: Used `tac1 <;> tac2` where `(tac1; tac2)` would suffice

Note: This linter can be disabled with `set_option linter.unnecessarySeqFocus false`
warning: DifferentialGeometry/External/GraphCoveringTheory/Kurosh.lean:1280:14: try 'simp' instead of 'simpa'

Note: This linter can be disabled with `set_option linter.unnecessarySimpa false`
warning: DifferentialGeometry/External/GraphCoveringTheory/Kurosh.lean:1300:14: try 'simp' instead of 'simpa'

Note: This linter can be disabled with `set_option linter.unnecessarySimpa false`
warning: DifferentialGeometry/External/GraphCoveringTheory/Kurosh.lean:1316:14: try 'simp' instead of 'simpa'

Note: This linter can be disabled with `set_option linter.unnecessarySimpa false`
warning: DifferentialGeometry/External/GraphCoveringTheory/Kurosh.lean:1336:14: try 'simp' instead of 'simpa'

Note: This linter can be disabled with `set_option linter.unnecessarySimpa false`
warning: DifferentialGeometry/External/GraphCoveringTheory/Kurosh.lean:1265:6: Variable name `p` is not explicitly referenced.

Hint: The binding can be removed (if unused) or named `_` (if used implicitly). Alternatively, prefix the name with `_` to silence this warning:
  [apply] _p

Note: This linter can be disabled with `set_option linter.unusedVariables false`
warning: DifferentialGeometry/External/GraphCoveringTheory/Kurosh.lean:1375:2: try 'simp' instead of 'simpa'

Note: This linter can be disabled with `set_option linter.unnecessarySimpa false`
warning: DifferentialGeometry/External/GraphCoveringTheory/Kurosh.lean:1577:6: Unused tactic linter: `change
  (quotientEdgeTargetAlign G H e).1 •
      ((quotientEdgeSourceAlign G H e).1 • rawBassSerreEdgeDataTarget G (quotientEdgeRawData G H e)) =
    _` does nothing

Note: This linter can be disabled with `set_option linter.unusedTactic false`
warning: DifferentialGeometry/External/GraphCoveringTheory/Kurosh.lean:1640:2: Try this: 
  letI̵

The goal is a proposition, so `let` is preferred over `letI`.
The difference between `let` and `letI` is that `letI` inlines the value.
But this is not relevant for proofs because of proof irrelevance.

Note: This linter can be disabled with `set_option linter.style.haveILetI false`
warning: DifferentialGeometry/External/GraphCoveringTheory/Kurosh.lean:1658:0: Definition `_private.DifferentialGeometry.External.GraphCoveringTheory.Kurosh.0.GraphCoveringTheory.Kurosh.freeGroupoidCategoryQuiver` of class type is semireducible. Most type class instances should be instance-reducible, so consider marking this
definition with `@[instance_reducible]`. If it is intentionally semireducible, this warning can be disabled with `set_option warn.classDefReducibility false`.
warning: DifferentialGeometry/External/GraphCoveringTheory/Kurosh.lean:1664:0: Definition `_private.DifferentialGeometry.External.GraphCoveringTheory.Kurosh.0.GraphCoveringTheory.Kurosh.freeGroupoidGeneratorQuiver` of class type is semireducible. Most type class instances should be instance-reducible, so consider marking this
definition with `@[instance_reducible]`. If it is intentionally semireducible, this warning can be disabled with `set_option warn.classDefReducibility false`.
warning: DifferentialGeometry/External/GraphCoveringTheory/Kurosh.lean:1826:2: try 'simp' instead of 'simpa'

Note: This linter can be disabled with `set_option linter.unnecessarySimpa false`
warning: DifferentialGeometry/External/GraphCoveringTheory/Kurosh.lean:1962:5: Variable name `a` is not explicitly referenced.

Hint: The binding can be removed (if unused) or named `_` (if used implicitly). Alternatively, prefix the name with `_` to silence this warning:
  [apply] _a

Note: This linter can be disabled with `set_option linter.unusedVariables false`
warning: DifferentialGeometry/External/GraphCoveringTheory/Kurosh.lean:2081:2: Try this: 
  letI̵

The goal is a proposition, so `let` is preferred over `letI`.
The difference between `let` and `letI` is that `letI` inlines the value.
But this is not relevant for proofs because of proof irrelevance.

Note: This linter can be disabled with `set_option linter.style.haveILetI false`
warning: DifferentialGeometry/External/GraphCoveringTheory/Kurosh.lean:2112:2: Try this: 
  letI̵

The goal is a proposition, so `let` is preferred over `letI`.
The difference between `let` and `letI` is that `letI` inlines the value.
But this is not relevant for proofs because of proof irrelevance.

Note: This linter can be disabled with `set_option linter.style.haveILetI false`
warning: DifferentialGeometry/External/GraphCoveringTheory/Kurosh.lean:2155:2: Try this: 
  letI̵

The goal is a proposition, so `let` is preferred over `letI`.
The difference between `let` and `letI` is that `letI` inlines the value.
But this is not relevant for proofs because of proof irrelevance.

Note: This linter can be disabled with `set_option linter.style.haveILetI false`
warning: DifferentialGeometry/External/GraphCoveringTheory/Kurosh.lean:2159:2: Try this: 
  letI̵

The goal is a proposition, so `let` is preferred over `letI`.
The difference between `let` and `letI` is that `letI` inlines the value.
But this is not relevant for proofs because of proof irrelevance.

Note: This linter can be disabled with `set_option linter.style.haveILetI false`
⚠ [10055/26417] Built DifferentialGeometry.External.GrushkoNeumannTheorem.MarshallHall.Grushko (2.5s)
warning: DifferentialGeometry/External/GrushkoNeumannTheorem/MarshallHall/Grushko.lean:171:4: try 'simp' instead of 'simpa'

Note: This linter can be disabled with `set_option linter.unnecessarySimpa false`
warning: DifferentialGeometry/External/GrushkoNeumannTheorem/MarshallHall/Grushko.lean:224:0: `binaryFreeProduct_fg` does not use the following hypotheses in its type:
  • [Fintype α] (#3)
  • [Fintype β] (#4)

Consider replacing these hypotheses with the corresponding instances of `Finite` and using `Fintype.ofFinite` in the proof, or removing them entirely.

Note: This linter can be disabled with `set_option linter.unusedFintypeInType false`
✔ [10057/26417] Built DifferentialGeometry.Topology.ThreeManifold.TorusCut.MarkedSeams (1.0s)
✔ [10059/26417] Built DifferentialGeometry.Geometry.Flow.RicciFlow.Surgery.Noncollapsing.ProfileQuantifiers (1.5s)
✔ [10070/26417] Built DifferentialGeometry.Topology.Manifold.Submersion (2.6s)
✔ [10072/26417] Built DifferentialGeometry.Analysis.Calculus.Inverse.UniformInverse (1.7s)
✔ [10084/26417] Built DifferentialGeometry.Analysis.Calculus.SecondDerivative.SectionComposition (2.0s)
✔ [10095/26417] Built DifferentialGeometry.Analysis.Calculus.Inverse.RectangleInjectivity (2.7s)
✔ [10099/26417] Built DifferentialGeometry.Analysis.Calculus.Retraction.RadialMixedBound (1.9s)
✔ [10115/26417] Built DifferentialGeometry.Analysis.Parabolic.MaximumPrinciple.Counterexamples (2.4s)
✔ [10116/26417] Built DifferentialGeometry.Analysis.Calculus.Hadamard.Within (2.0s)
✔ [10135/26417] Built DifferentialGeometry.External.TauCeti.Analysis.Calculus.Morse.Generic (2.4s)
✔ [10136/26417] Built DifferentialGeometry.Topology.Ehresmann.PuncturedPlane (1.8s)
✔ [10137/26417] Built DifferentialGeometry.Analysis.Schauder.Holder.ParabolicSlices (1.9s)
✔ [10147/26417] Built DifferentialGeometry.Topology.Manifold.ProductChartSubmersion (2.1s)
✔ [10148/26417] Built DifferentialGeometry.Analysis.Schauder.Parabolic.Jet.Convergence (2.7s)
✔ [10149/26417] Built DifferentialGeometry.Analysis.Parabolic.ConditionStability (1.7s)
✔ [10150/26417] Built DifferentialGeometry.Analysis.Estimates.Absorption (1.8s)
✔ [10151/26417] Built DifferentialGeometry.Analysis.Parabolic.Euclidean.HeatKernel.FirstDerivative.LpPower (2.0s)
✔ [10152/26417] Built DifferentialGeometry.Analysis.Parabolic.Euclidean.HeatKernel.Resolvent (2.9s)
✔ [10172/26417] Built DifferentialGeometry.Analysis.Parabolic.Euclidean.HeatKernel.GaussianBounds (2.3s)
✔ [10191/26417] Built DifferentialGeometry.Analysis.Parabolic.Euclidean.KochLamm.Potential (2.2s)
✔ [10192/26417] Built DifferentialGeometry.Analysis.Parabolic.Euclidean.HeatKernel.Convolution.LpPower (2.1s)
✔ [10201/26417] Built DifferentialGeometry.Analysis.Heat.Kernel.GaussianApproximation (2.2s)
✔ [10209/26417] Built DifferentialGeometry.Topology.Morse.ConnectingOrbit (1.0s)
✔ [10213/26417] Built DifferentialGeometry.Geometry.Boundary.Manifold.Component (1.8s)
✔ [10215/26417] Built DifferentialGeometry.Geometry.Boundary.Corestrict (1.8s)
✔ [10217/26417] Built DifferentialGeometry.Analysis.Integration.RadialIntegralCongruence (1.9s)
✔ [10220/26417] Built DifferentialGeometry.Analysis.Elliptic.Barrier.ManifoldTouchingSupports (1.7s)
✔ [10224/26417] Built DifferentialGeometry.Bundle.PartialMfderiv.TimeDerivativeWithin (1.9s)
✔ [10227/26417] Built DifferentialGeometry.Geometry.Measure.ParametricIsometry (1.9s)
✔ [10229/26417] Built DifferentialGeometry.Topology.Manifold.NearIdentity.Derivative (1.9s)
✔ [10230/26417] Built DifferentialGeometry.Analysis.Integration.RadialIntegralSmoothness (4.0s)
✔ [10232/26417] Built DifferentialGeometry.Analysis.FunctionalAnalysis.Parametrix.Neumann (1.7s)
✔ [10242/26417] Built DifferentialGeometry.Analysis.Integration.CompactExhaustionIntegral (1.9s)
✔ [10243/26417] Built DifferentialGeometry.Analysis.InnerProductSpace.EllipsoidNeighborhood (2.5s)
✔ [10267/26417] Built DifferentialGeometry.Topology.Morse.Separable (2.6s)
✔ [10268/26417] Built DifferentialGeometry.Bundle.TangentSectionPullback (1.9s)
✔ [10270/26417] Built DifferentialGeometry.Geometry.LieGroup.Representation (2.8s)
✔ [10271/26417] Built DifferentialGeometry.Analysis.Integration.Measure.BorelManifold.StandardInstances (1.4s)
✔ [10272/26417] Built DifferentialGeometry.Analysis.InnerProductSpace.RankOneKernelProjection.Regularity (2.5s)
✔ [10295/26417] Built DifferentialGeometry.Bundle.Principal.Topology (1.2s)
✔ [10296/26417] Built DifferentialGeometry.Topology.GroupAction.Module (1.2s)
✔ [10298/26417] Built DifferentialGeometry.Analysis.ODE.InvariantSetLocal (1.0s)
✔ [10311/26417] Built DifferentialGeometry.Bundle.Principal.Smooth (1.9s)
✔ [10312/26417] Built DifferentialGeometry.Bundle.Associated.Topology (1.6s)
✔ [10313/26417] Built DifferentialGeometry.Analysis.ODE.MaximalSolution (2.2s)
✔ [10314/26417] Built DifferentialGeometry.Analysis.ODE.TimeDependentFlow.Regularity.SpatialC1 (2.2s)
✔ [10315/26417] Built DifferentialGeometry.Analysis.Parabolic.Dirichlet.GradientSourceFormula (3.0s)
✔ [10316/26417] Built DifferentialGeometry.Analysis.Parabolic.Euclidean.HarmonicMapFlow.State.Rough (2.2s)
✔ [10318/26417] Built DifferentialGeometry.Analysis.Parabolic.Euclidean.Holder.Jet (1.9s)
✔ [10319/26417] Built DifferentialGeometry.Analysis.Parabolic.Euclidean.HarmonicMapFlow.State.Quadratic (2.6s)
✔ [10320/26417] Built DifferentialGeometry.Analysis.Parabolic.Euclidean.KochLamm.Product (2.3s)
✔ [10321/26417] Built DifferentialGeometry.Analysis.Parabolic.Euclidean.KochLamm.Defs (2.4s)
✔ [10322/26417] Built DifferentialGeometry.Analysis.Parabolic.Euclidean.KochLamm.Linear (1.9s)
✔ [10323/26417] Built DifferentialGeometry.Analysis.Parabolic.Euclidean.KochLamm.Exponents (1.0s)
✔ [10344/26417] Built DifferentialGeometry.Analysis.Parabolic.Euclidean.KochLamm.Carleson (2.1s)
✔ [10345/26417] Built DifferentialGeometry.Analysis.Parabolic.Euclidean.KochLamm.Flux.Exponents (2.2s)
✔ [10348/26417] Built DifferentialGeometry.Analysis.Parabolic.MaximumPrinciple.Scalar.IntervalReaction (2.7s)
✔ [10349/26417] Built DifferentialGeometry.Analysis.Sobolev.Chart.SmoothDensity.FineChartCover (2.8s)
✔ [10351/26417] Built DifferentialGeometry.Tensor.Alternating.Orientation (1.9s)
✔ [10361/26417] Built DifferentialGeometry.Analysis.Spectral.FiniteDimensional.SmoothEigenpair (2.9s)
✔ [10366/26417] Built DifferentialGeometry.Bundle.OrthogonalRightInverse (2.7s)
✔ [10367/26417] Built DifferentialGeometry.Topology.ProjectiveSpace.Projectivization (1.8s)
✔ [10371/26417] Built DifferentialGeometry.Topology.Manifold.CompactCutoff (1.0s)
✔ [10372/26417] Built DifferentialGeometry.Geometry.Affine.FiniteLineAlignment (1.1s)
✔ [10374/26417] Built DifferentialGeometry.Topology.Manifold.CompactLocalDiffeomorph (1.7s)
✔ [10379/26417] Built DifferentialGeometry.Topology.Manifold.SphereRadialSuspension (2.6s)
✔ [10380/26417] Built DifferentialGeometry.Topology.Manifold.ProductCollarStep (2.5s)
✔ [10384/26417] Built DifferentialGeometry.Topology.Manifold.OrderedStepPartitionSupport (2.1s)
✔ [10388/26417] Built DifferentialGeometry.Topology.Manifold.FiniteInteriorCharts (1.9s)
✔ [10389/26417] Built DifferentialGeometry.Topology.Manifold.UniformBoundaryFlow (2.1s)
✔ [10390/26417] Built DifferentialGeometry.Topology.Manifold.PartialDiffeomorph.Chain (1.8s)
✔ [10393/26417] Built DifferentialGeometry.Topology.Attachment.SourceChartGluing (1.3s)
✔ [10394/26417] Built DifferentialGeometry.Topology.Manifold.FlowInjectivity (1.9s)
✔ [10435/26417] Built DifferentialGeometry.Topology.Covering.QuotientDeckGroup (1.5s)
✔ [10436/26417] Built DifferentialGeometry.Topology.Covering.RealDeckCircle (2.1s)
✔ [10440/26417] Built DifferentialGeometry.Topology.MetricSpace.LocalLipschitzComposition (1.4s)
✔ [10441/26417] Built DifferentialGeometry.Geometry.Boundary.InteriorCollar (1.0s)
✔ [10444/26417] Built DifferentialGeometry.Geometry.Comparison.Busemann.Ray.BusemannUniform (1.4s)
✔ [10447/26417] Built DifferentialGeometry.Geometry.Comparison.Toponogov.SmallAngle (1.8s)
✔ [10448/26417] Built DifferentialGeometry.Geometry.Comparison.Toponogov.SequentialTriangleLimit (1.7s)
✔ [10451/26417] Built DifferentialGeometry.Geometry.Comparison.Toponogov.MetricShortening (1.6s)
✔ [10454/26417] Built DifferentialGeometry.Topology.Manifold.CoveringDiffeomorph (1.7s)
✔ [10477/26417] Built DifferentialGeometry.Topology.Manifold.CoveringTangentAtlas (1.8s)
✔ [10482/26417] Built DifferentialGeometry.Geometry.Metric.OrthonormalFrame.Topology (2.0s)
✔ [10498/26417] Built DifferentialGeometry.Topology.StandardModelChartedSpace (1.0s)
✔ [10503/26417] Built DifferentialGeometry.Topology.OpenPartialHomeomorph.CollarComponent (1.3s)
✔ [10537/26417] Built DifferentialGeometry.Topology.Manifold.CollarPartitionPatch (2.0s)
✔ [10540/26417] Built DifferentialGeometry.Analysis.Viscosity.Comparison (2.5s)
✔ [10584/26417] Built DifferentialGeometry.Topology.Homeomorph.LipschitzFamily (1.8s)
✔ [10602/26417] Built DifferentialGeometry.Topology.SphereSeparation.SubdivisionAlternative (2.6s)
✔ [10624/26417] Built DifferentialGeometry.Topology.LocallyFinite.CompactEscape (1.1s)
✔ [10627/26417] Built DifferentialGeometry.Topology.Manifold.Interval.Interior (2.0s)
✔ [10637/26417] Built DifferentialGeometry.Topology.Manifold.RegularSurfaceChart (2.6s)
✔ [10638/26417] Built DifferentialGeometry.Analysis.Parabolic.Nondivergence.CutoffLp (1.8s)
✔ [10641/26417] Built DifferentialGeometry.Topology.Homology.ChangeOfRings (2.7s)
✔ [10642/26417] Built DifferentialGeometry.Topology.Homology.Coefficients (1.7s)
✔ [10644/26417] Built DifferentialGeometry.Topology.Algebra.Group.TwoElementFreeProduct (1.3s)
✔ [10649/26417] Built DifferentialGeometry.Topology.Algebra.Group.FiniteFreeProductInduction (1.5s)
✔ [10650/26417] Built DifferentialGeometry.Topology.Order.FiniteExceptionalSteps (1.1s)
✔ [10652/26417] Built DifferentialGeometry.Topology.Manifold.Interval.StripHeight (2.0s)
✔ [10653/26417] Built DifferentialGeometry.Topology.Ehresmann.CompletionProper (1.4s)
✔ [10654/26417] Built DifferentialGeometry.Topology.Manifold.BoundaryNormalParity (1.6s)
✔ [10655/26417] Built DifferentialGeometry.Topology.Ehresmann.IntervalCompletionInterior (1.3s)
✔ [10656/26417] Built DifferentialGeometry.Topology.Ehresmann.SignedCollar (1.6s)
✔ [10657/26417] Built DifferentialGeometry.Topology.Manifold.BumpPartitionDerivative (1.9s)
✔ [10658/26417] Built DifferentialGeometry.Topology.Ehresmann.SmoothLift (2.6s)
✔ [10659/26417] Built DifferentialGeometry.Topology.Manifold.BufferedBumpCovering (1.8s)
✔ [10660/26417] Built DifferentialGeometry.Topology.Connected.SeparatingCollarStrip (1.0s)
✔ [10661/26417] Built DifferentialGeometry.Geometry.Flow.RicciFlow.Extinction.Families.WidthComparisonBound (8.5s)
✔ [10662/26417] Built DifferentialGeometry.Tensor.QuadraticForm.MetricSignature (1.9s)
✔ [10665/26417] Built DifferentialGeometry.Topology.Manifold.BoundaryCollar.Shrinking (1.4s)
✔ [10667/26417] Built DifferentialGeometry.Topology.Homology.Coproduct (2.5s)
✔ [10669/26417] Built DifferentialGeometry.Topology.Covering.LiftEnumeration (1.5s)
✔ [10670/26417] Built DifferentialGeometry.Topology.Covering.Intervals (1.5s)
✔ [10675/26417] Built DifferentialGeometry.Topology.VectorField.RiemannianGradientBoundary (2.3s)
✔ [10676/26417] Built DifferentialGeometry.Topology.ProjectiveSpace.SphereQuotient (1.0s)
✔ [10677/26417] Built DifferentialGeometry.Topology.VectorField.CollarNormalization (2.6s)
✔ [10678/26417] Built DifferentialGeometry.Topology.VectorField.CollarLinearization (2.5s)
✔ [10680/26417] Built DifferentialGeometry.Topology.Manifold.Interval.CompressionInverse (2.0s)
✔ [10681/26417] Built DifferentialGeometry.Topology.Morse.BoundaryCollar (2.5s)
✔ [10695/26417] Built DifferentialGeometry.Analysis.Integration.Integral.ExponentialDistortion (2.5s)
✔ [10696/26417] Built DifferentialGeometry.Analysis.Integration.Integral.LipschitzGreen (2.4s)
✔ [10707/26417] Built DifferentialGeometry.Analysis.Calculus.Compactness.LinearHessianLimits (3.1s)
✔ [10708/26417] Built DifferentialGeometry.Topology.Homotopy.CyclicLoopMap (1.4s)
✔ [10710/26417] Built DifferentialGeometry.Topology.Combinatorics.GraphCoboundaryCycles (1.4s)
✔ [10711/26417] Built DifferentialGeometry.Geometry.Metric.Approximation.RealBallExamples (1.4s)
✔ [10713/26417] Built DifferentialGeometry.Topology.Manifold.FiberPreservingGerm (2.5s)
⚠ [10719/26417] Built DifferentialGeometry.External.GrushkoNeumannTheorem.MarshallHall.GrushkoGeneral (2.7s)
warning: DifferentialGeometry/External/GrushkoNeumannTheorem/MarshallHall/GrushkoGeneral.lean:417:0: `coprodI_freeGroup_fg` does not use the following hypotheses in its type:
  • [Fintype ι] (#2)
  • [(i : ι) → Fintype (α i)] (#4)

Consider replacing these hypotheses with the corresponding instances of `Finite` and using `Fintype.ofFinite` in the proof, or removing them entirely.

Note: This linter can be disabled with `set_option linter.unusedFintypeInType false`
✔ [10729/26417] Built DifferentialGeometry.Topology.Manifold.GermExtension (3.1s)
✔ [10734/26417] Built DifferentialGeometry.Topology.Manifold.SubmersionFiber (2.3s)
✔ [10735/26417] Built DifferentialGeometry.Analysis.Calculus.Manifold.RiemannianAbsolutelyContinuous (1.8s)
✔ [10758/26417] Built DifferentialGeometry.Topology.Manifold.Sard (1.0s)
⚠ [10759/26417] Built DifferentialGeometry.External.GraphCoveringTheory.KuroshTree (7.6s)
warning: DifferentialGeometry/External/GraphCoveringTheory/KuroshTree.lean:66:16: Variable name `w` is not explicitly referenced.

Hint: The binding can be removed (if unused) or named `_` (if used implicitly). Alternatively, prefix the name with `_` to silence this warning:
  [apply] _w

Note: This linter can be disabled with `set_option linter.unusedVariables false`
warning: DifferentialGeometry/External/GraphCoveringTheory/KuroshTree.lean:187:12: This simp argument is unused:
  h

Hint: Omit it from the simp argument list.
  [apply] simp

Note: This linter can be disabled with `set_option linter.unusedSimpArgs false`
warning: DifferentialGeometry/External/GraphCoveringTheory/KuroshTree.lean:229:0: Definition `GraphCoveringTheory.Kurosh.testBassSerreFullArborescence` of class type is semireducible. Most type class instances should be instance-reducible, so consider marking this
definition with `@[instance_reducible]`. If it is intentionally semireducible, this warning can be disabled with `set_option warn.classDefReducibility false`.
warning: DifferentialGeometry/External/GraphCoveringTheory/KuroshTree.lean:399:10: Try `simp at hxy` instead of `simpa using hxy`

Note: This linter can be disabled with `set_option linter.unnecessarySimpa false`
warning: DifferentialGeometry/External/GraphCoveringTheory/KuroshTree.lean:405:2: Try this: 
  letI̵

The goal is a proposition, so `let` is preferred over `letI`.
The difference between `let` and `letI` is that `letI` inlines the value.
But this is not relevant for proofs because of proof irrelevance.

Note: This linter can be disabled with `set_option linter.style.haveILetI false`
warning: DifferentialGeometry/External/GraphCoveringTheory/KuroshTree.lean:407:2: Try this: 
  letI̵

The goal is a proposition, so `let` is preferred over `letI`.
The difference between `let` and `letI` is that `letI` inlines the value.
But this is not relevant for proofs because of proof irrelevance.

Note: This linter can be disabled with `set_option linter.style.haveILetI false`
warning: DifferentialGeometry/External/GraphCoveringTheory/KuroshTree.lean:410:2: Try this: 
  letI̵

The goal is a proposition, so `let` is preferred over `letI`.
The difference between `let` and `letI` is that `letI` inlines the value.
But this is not relevant for proofs because of proof irrelevance.

Note: This linter can be disabled with `set_option linter.style.haveILetI false`
warning: DifferentialGeometry/External/GraphCoveringTheory/KuroshTree.lean:452:2: Try this: 
  letI̵

The goal is a proposition, so `let` is preferred over `letI`.
The difference between `let` and `letI` is that `letI` inlines the value.
But this is not relevant for proofs because of proof irrelevance.

Note: This linter can be disabled with `set_option linter.style.haveILetI false`
warning: DifferentialGeometry/External/GraphCoveringTheory/KuroshTree.lean:467:2: try 'simp' instead of 'simpa'

Note: This linter can be disabled with `set_option linter.unnecessarySimpa false`
warning: DifferentialGeometry/External/GraphCoveringTheory/KuroshTree.lean:534:4: try 'simp' instead of 'simpa'

Note: This linter can be disabled with `set_option linter.unnecessarySimpa false`
warning: DifferentialGeometry/External/GraphCoveringTheory/KuroshTree.lean:580:8: try 'simp' instead of 'simpa'

Note: This linter can be disabled with `set_option linter.unnecessarySimpa false`
warning: DifferentialGeometry/External/GraphCoveringTheory/KuroshTree.lean:657:4: Try this: 
  letI̵

The goal is a proposition, so `let` is preferred over `letI`.
The difference between `let` and `letI` is that `letI` inlines the value.
But this is not relevant for proofs because of proof irrelevance.

Note: This linter can be disabled with `set_option linter.style.haveILetI false`
warning: DifferentialGeometry/External/GraphCoveringTheory/KuroshTree.lean:659:4: Try this: 
  letI̵

The goal is a proposition, so `let` is preferred over `letI`.
The difference between `let` and `letI` is that `letI` inlines the value.
But this is not relevant for proofs because of proof irrelevance.

Note: This linter can be disabled with `set_option linter.style.haveILetI false`
warning: DifferentialGeometry/External/GraphCoveringTheory/KuroshTree.lean:767:4: Try this: 
  letI̵

The goal is a proposition, so `let` is preferred over `letI`.
The difference between `let` and `letI` is that `letI` inlines the value.
But this is not relevant for proofs because of proof irrelevance.

Note: This linter can be disabled with `set_option linter.style.haveILetI false`
warning: DifferentialGeometry/External/GraphCoveringTheory/KuroshTree.lean:769:4: Try this: 
  letI̵

The goal is a proposition, so `let` is preferred over `letI`.
The difference between `let` and `letI` is that `letI` inlines the value.
But this is not relevant for proofs because of proof irrelevance.

Note: This linter can be disabled with `set_option linter.style.haveILetI false`
warning: DifferentialGeometry/External/GraphCoveringTheory/KuroshTree.lean:786:6: Try this: 
  letI̵

The goal is a proposition, so `let` is preferred over `letI`.
The difference between `let` and `letI` is that `letI` inlines the value.
But this is not relevant for proofs because of proof irrelevance.

Note: This linter can be disabled with `set_option linter.style.haveILetI false`
warning: DifferentialGeometry/External/GraphCoveringTheory/KuroshTree.lean:791:8: Try this: 
  letI̵

The goal is a proposition, so `let` is preferred over `letI`.
The difference between `let` and `letI` is that `letI` inlines the value.
But this is not relevant for proofs because of proof irrelevance.

Note: This linter can be disabled with `set_option linter.style.haveILetI false`
warning: DifferentialGeometry/External/GraphCoveringTheory/KuroshTree.lean:793:8: Try this: 
  letI̵

The goal is a proposition, so `let` is preferred over `letI`.
The difference between `let` and `letI` is that `letI` inlines the value.
But this is not relevant for proofs because of proof irrelevance.

Note: This linter can be disabled with `set_option linter.style.haveILetI false`
warning: DifferentialGeometry/External/GraphCoveringTheory/KuroshTree.lean:867:6: Try this: 
  letI̵

The goal is a proposition, so `let` is preferred over `letI`.
The difference between `let` and `letI` is that `letI` inlines the value.
But this is not relevant for proofs because of proof irrelevance.

Note: This linter can be disabled with `set_option linter.style.haveILetI false`
warning: DifferentialGeometry/External/GraphCoveringTheory/KuroshTree.lean:868:6: Try this: 
  letI̵

The goal is a proposition, so `let` is preferred over `letI`.
The difference between `let` and `letI` is that `letI` inlines the value.
But this is not relevant for proofs because of proof irrelevance.

Note: This linter can be disabled with `set_option linter.style.haveILetI false`
warning: DifferentialGeometry/External/GraphCoveringTheory/KuroshTree.lean:870:6: Try this: 
  letI̵

The goal is a proposition, so `let` is preferred over `letI`.
The difference between `let` and `letI` is that `letI` inlines the value.
But this is not relevant for proofs because of proof irrelevance.

Note: This linter can be disabled with `set_option linter.style.haveILetI false`
warning: DifferentialGeometry/External/GraphCoveringTheory/KuroshTree.lean:891:6: Try this: 
  letI̵

The goal is a proposition, so `let` is preferred over `letI`.
The difference between `let` and `letI` is that `letI` inlines the value.
But this is not relevant for proofs because of proof irrelevance.

Note: This linter can be disabled with `set_option linter.style.haveILetI false`
warning: DifferentialGeometry/External/GraphCoveringTheory/KuroshTree.lean:892:6: Try this: 
  letI̵

The goal is a proposition, so `let` is preferred over `letI`.
The difference between `let` and `letI` is that `letI` inlines the value.
But this is not relevant for proofs because of proof irrelevance.

Note: This linter can be disabled with `set_option linter.style.haveILetI false`
warning: DifferentialGeometry/External/GraphCoveringTheory/KuroshTree.lean:894:6: Try this: 
  letI̵

The goal is a proposition, so `let` is preferred over `letI`.
The difference between `let` and `letI` is that `letI` inlines the value.
But this is not relevant for proofs because of proof irrelevance.

Note: This linter can be disabled with `set_option linter.style.haveILetI false`
warning: DifferentialGeometry/External/GraphCoveringTheory/KuroshTree.lean:922:2: Try this: 
  letI̵

The goal is a proposition, so `let` is preferred over `letI`.
The difference between `let` and `letI` is that `letI` inlines the value.
But this is not relevant for proofs because of proof irrelevance.

Note: This linter can be disabled with `set_option linter.style.haveILetI false`
warning: DifferentialGeometry/External/GraphCoveringTheory/KuroshTree.lean:941:2: Try this: 
  letI̵

The goal is a proposition, so `let` is preferred over `letI`.
The difference between `let` and `letI` is that `letI` inlines the value.
But this is not relevant for proofs because of proof irrelevance.

Note: This linter can be disabled with `set_option linter.style.haveILetI false`
warning: DifferentialGeometry/External/GraphCoveringTheory/KuroshTree.lean:945:2: Try this: 
  letI̵

The goal is a proposition, so `let` is preferred over `letI`.
The difference between `let` and `letI` is that `letI` inlines the value.
But this is not relevant for proofs because of proof irrelevance.

Note: This linter can be disabled with `set_option linter.style.haveILetI false`
warning: DifferentialGeometry/External/GraphCoveringTheory/KuroshTree.lean:986:4: try 'simp' instead of 'simpa'

Note: This linter can be disabled with `set_option linter.unnecessarySimpa false`
warning: DifferentialGeometry/External/GraphCoveringTheory/KuroshTree.lean:1188:25: Unused tactic linter: `apply Subsingleton.elim` does nothing

Note: This linter can be disabled with `set_option linter.unusedTactic false`
warning: DifferentialGeometry/External/GraphCoveringTheory/KuroshTree.lean:1188:25: this tactic is never executed

Note: This linter can be disabled with `set_option linter.unreachableTactic false`
warning: DifferentialGeometry/External/GraphCoveringTheory/KuroshTree.lean:1594:2: Try this: 
  letI̵

The goal is a proposition, so `let` is preferred over `letI`.
The difference between `let` and `letI` is that `letI` inlines the value.
But this is not relevant for proofs because of proof irrelevance.

Note: This linter can be disabled with `set_option linter.style.haveILetI false`
warning: DifferentialGeometry/External/GraphCoveringTheory/KuroshTree.lean:1598:2: Try this: 
  letI̵

The goal is a proposition, so `let` is preferred over `letI`.
The difference between `let` and `letI` is that `letI` inlines the value.
But this is not relevant for proofs because of proof irrelevance.

Note: This linter can be disabled with `set_option linter.style.haveILetI false`
warning: DifferentialGeometry/External/GraphCoveringTheory/KuroshTree.lean:1607:4: Try this: 
  haveI̵

The goal is a proposition, so `have` is preferred over `haveI`.
The difference between `have` and `haveI` is that `haveI` inlines the value.
But this is not relevant for proofs because of proof irrelevance.

Note: This linter can be disabled with `set_option linter.style.haveILetI false`
✔ [10768/26417] Built DifferentialGeometry.Topology.Manifold.ContMDiff.DomainOpenSubtype (1.7s)
✔ [10769/26417] Built DifferentialGeometry.Analysis.Calculus.Inverse.SmoothUniformInverse (2.4s)
✔ [10779/26417] Built DifferentialGeometry.Topology.Manifold.StripExtension (2.3s)
✔ [10786/26417] Built DifferentialGeometry.Topology.Manifold.PartialDiffeomorph.FunctionExtension (1.8s)
✔ [10787/26417] Built DifferentialGeometry.Analysis.Integration.Measure.Chart.PartitionOfUnity.Thickening (2.2s)
✔ [10788/26417] Built DifferentialGeometry.Analysis.Schauder.Parabolic.BallRetraction (2.0s)
✔ [10789/26417] Built DifferentialGeometry.Analysis.Integration.Measure.Chart.PartitionOfUnity.DominatedCutoff (2.2s)
✔ [10812/26417] Built DifferentialGeometry.Analysis.Parabolic.Euclidean.HeatKernel.FirstDerivative.GaussianSplit (2.3s)
✔ [10813/26417] Built DifferentialGeometry.Analysis.Schauder.Parabolic.Jet.Compactness (2.9s)
✔ [10821/26417] Built DifferentialGeometry.Analysis.Parabolic.Euclidean.HeatKernel.EarlyTime.Near (2.4s)
✔ [10823/26417] Built DifferentialGeometry.Analysis.Parabolic.Euclidean.Quasilinear.Flux (2.9s)
✔ [10824/26417] Built DifferentialGeometry.Analysis.Parabolic.Euclidean.HeatKernel.Duhamel.SpatialIntegrationByParts (2.3s)
✔ [10828/26417] Built DifferentialGeometry.Analysis.Parabolic.Euclidean.KochLamm.Tail.Gaussian (2.4s)
✔ [10832/26417] Built DifferentialGeometry.Analysis.Parabolic.Euclidean.HeatKernel.Schauder.HolderConvolution (1.0s)
✔ [10835/26417] Built DifferentialGeometry.Geometry.Boundary.ChartTangent (2.1s)
✔ [10836/26417] Built DifferentialGeometry.Analysis.Parabolic.TimeSobolev.TimeWeakDerivativeUniqueness (2.1s)
✔ [10841/26417] Built DifferentialGeometry.Analysis.Parabolic.TimeSobolev.Bochner.RankOne (2.2s)
✔ [10848/26417] Built DifferentialGeometry.Analysis.Parabolic.TimeSobolev.Bochner.ContinuousInterior (1.9s)
✔ [10860/26417] Built DifferentialGeometry.Analysis.Parabolic.QuasiLinear.TensorMaximalRegularity.Nemytskii.Tame (2.3s)
✔ [10861/26417] Built DifferentialGeometry.Geometry.Curvature.WarpedProduct (2.2s)
✔ [10863/26417] Built DifferentialGeometry.Analysis.Calculus.Hadamard.Parametric (2.0s)
✔ [10864/26417] Built DifferentialGeometry.Analysis.Integration.RadialIntegralParameter (2.0s)
✔ [10876/26417] Built DifferentialGeometry.Topology.Morse.Generic (2.0s)
✔ [10886/26417] Built DifferentialGeometry.Topology.Morse.CubicSupportObstruction (2.5s)
✔ [10889/26417] Built DifferentialGeometry.Topology.Double.Basic (1.9s)
✔ [10897/26417] Built DifferentialGeometry.Topology.Handle.Boundary (2.1s)
✔ [10898/26417] Built DifferentialGeometry.Geometry.Flow.RicciFlow.Uniqueness.Forward.CutoffBoundary (2.0s)
✔ [10899/26417] Built DifferentialGeometry.External.DeGiorgi.FiniteCover (14s)
✔ [10925/26417] Built DifferentialGeometry.Geometry.Metric.FiniteConstruction (3.5s)
✔ [10926/26417] Built DifferentialGeometry.Tensor.Metric.BilinearSymmetrization (3.7s)
✔ [10928/26417] Built DifferentialGeometry.Geometry.Connection.Principal (3.6s)
✔ [10930/26417] Built DifferentialGeometry.Bundle.SmoothSubbundle.Map (2.1s)
✔ [10931/26417] Built DifferentialGeometry.Tensor.Mixed.DualFiber (3.3s)
✔ [10932/26417] Built DifferentialGeometry.Tensor.Mixed.Multilinear (3.6s)
✔ [10933/26417] Built DifferentialGeometry.Analysis.Parabolic.Euclidean.HarmonicMapFlow.FixedPoint.Quadratic (2.6s)
✔ [10934/26417] Built DifferentialGeometry.Bundle.Associated.FiberBundle (3.1s)
✔ [10935/26417] Built DifferentialGeometry.Analysis.Parabolic.Euclidean.KochLamm.HarmonicMapFlow (1.8s)
✔ [10952/26417] Built DifferentialGeometry.Analysis.Parabolic.Euclidean.KochLamm.Germs (2.6s)
✔ [10960/26417] Built DifferentialGeometry.Analysis.Parabolic.Euclidean.KochLamm.Late.Kernel (2.1s)
✔ [10961/26417] Built DifferentialGeometry.Analysis.Parabolic.Euclidean.KochLamm.Late.Time (1.9s)
✔ [10984/26417] Built DifferentialGeometry.Topology.FundamentalGroup.MarkedFundamentalGroup (1.4s)
✔ [10985/26417] Built DifferentialGeometry.Bundle.Orientation.TopForm (2.4s)
✔ [10986/26417] Built DifferentialGeometry.Topology.FundamentalGroup.FiniteGeneration.FiniteLocalCover (1.7s)
✔ [10987/26417] Built DifferentialGeometry.Bundle.ProjectiveSpace.Tautological (2.4s)
✔ [10992/26417] Built DifferentialGeometry.Topology.Manifold.StripHeightCoordinates (2.1s)
✔ [11006/26417] Built DifferentialGeometry.Topology.Manifold.PartialDiffeomorph.CompactPasting (1.8s)
✔ [11013/26417] Built DifferentialGeometry.Geometry.Submersion.HorizontalLift (4.3s)
✔ [11023/26417] Built DifferentialGeometry.Geometry.Flow.RicciFlow.Surgery.StandardCap.TerminalAsymptotics (1.9s)
✔ [11028/26417] Built DifferentialGeometry.Topology.Manifold.OrderedCollarPartition (2.4s)
✔ [11030/26417] Built DifferentialGeometry.Geometry.Boundary.Manifold.CollaredGluing (4.3s)
✔ [11031/26417] Built DifferentialGeometry.Geometry.Comparison.Toponogov.HingeAlgebra (1.9s)
✔ [11060/26417] Built DifferentialGeometry.Topology.LoopSpace.PathLoopInjectivity (1.4s)
✔ [11068/26417] Built DifferentialGeometry.Topology.LoopSpace.FamilyPrecomposition (1.8s)
✔ [11073/26417] Built DifferentialGeometry.Topology.VectorField.GradientLinearization (2.2s)
✔ [11080/26417] Built DifferentialGeometry.Topology.Manifold.CollarPartitionError (1.0s)
✔ [11082/26417] Built DifferentialGeometry.Geometry.Metric.OrthonormalFrame.Principal (2.8s)
✔ [11125/26417] Built DifferentialGeometry.Topology.SimplicialComplex.LinkEulerSum (1.4s)
✔ [11126/26417] Built DifferentialGeometry.Topology.Manifold.PartialDiffeomorph.IsotopyExtension (1.0s)
✔ [11128/26417] Built DifferentialGeometry.Topology.Simplex.BallHomeomorphism (1.8s)
✔ [11129/26417] Built DifferentialGeometry.Topology.LocalDegree.IsometricCoordinate (1.7s)
✔ [11130/26417] Built DifferentialGeometry.Topology.Manifold.BoundaryCollar.PositiveCoordinates (2.1s)
✔ [11131/26417] Built DifferentialGeometry.Topology.Homeomorph.LocalizedGraph (2.3s)
✔ [11134/26417] Built DifferentialGeometry.Topology.LocalDegree.FiniteZeros (1.4s)
✔ [11135/26417] Built DifferentialGeometry.Geometry.LieGroup.Orthogonal (7.8s)
✔ [11136/26417] Built DifferentialGeometry.Topology.LocalDegree.Real (2.0s)
✔ [11137/26417] Built DifferentialGeometry.Topology.Manifold.SmoothBoundaryAtlas.Tangent (2.0s)
✔ [11138/26417] Built DifferentialGeometry.Topology.Algebra.Group.FreeProduct.FreeFactor (1.1s)
✔ [11139/26417] Built DifferentialGeometry.Geometry.Flow.RicciFlow.Extinction.Families.ScalarRescaling (2.3s)
✔ [11141/26417] Built DifferentialGeometry.Topology.Homology.Reduced.PointClasses (2.1s)
✔ [11142/26417] Built DifferentialGeometry.Topology.Manifold.Collar.Rescaling (1.9s)
✔ [11143/26417] Built DifferentialGeometry.Topology.Collar.Superlevel (1.3s)
✔ [11144/26417] Built DifferentialGeometry.Topology.Algebra.Group.PoincareStandard (1.1s)
✔ [11145/26417] Built DifferentialGeometry.Topology.Manifold.Interval.SignedCoordinate (1.0s)
✔ [11146/26417] Built DifferentialGeometry.Topology.Ehresmann.CompletionCharts (1.4s)
✔ [11154/26417] Built DifferentialGeometry.Topology.Manifold.BoundaryNormalSignTransfer (1.6s)
✔ [11155/26417] Built DifferentialGeometry.Topology.Manifold.BoundaryCollar.NormalSign (2.1s)
✔ [11156/26417] Built DifferentialGeometry.Topology.Manifold.LinePatch (1.9s)
✔ [11157/26417] Built DifferentialGeometry.Topology.ProjectiveSpace.Connected (1.8s)
✔ [11158/26417] Built DifferentialGeometry.Topology.ProjectiveSpace.Coordinates (1.7s)
✔ [11167/26417] Built DifferentialGeometry.Topology.Homology.CoveringTransfer (2.1s)
✔ [11168/26417] Built DifferentialGeometry.Topology.ProjectiveSpace.DiskCharacteristicMap (2.5s)
✔ [11172/26417] Built DifferentialGeometry.Topology.Manifold.Interval.Compression (1.0s)
✔ [11177/26417] Built DifferentialGeometry.Topology.VectorField.CollarGluing (2.4s)
✔ [11178/26417] Built DifferentialGeometry.Analysis.Sobolev.Euclidean.Trace.GreenLimit (2.2s)
✔ [11186/26417] Built DifferentialGeometry.Analysis.ODE.IndexForm.BoundaryValue (1.9s)
✔ [11189/26417] Built DifferentialGeometry.Bundle.Kernel.ConstantRank.LocalFrames (2.5s)
✔ [11192/26417] Built DifferentialGeometry.Analysis.Parabolic.QuasiLinear.GraphicalCurveShortening (2.8s)
⚠ [11204/26417] Built DifferentialGeometry.External.GrushkoNeumannTheorem.MarshallHall.GrushkoReduction (3.2s)
warning: DifferentialGeometry/External/GrushkoNeumannTheorem/MarshallHall/GrushkoReduction.lean:388:8: automatically included section variable(s) unused in theorem `MarshallHall.GeneralGrushko.binarySumIndex_inl`:
  [Group G]
  [Group H]
consider restructuring your `variable` declarations so that the variables are not in scope or explicitly omit them:
  omit [Group G] [Group H] in theorem ...

Note: This linter can be disabled with `set_option linter.unusedSectionVars false`
warning: DifferentialGeometry/External/GrushkoNeumannTheorem/MarshallHall/GrushkoReduction.lean:391:8: automatically included section variable(s) unused in theorem `MarshallHall.GeneralGrushko.binarySumIndex_inr`:
  [Group G]
  [Group H]
consider restructuring your `variable` declarations so that the variables are not in scope or explicitly omit them:
  omit [Group G] [Group H] in theorem ...

Note: This linter can be disabled with `set_option linter.unusedSectionVars false`
warning: DifferentialGeometry/External/GrushkoNeumannTheorem/MarshallHall/GrushkoReduction.lean:399:8: automatically included section variable(s) unused in theorem `MarshallHall.GeneralGrushko.binarySumIndex_sigma`:
  [Group G]
  [Group H]
consider restructuring your `variable` declarations so that the variables are not in scope or explicitly omit them:
  omit [Group G] [Group H] in theorem ...

Note: This linter can be disabled with `set_option linter.unusedSectionVars false`
warning: DifferentialGeometry/External/GrushkoNeumannTheorem/MarshallHall/GrushkoReduction.lean:659:8: automatically included section variable(s) unused in theorem `MarshallHall.GeneralGrushko.binarySigmaToSum_sumToSigma`:
  [Group G]
  [Group H]
consider restructuring your `variable` declarations so that the variables are not in scope or explicitly omit them:
  omit [Group G] [Group H] in theorem ...

Note: This linter can be disabled with `set_option linter.unusedSectionVars false`
warning: DifferentialGeometry/External/GrushkoNeumannTheorem/MarshallHall/GrushkoReduction.lean:663:8: automatically included section variable(s) unused in theorem `MarshallHall.GeneralGrushko.sumToSigma_snd_inl`:
  [Group G]
  [Group H]
consider restructuring your `variable` declarations so that the variables are not in scope or explicitly omit them:
  omit [Group G] [Group H] in theorem ...

Note: This linter can be disabled with `set_option linter.unusedSectionVars false`
warning: DifferentialGeometry/External/GrushkoNeumannTheorem/MarshallHall/GrushkoReduction.lean:666:8: automatically included section variable(s) unused in theorem `MarshallHall.GeneralGrushko.sumToSigma_snd_inr`:
  [Group G]
  [Group H]
consider restructuring your `variable` declarations so that the variables are not in scope or explicitly omit them:
  omit [Group G] [Group H] in theorem ...

Note: This linter can be disabled with `set_option linter.unusedSectionVars false`
warning: DifferentialGeometry/External/GrushkoNeumannTheorem/MarshallHall/GrushkoReduction.lean:669:8: automatically included section variable(s) unused in theorem `MarshallHall.GeneralGrushko.sumToSigma_fst`:
  [Group G]
  [Group H]
consider restructuring your `variable` declarations so that the variables are not in scope or explicitly omit them:
  omit [Group G] [Group H] in theorem ...

Note: This linter can be disabled with `set_option linter.unusedSectionVars false`
warning: DifferentialGeometry/External/GrushkoNeumannTheorem/MarshallHall/GrushkoReduction.lean:1007:18: This simp argument is unused:
  hij

Hint: Omit it from the simp argument list.
  [apply] simp [hij.symm]

Note: This linter can be disabled with `set_option linter.unusedSimpArgs false`
warning: DifferentialGeometry/External/GrushkoNeumannTheorem/MarshallHall/GrushkoReduction.lean:1010:25: This simp argument is unused:
  hij

Hint: Omit it from the simp argument list.
  [apply] simp [hki, hij.symm]

Note: This linter can be disabled with `set_option linter.unusedSimpArgs false`
warning: DifferentialGeometry/External/GrushkoNeumannTheorem/MarshallHall/GrushkoReduction.lean:1010:30: This simp argument is unused:
  hij.symm

Hint: Omit it from the simp argument list.
  [apply] simp [hki, hij]

Note: This linter can be disabled with `set_option linter.unusedSimpArgs false`
warning: DifferentialGeometry/External/GrushkoNeumannTheorem/MarshallHall/GrushkoReduction.lean:1011:20: This simp argument is unused:
  hEq

Hint: Omit it from the simp argument list.
  [apply] simp [hki, hkj]

Note: This linter can be disabled with `set_option linter.unusedSimpArgs false`
warning: DifferentialGeometry/External/GrushkoNeumannTheorem/MarshallHall/GrushkoReduction.lean:1011:30: This simp argument is unused:
  hkj

Hint: Omit it from the simp argument list.
  [apply] simp [hEq, hki]

Note: This linter can be disabled with `set_option linter.unusedSimpArgs false`
warning: DifferentialGeometry/External/GrushkoNeumannTheorem/MarshallHall/GrushkoReduction.lean:1080:15: This simp argument is unused:
  hij

Hint: Omit it from the simp argument list.
  [apply] simp [y, hij.symm, mul_assoc]

Note: This linter can be disabled with `set_option linter.unusedSimpArgs false`
warning: DifferentialGeometry/External/GrushkoNeumannTheorem/MarshallHall/GrushkoReduction.lean:1081:20: This simp argument is unused:
  hij

Hint: Omit it from the simp argument list.
  [apply] simp [y, hki]

Note: This linter can be disabled with `set_option linter.unusedSimpArgs false`
✔ [11206/26417] Built DifferentialGeometry.Analysis.Calculus.SmoothExtension.HalfSpaceReflection (1.0s)
✔ [11221/26417] Built DifferentialGeometry.Topology.Manifold.RegularNeighborhood (2.2s)
✔ [11222/26417] Built DifferentialGeometry.Geometry.Metric.QuadraticBounds.ContinuousEvaluation (2.1s)
✔ [11234/26417] Built DifferentialGeometry.Tensor.RSTensor.Coordinates.Conventions (2.3s)
⚠ [11241/26417] Built DifferentialGeometry.External.GraphCoveringTheory.KuroshFreePart (2.5s)
warning: DifferentialGeometry/External/GraphCoveringTheory/KuroshFreePart.lean:608:8: Unused tactic linter: `(try rfl)` does nothing

Note: This linter can be disabled with `set_option linter.unusedTactic false`
warning: DifferentialGeometry/External/GraphCoveringTheory/KuroshFreePart.lean:609:8: Unused tactic linter: `(try (congr 1 <;> apply Subsingleton.elim))` does nothing

Note: This linter can be disabled with `set_option linter.unusedTactic false`
warning: DifferentialGeometry/External/GraphCoveringTheory/KuroshFreePart.lean:608:8: this tactic is never executed

Note: This linter can be disabled with `set_option linter.unreachableTactic false`
warning: DifferentialGeometry/External/GraphCoveringTheory/KuroshFreePart.lean:609:8: this tactic is never executed

Note: This linter can be disabled with `set_option linter.unreachableTactic false`
warning: DifferentialGeometry/External/GraphCoveringTheory/KuroshFreePart.lean:750:8: Unused tactic linter: `(try rfl)` does nothing

Note: This linter can be disabled with `set_option linter.unusedTactic false`
warning: DifferentialGeometry/External/GraphCoveringTheory/KuroshFreePart.lean:751:8: Unused tactic linter: `(try (congr 1 <;> apply Subsingleton.elim))` does nothing

Note: This linter can be disabled with `set_option linter.unusedTactic false`
warning: DifferentialGeometry/External/GraphCoveringTheory/KuroshFreePart.lean:750:8: this tactic is never executed

Note: This linter can be disabled with `set_option linter.unreachableTactic false`
warning: DifferentialGeometry/External/GraphCoveringTheory/KuroshFreePart.lean:751:8: this tactic is never executed

Note: This linter can be disabled with `set_option linter.unreachableTactic false`
warning: DifferentialGeometry/External/GraphCoveringTheory/KuroshFreePart.lean:986:0: Definition `testRawOrbitFreeGroupoidFunctor_obj` is a proposition; use `theorem` instead of `def`

Note: This linter can be disabled with `set_option linter.defProp false`
warning: DifferentialGeometry/External/GraphCoveringTheory/KuroshFreePart.lean:1106:2: Try this: 
  letI̵

The goal is a proposition, so `let` is preferred over `letI`.
The difference between `let` and `letI` is that `letI` inlines the value.
But this is not relevant for proofs because of proof irrelevance.

Note: This linter can be disabled with `set_option linter.style.haveILetI false`
warning: DifferentialGeometry/External/GraphCoveringTheory/KuroshFreePart.lean:1110:2: Try this: 
  letI̵

The goal is a proposition, so `let` is preferred over `letI`.
The difference between `let` and `letI` is that `letI` inlines the value.
But this is not relevant for proofs because of proof irrelevance.

Note: This linter can be disabled with `set_option linter.style.haveILetI false`
warning: DifferentialGeometry/External/GraphCoveringTheory/KuroshFreePart.lean:1196:4: Try this: 
  letI̵

The goal is a proposition, so `let` is preferred over `letI`.
The difference between `let` and `letI` is that `letI` inlines the value.
But this is not relevant for proofs because of proof irrelevance.

Note: This linter can be disabled with `set_option linter.style.haveILetI false`
warning: DifferentialGeometry/External/GraphCoveringTheory/KuroshFreePart.lean:1211:19: This simp argument is unused:
  Functor.map_id

Hint: Omit it from the simp argument list.
  [apply] simp only [hraw, test_homOfEq_id] at hfun

Note: This linter can be disabled with `set_option linter.unusedSimpArgs false`
warning: DifferentialGeometry/External/GraphCoveringTheory/KuroshFreePart.lean:1211:35: This simp argument is unused:
  test_homOfEq_id

Hint: Omit it from the simp argument list.
  [apply] simp only [hraw, Functor.map_id] at hfun

Note: This linter can be disabled with `set_option linter.unusedSimpArgs false`
warning: DifferentialGeometry/External/GraphCoveringTheory/KuroshFreePart.lean:1260:34: This simp argument is unused:
  Prefunctor.mapPath

Hint: Omit it from the simp argument list.
  [apply] simp only [testFreePathHom]

Note: This linter can be disabled with `set_option linter.unusedSimpArgs false`
✔ [11246/26417] Built DifferentialGeometry.Topology.Manifold.LocalDiffeomorph.FamilyLift (2.1s)
✔ [11249/26417] Built DifferentialGeometry.Geometry.Metric.LocalRealization (3.3s)
✔ [11250/26417] Built DifferentialGeometry.Analysis.Integration.Measure.Chart.PartitionOfUnity.DensityBound (2.5s)
✔ [11251/26417] Built DifferentialGeometry.Topology.Manifold.SmoothUniformInverse (2.0s)
✔ [11252/26417] Built DifferentialGeometry.Topology.Morse.Hessian (2.3s)
✔ [11262/26417] Built DifferentialGeometry.Analysis.Schauder.Holder.CompleteSpace (2.7s)
✔ [11263/26417] Built DifferentialGeometry.Analysis.Schauder.Parabolic.Chart.Basic (2.3s)
✔ [11274/26417] Built DifferentialGeometry.Analysis.Parabolic.Euclidean.HeatKernel.Beta (2.4s)
✔ [11286/26417] Built DifferentialGeometry.Analysis.Schauder.Cutoff.Product (4.0s)
✔ [11288/26417] Built DifferentialGeometry.Analysis.Parabolic.Euclidean.HeatKernel.Hessian.Hormander (3.4s)
✔ [11292/26417] Built DifferentialGeometry.Analysis.Schauder.Holder.Operator (6.4s)
✔ [11297/26417] Built DifferentialGeometry.Analysis.Parabolic.TimeSobolev.H1.Affine (2.3s)
✔ [11300/26417] Built DifferentialGeometry.Analysis.Integration.DivergenceTheorem.EuclideanHalfSpace (3.6s)
✔ [11316/26417] Built DifferentialGeometry.Analysis.Parabolic.TimeSobolev.LionsMagenes (1.0s)
✔ [11327/26417] Built DifferentialGeometry.Topology.Manifold.MorseHalfSpaceModel (2.2s)
✔ [11329/26417] Built DifferentialGeometry.Topology.Manifold.BoundaryCollar.Attachment (2.1s)
✔ [11331/26417] Built DifferentialGeometry.Analysis.Parabolic.Euclidean.HeatKernel.Hessian.Realization (8.0s)
✔ [11335/26417] Built DifferentialGeometry.Topology.Collar.AttachmentSeam (2.3s)
✔ [11336/26417] Built DifferentialGeometry.Topology.Handle.Collar (2.9s)
✔ [11341/26417] Built DifferentialGeometry.Topology.Handle.Attachment.Comparison (2.1s)
✔ [11342/26417] Built DifferentialGeometry.Topology.Double.ClosedCover (1.9s)
✔ [11356/26417] Built DifferentialGeometry.Analysis.Spectral.Intrinsic.DeTurck.Remainder.TameLipschitz.LieTermNormalForm (1.2s)
✔ [11364/26417] Built DifferentialGeometry.Topology.Connected.FiniteCollarOrder (1.2s)
✔ [11367/26417] Built DifferentialGeometry.Geometry.LieGroup.Representation.InvariantSet (3.7s)
✔ [11368/26417] Built DifferentialGeometry.Geometry.Curvature.DimensionThree.HamiltonIvey.SelfAdjointRegion (3.8s)
✔ [11370/26417] Built DifferentialGeometry.External.DeGiorgi.Oscillation.LocalJohnNirenberg (15s)
✔ [11376/26417] Built DifferentialGeometry.Bundle.SmoothSubbundle.KernelRestriction (2.7s)
✔ [11377/26417] Built DifferentialGeometry.Analysis.Parabolic.TimeSobolev.TimeOperatorNaturality (2.1s)
✔ [11379/26417] Built DifferentialGeometry.Analysis.Parabolic.Euclidean.Covering.Quantitative (4.3s)
✔ [11384/26417] Built DifferentialGeometry.Analysis.Parabolic.Euclidean.HeatKernel.EarlyTime.Flux (5.9s)
✔ [11388/26417] Built DifferentialGeometry.Bundle.Orientation.Deck (1.9s)
✔ [11390/26417] Built DifferentialGeometry.Bundle.Associated.VectorBundle (2.2s)
✔ [11391/26417] Built DifferentialGeometry.Analysis.Spectral.FiniteDimensional.SmoothLeastEigenvector (2.1s)
✔ [11395/26417] Built DifferentialGeometry.Analysis.Parabolic.Euclidean.KochLamm.Late.Near (2.1s)
✔ [11396/26417] Built DifferentialGeometry.Tensor.Mixed.Naturality (5.6s)
✔ [11397/26417] Built DifferentialGeometry.Analysis.Parabolic.Euclidean.KochLamm.Flux.Kernel (2.2s)
✔ [11404/26417] Built DifferentialGeometry.Analysis.Parabolic.Euclidean.KochLamm.Carrier (3.5s)
✔ [11410/26417] Built DifferentialGeometry.Topology.ThreeManifold.TorusCut.TorusCylinder (1.7s)
✔ [11411/26417] Built DifferentialGeometry.Analysis.Parabolic.Euclidean.KochLamm.Late.Mass (2.0s)
✔ [11414/26417] Built DifferentialGeometry.Analysis.Parabolic.Euclidean.KochLamm.Late.Tail (2.4s)
✔ [11419/26417] Built DifferentialGeometry.Topology.Manifold.Orientation.TopForm (1.0s)
✔ [11423/26417] Built DifferentialGeometry.Topology.Manifold.HomeomorphAtlas (1.8s)
✔ [11427/26417] Built DifferentialGeometry.Topology.Morse.RadialChartExtension (2.4s)
✔ [11436/26417] Built DifferentialGeometry.Topology.Covering.Truncation.Lift (2.2s)
✔ [11455/26417] Built DifferentialGeometry.Topology.Homotopy.AdjunctionNaturality (1.4s)
✔ [11458/26417] Built DifferentialGeometry.Geometry.Flow.RicciFlow.Surgery.StandardCap.ConformalAsymptotics (2.1s)
✔ [11461/26417] Built DifferentialGeometry.Geometry.Boundary.Manifold.CollaredQuotientAtlas (2.3s)
✔ [11484/26417] Built DifferentialGeometry.Geometry.Measure.Area.LowerSemicontinuity (2.2s)
✔ [11498/26417] Built DifferentialGeometry.Topology.Morse.BoundaryGraph (2.2s)
✔ [11500/26417] Built DifferentialGeometry.Topology.Manifold.OrderedCollarPatch (1.0s)
✔ [11502/26417] Built DifferentialGeometry.Topology.Embedding.GraphCollarCover (1.4s)
✔ [11503/26417] Built DifferentialGeometry.Topology.Manifold.LevelChartTransition (2.3s)
✔ [11504/26417] Built DifferentialGeometry.Topology.Manifold.FramedCornerSmoothing (2.3s)
✔ [11505/26417] Built DifferentialGeometry.Topology.Algebra.Group.FreeProduct.LargeFreeFactor (1.1s)
✔ [11506/26417] Built DifferentialGeometry.Topology.VectorField.CollarIndexReal (1.9s)
✔ [11507/26417] Built DifferentialGeometry.Topology.Algebra.Group.FreeProduct.FiniteFreeFactors (1.2s)
✔ [11508/26417] Built DifferentialGeometry.Topology.Manifold.BoundaryOrientationOutwardFrame (1.8s)
✔ [11509/26417] Built DifferentialGeometry.Topology.Manifold.Collar.InverseRescaling (2.5s)
✔ [11511/26417] Built DifferentialGeometry.Topology.Ehresmann.SmoothCompletionCharts (2.5s)
✔ [11519/26417] Built DifferentialGeometry.Topology.Homology.CoveringTransferNaturality (1.0s)
✔ [11521/26417] Built DifferentialGeometry.Geometry.Metric.OrthonormalFrame.Smooth (9.2s)
✔ [11527/26417] Built DifferentialGeometry.Geometry.LieGroup.Orthogonal.LieAlgebra (8.9s)
✔ [11537/26417] Built DifferentialGeometry.Topology.Homology.CoveringTransferExact (1.0s)
✔ [11538/26417] Built DifferentialGeometry.Topology.ProjectiveSpace.DiskAttachment (1.9s)
✔ [11542/26417] Built DifferentialGeometry.Analysis.Sobolev.Euclidean.Trace.DiskLimit (2.6s)
✔ [11547/26417] Built DifferentialGeometry.Bundle.Kernel.ConstantRank.VectorBundle (3.1s)
✔ [11548/26417] Built DifferentialGeometry.Analysis.Parabolic.QuasiLinear.GraphicalCurveShortening.Coefficients (2.9s)
⚠ [11550/26417] Built DifferentialGeometry.External.GrushkoNeumannTheorem.MarshallHall.GrushkoFold (2.1s)
warning: DifferentialGeometry/External/GrushkoNeumannTheorem/MarshallHall/GrushkoFold.lean:39:0: automatically included section variable(s) unused in theorem `MarshallHall.GeneralGrushko.binaryRuns_flatten`:
  [Group G]
  [Group H]
consider restructuring your `variable` declarations so that the variables are not in scope or explicitly omit them:
  omit [Group G] [Group H] in theorem ...

Note: This linter can be disabled with `set_option linter.unusedSectionVars false`
warning: DifferentialGeometry/External/GrushkoNeumannTheorem/MarshallHall/GrushkoFold.lean:43:0: automatically included section variable(s) unused in theorem `MarshallHall.GeneralGrushko.binaryRuns_ne_nil`:
  [Group G]
  [Group H]
consider restructuring your `variable` declarations so that the variables are not in scope or explicitly omit them:
  omit [Group G] [Group H] in theorem ...

Note: This linter can be disabled with `set_option linter.unusedSectionVars false`
warning: DifferentialGeometry/External/GrushkoNeumannTheorem/MarshallHall/GrushkoFold.lean:47:0: automatically included section variable(s) unused in theorem `MarshallHall.GeneralGrushko.binaryRuns_isChain`:
  [Group G]
  [Group H]
consider restructuring your `variable` declarations so that the variables are not in scope or explicitly omit them:
  omit [Group G] [Group H] in theorem ...

Note: This linter can be disabled with `set_option linter.unusedSectionVars false`
warning: DifferentialGeometry/External/GrushkoNeumannTheorem/MarshallHall/GrushkoFold.lean:55:0: automatically included section variable(s) unused in theorem `MarshallHall.GeneralGrushko.binaryRuns_boundary`:
  [Group G]
  [Group H]
consider restructuring your `variable` declarations so that the variables are not in scope or explicitly omit them:
  omit [Group G] [Group H] in theorem ...

Note: This linter can be disabled with `set_option linter.unusedSectionVars false`
warning: DifferentialGeometry/External/GrushkoNeumannTheorem/MarshallHall/GrushkoFold.lean:68:0: automatically included section variable(s) unused in theorem `MarshallHall.GeneralGrushko.binaryRun_allSame`:
  [Group G]
  [Group H]
consider restructuring your `variable` declarations so that the variables are not in scope or explicitly omit them:
  omit [Group G] [Group H] in theorem ...

Note: This linter can be disabled with `set_option linter.unusedSectionVars false`
warning: DifferentialGeometry/External/GrushkoNeumannTheorem/MarshallHall/GrushkoFold.lean:81:0: automatically included section variable(s) unused in theorem `MarshallHall.GeneralGrushko.exists_map_inl_of_idx_false`:
  [Group G]
  [Group H]
consider restructuring your `variable` declarations so that the variables are not in scope or explicitly omit them:
  omit [Group G] [Group H] in theorem ...

Note: This linter can be disabled with `set_option linter.unusedSectionVars false`
warning: DifferentialGeometry/External/GrushkoNeumannTheorem/MarshallHall/GrushkoFold.lean:99:0: automatically included section variable(s) unused in theorem `MarshallHall.GeneralGrushko.exists_map_inr_of_idx_true`:
  [Group G]
  [Group H]
consider restructuring your `variable` declarations so that the variables are not in scope or explicitly omit them:
  omit [Group G] [Group H] in theorem ...

Note: This linter can be disabled with `set_option linter.unusedSectionVars false`
warning: DifferentialGeometry/External/GrushkoNeumannTheorem/MarshallHall/GrushkoFold.lean:145:8: Variable name `h` is not explicitly referenced.

Hint: The binding can be removed (if unused) or named `_` (if used implicitly). Alternatively, prefix the name with `_` to silence this warning:
  [apply] _h

Note: This linter can be disabled with `set_option linter.unusedVariables false`
warning: DifferentialGeometry/External/GrushkoNeumannTheorem/MarshallHall/GrushkoFold.lean:157:5: Variable name `hc` is not explicitly referenced.

Hint: The binding can be removed (if unused) or named `_` (if used implicitly). Alternatively, prefix the name with `_` to silence this warning:
  [apply] _hc

Note: This linter can be disabled with `set_option linter.unusedVariables false`
warning: DifferentialGeometry/External/GrushkoNeumannTheorem/MarshallHall/GrushkoFold.lean:274:4: try 'simp' instead of 'simpa'

Note: This linter can be disabled with `set_option linter.unnecessarySimpa false`
✔ [11567/26417] Built DifferentialGeometry.Topology.Manifold.RegularExhaustion (1.0s)
✔ [11570/26417] Built DifferentialGeometry.Geometry.Metric.BundleMixed (3.4s)
✔ [11572/26417] Built DifferentialGeometry.Geometry.Metric.FamilyComparison (2.7s)
⚠ [11581/26417] Built DifferentialGeometry.External.GraphCoveringTheory.KuroshFreeCorollary (1.4s)
warning: DifferentialGeometry/External/GraphCoveringTheory/KuroshFreeCorollary.lean:175:8: Try this: 
  letI̵

The goal is a proposition, so `let` is preferred over `letI`.
The difference between `let` and `letI` is that `letI` inlines the value.
But this is not relevant for proofs because of proof irrelevance.

Note: This linter can be disabled with `set_option linter.style.haveILetI false`
✔ [11583/26417] Built DifferentialGeometry.Analysis.Integration.Measure.Parametric.Multiplicity (2.1s)
✔ [11584/26417] Built DifferentialGeometry.Geometry.Boundary.SurfaceMeasure (2.1s)
✔ [11585/26417] Built DifferentialGeometry.Tensor.Metric.HalfSpaceExtension (4.6s)
✔ [11587/26417] Built DifferentialGeometry.Analysis.Integration.Measure.ParamDensityCongruence (1.0s)
✔ [11591/26417] Built DifferentialGeometry.Analysis.Integration.Measure.ParamDensityJointSmoothness (2.5s)
✔ [11593/26417] Built DifferentialGeometry.Analysis.Integration.Measure.ParamDensitySmoothness (2.3s)
✔ [11596/26417] Built DifferentialGeometry.Analysis.Integration.Measure.NullImage (2.3s)
✔ [11603/26417] Built DifferentialGeometry.Geometry.Connection.PullbackScaling (2.1s)
✔ [11605/26417] Built DifferentialGeometry.Analysis.Integration.Measure.Chart.WeightedRestriction (2.7s)
✔ [11606/26417] Built DifferentialGeometry.Analysis.Schauder.Parabolic.Chart.HolderSpace (1.7s)
✔ [11615/26417] Built DifferentialGeometry.Analysis.Schauder.Parabolic.Composition (3.3s)
✔ [11617/26417] Built DifferentialGeometry.Topology.Morse.BoundaryPerturbation (3.3s)
✔ [11618/26417] Built DifferentialGeometry.Analysis.Schauder.Parabolic.Chart.Compactness (1.8s)
✔ [11620/26417] Built DifferentialGeometry.Analysis.Parabolic.Euclidean.HarmonicMapFlow.RoughMap (2.1s)
✔ [11627/26417] Built DifferentialGeometry.Analysis.Schauder.Cutoff.Bounds.Value (1.7s)
✔ [11628/26417] Built DifferentialGeometry.Analysis.Schauder.Cutoff.Elliptic.Laplacian (3.2s)
✔ [11631/26417] Built DifferentialGeometry.Analysis.Parabolic.AbstractSemigroup.Spectral.Duhamel (2.2s)
✔ [11635/26417] Built DifferentialGeometry.Analysis.Schauder.Cutoff.Bounds.SecondJet (3.8s)
✔ [11645/26417] Built DifferentialGeometry.Geometry.Boundary.InwardVector (2.1s)
✔ [11647/26417] Built DifferentialGeometry.External.DeGiorgi.Support.MeasureBounds (4.3s)
✔ [11654/26417] Built DifferentialGeometry.Analysis.Parabolic.QuasiLinear.TensorMaximalRegularity.Nemytskii.ShiftDependence (2.5s)
✔ [11655/26417] Built DifferentialGeometry.Geometry.Connection.Connector (3.1s)
✔ [11668/26417] Built DifferentialGeometry.Analysis.Parabolic.TimeSobolev.H1.Agmon (1.9s)
✔ [11674/26417] Built DifferentialGeometry.Topology.Manifold.LocalDiffeomorph.IntervalLiftAbsolutelyContinuous (1.5s)
✔ [11679/26417] Built DifferentialGeometry.Topology.Manifold.RegularLevel.Sublevel (2.2s)
✔ [11681/26417] Built DifferentialGeometry.Topology.Manifold.SmoothTwoSidedCollarHalf (1.8s)
✔ [11684/26417] Built DifferentialGeometry.Topology.Handle.Pair (1.7s)
✔ [11685/26417] Built DifferentialGeometry.Topology.Manifold.MorseHalfSpaceSmooth (1.6s)
✔ [11698/26417] Built DifferentialGeometry.Topology.Double.Reflection (1.5s)
✔ [11699/26417] Built DifferentialGeometry.Topology.Handle.SimplyConnected (1.9s)
✔ [11700/26417] Built DifferentialGeometry.Topology.Manifold.Collar.AttachmentSeam (1.9s)
✔ [11703/26417] Built DifferentialGeometry.Topology.Double.SideHomotopy (1.9s)
✔ [11709/26417] Built DifferentialGeometry.Topology.Connected.EndpointStripRange (1.0s)
✔ [11710/26417] Built DifferentialGeometry.Topology.Connected.EndpointCollarStrip (1.1s)
✔ [11717/26417] Built DifferentialGeometry.Topology.Double.EmptyBoundary (1.6s)
✔ [11721/26417] Built DifferentialGeometry.Topology.Double.Seam (1.7s)
✔ [11724/26417] Built DifferentialGeometry.External.DeGiorgi.Oscillation (3.5s)
✔ [11728/26417] Built DifferentialGeometry.Geometry.Metric.SelfAdjointConjugate (4.3s)
✔ [11729/26417] Built DifferentialGeometry.Bundle.SmoothSubbundle.SpacetimeKernel (4.1s)
✔ [11731/26417] Built DifferentialGeometry.Analysis.Parabolic.Euclidean.HeatKernel.EarlyTime.Global (4.6s)
✔ [11734/26417] Built DifferentialGeometry.Geometry.Connection.Coordinates.IteratedCovariantDerivativeContraction (1.6s)
✔ [11736/26417] Built DifferentialGeometry.Bundle.Orientation.CompatibleSection (1.6s)
✔ [11737/26417] Built DifferentialGeometry.Topology.Manifold.OrientationCover (2.2s)
✔ [11738/26417] Built DifferentialGeometry.Analysis.Parabolic.Euclidean.KochLamm.Early.Flux (3.5s)
✔ [11739/26417] Built DifferentialGeometry.Analysis.Parabolic.Euclidean.KochLamm.Flux.Near (1.7s)
✔ [11744/26417] Built DifferentialGeometry.Analysis.Parabolic.Euclidean.KochLamm.Flux.Scale (1.8s)
✔ [11745/26417] Built DifferentialGeometry.Topology.Covering.EmbeddedBoundaryLift (1.7s)
✔ [11747/26417] Built DifferentialGeometry.Topology.ThreeManifold.TorusCut.SeamExamples (1.5s)
✔ [11748/26417] Built DifferentialGeometry.Bundle.Associated.Smooth (5.3s)
✔ [11755/26417] Built DifferentialGeometry.Tensor.Mixed.DualMultilinearTransition (5.2s)
✔ [11757/26417] Built DifferentialGeometry.Analysis.Parabolic.Euclidean.KochLamm.Late.Scale (1.9s)
✔ [11767/26417] Built DifferentialGeometry.Analysis.Parabolic.Euclidean.KochLamm.Flux.Tail (2.1s)
✔ [11773/26417] Built DifferentialGeometry.Topology.Covering.Basepoint (1.6s)
✔ [11775/26417] Built DifferentialGeometry.Geometry.MinimalSurface.Plateau.TracePreservingSmoothing (1.6s)
✔ [11778/26417] Built DifferentialGeometry.Topology.Morse.TwoEndedChart (2.2s)
✔ [11790/26417] Built DifferentialGeometry.Topology.LocalDegree.RealCoordinateChange (2.0s)
✔ [11791/26417] Built DifferentialGeometry.Topology.VectorField.FiniteZeroCharts (1.7s)
✔ [11821/26417] Built DifferentialGeometry.Topology.LocalDegree.CoordinateChangeHomotopy (2.7s)
✔ [11824/26417] Built DifferentialGeometry.Topology.VectorField.Pushforward (1.6s)
✔ [11825/26417] Built DifferentialGeometry.Geometry.Boundary.Manifold.CollaredQuotientInteriorAtlas (1.8s)
✔ [11826/26417] Built DifferentialGeometry.Topology.Manifold.CommonLevelCoordinates (1.0s)
✔ [11827/26417] Built DifferentialGeometry.Topology.Manifold.CollaredCornerSmoothing (2.0s)
✔ [11828/26417] Built DifferentialGeometry.Topology.Manifold.ChartCornerSmoothing (2.0s)
✔ [11829/26417] Built DifferentialGeometry.Geometry.Boundary.Manifold.BinaryGluing (2.9s)
✔ [11838/26417] Built DifferentialGeometry.Topology.Algebra.Group.FreeProduct.FiniteProductPresentation (1.1s)
✔ [11839/26417] Built DifferentialGeometry.Topology.Algebra.Group.FreeProduct.FiniteCoprodSupport (1.0s)
✔ [11840/26417] Built DifferentialGeometry.Topology.Algebra.Group.FreeProduct.Commutative (993ms)
✔ [11847/26417] Built DifferentialGeometry.Topology.LoopSpace.FiniteRegular (1.8s)
✔ [11848/26417] Built DifferentialGeometry.Topology.LoopSpace.RegularMetric (1.8s)
✔ [11849/26417] Built DifferentialGeometry.Topology.LoopSpace.RegularHomotopy (1.9s)
✔ [11851/26417] Built DifferentialGeometry.Geometry.Boundary.OpenEmbeddingDiffeomorph (1.8s)
✔ [11853/26417] Built DifferentialGeometry.Topology.Ehresmann.CompletionFiber (2.2s)
✔ [11860/26417] Built DifferentialGeometry.Geometry.Boundary.SmoothParametrization (1.7s)
✔ [11865/26417] Built DifferentialGeometry.Topology.Homology.CoveringTransferSequence (1.6s)
✔ [11866/26417] Built DifferentialGeometry.Analysis.Parabolic.QuasiLinear.GraphicalCurveShortening.Lp (2.1s)
✔ [11867/26417] Built DifferentialGeometry.Geometry.Boundary.CollarCoordinates (2.6s)
✔ [11871/26417] Built DifferentialGeometry.Analysis.Parabolic.QuasiLinear.GraphicalCurveShortening.Reaction (1.8s)
✔ [11875/26417] Built DifferentialGeometry.Analysis.Parabolic.QuasiLinear.GraphicalCurveShortening.Uniqueness (1.8s)
✔ [11878/26417] Built DifferentialGeometry.Geometry.LieGroup.Representation.SelfAdjoint (9.9s)
⚠ [11880/26417] Built DifferentialGeometry.External.GrushkoNeumannTheorem.MarshallHall.GrushkoGraph (3.0s)
warning: DifferentialGeometry/External/GrushkoNeumannTheorem/MarshallHall/GrushkoGraph.lean:36:0: automatically included section variable(s) unused in theorem `MarshallHall.GeneralGrushko.path_length_cast`:
  [HasInvolutiveReverse V]
consider restructuring your `variable` declarations so that the variables are not in scope or explicitly omit them:
  omit [HasInvolutiveReverse V] in theorem ...

Note: This linter can be disabled with `set_option linter.unusedSectionVars false`
warning: DifferentialGeometry/External/GrushkoNeumannTheorem/MarshallHall/GrushkoGraph.lean:96:18: This simp argument is unused:
  pathLabels

Hint: Omit it from the simp argument list.
  [apply] simp [pathRead, factorWordProd, separatedMap]

Note: This linter can be disabled with `set_option linter.unusedSimpArgs false`
warning: DifferentialGeometry/External/GrushkoNeumannTheorem/MarshallHall/GrushkoGraph.lean:444:33: This simp argument is unused:
  Path.comp_assoc

Hint: Omit it from the simp argument list.
  [apply] simp [SymmRunChain.path]

Note: This linter can be disabled with `set_option linter.unusedSimpArgs false`
warning: DifferentialGeometry/External/GrushkoNeumannTheorem/MarshallHall/GrushkoGraph.lean:588:0: automatically included section variable(s) unused in theorem `MarshallHall.GeneralGrushko.BinaryLabelling.exists_first_edge_comp`:
  [HasInvolutiveReverse V]
consider restructuring your `variable` declarations so that the variables are not in scope or explicitly omit them:
  omit [HasInvolutiveReverse V] in theorem ...

Note: This linter can be disabled with `set_option linter.unusedSectionVars false`
warning: DifferentialGeometry/External/GrushkoNeumannTheorem/MarshallHall/GrushkoGraph.lean:853:4: Try this: 
  letI̵

The goal is a proposition, so `let` is preferred over `letI`.
The difference between `let` and `letI` is that `letI` inlines the value.
But this is not relevant for proofs because of proof irrelevance.

Note: This linter can be disabled with `set_option linter.style.haveILetI false`
✔ [11883/26417] Built DifferentialGeometry.Geometry.Metric.CoveringPullback (1.8s)
✔ [11885/26417] Built DifferentialGeometry.Geometry.Metric.Sphere.Polar.PartialDiffeomorphism (3.1s)
✔ [11897/26417] Built DifferentialGeometry.Topology.Manifold.SignedGraphCollar (1.9s)
✔ [11898/26417] Built DifferentialGeometry.Topology.Manifold.LocalDiffeomorphAtlas (1.6s)
✔ [11899/26417] Built DifferentialGeometry.Topology.Manifold.FiniteGraphBarrierLevel (1.9s)
✔ [11908/26417] Built DifferentialGeometry.Topology.Manifold.OpenEmbeddingChart (1.6s)
⚠ [11917/26417] Built DifferentialGeometry.External.GraphCoveringTheory.KuroshCover (1.9s)
warning: DifferentialGeometry/External/GraphCoveringTheory/KuroshCover.lean:146:8: Unused tactic linter: `change
  (treeKuroshProductToH G H p).1 • rawTreeRepresentative G H a =
    (treeKuroshProductToH G H q).1 • rawTreeRepresentative G H a` does nothing

Note: This linter can be disabled with `set_option linter.unusedTactic false`
warning: DifferentialGeometry/External/GraphCoveringTheory/KuroshCover.lean:513:2: Try this: 
  letI̵

The goal is a proposition, so `let` is preferred over `letI`.
The difference between `let` and `letI` is that `letI` inlines the value.
But this is not relevant for proofs because of proof irrelevance.

Note: This linter can be disabled with `set_option linter.style.haveILetI false`
warning: DifferentialGeometry/External/GraphCoveringTheory/KuroshCover.lean:519:2: Try this: 
  letI̵

The goal is a proposition, so `let` is preferred over `letI`.
The difference between `let` and `letI` is that `letI` inlines the value.
But this is not relevant for proofs because of proof irrelevance.

Note: This linter can be disabled with `set_option linter.style.haveILetI false`
warning: DifferentialGeometry/External/GraphCoveringTheory/KuroshCover.lean:559:19: This simp argument is unused:
  Sum.rec

Hint: Omit it from the simp argument list.
  [apply] simp only

Note: This linter can be disabled with `set_option linter.unusedSimpArgs false`
warning: DifferentialGeometry/External/GraphCoveringTheory/KuroshCover.lean:573:34: This simp argument is unused:
  Category.comp_id

Hint: Omit it from the simp argument list.
  [apply] simp only [Groupoid.inv_eq_inv, Category.assoc, IsIso.inv_hom_id_assoc, Category.id_comp]

Note: This linter can be disabled with `set_option linter.unusedSimpArgs false`
warning: DifferentialGeometry/External/GraphCoveringTheory/KuroshCover.lean:573:52: This simp argument is unused:
  Category.id_comp

Hint: Omit it from the simp argument list.
  [apply] simp only [Groupoid.inv_eq_inv, Category.assoc, IsIso.inv_hom_id_assoc, Category.comp_id]

Note: This linter can be disabled with `set_option linter.unusedSimpArgs false`
warning: DifferentialGeometry/External/GraphCoveringTheory/KuroshCover.lean:598:50: This simp argument is unused:
  Groupoid.inv_comp

Hint: Omit it from the simp argument list.
  [apply] simp only [Groupoid.inv_eq_inv, IsIso.inv_comp, IsIso.inv_inv, IsIso.inv_hom_id_assoc, Category.assoc,
    Category.comp_id, Category.id_comp]

Note: This linter can be disabled with `set_option linter.unusedSimpArgs false`
warning: DifferentialGeometry/External/GraphCoveringTheory/KuroshCover.lean:599:10: This simp argument is unused:
  Category.comp_id

Hint: Omit it from the simp argument list.
  [apply] simp only [Groupoid.inv_eq_inv, IsIso.inv_comp, IsIso.inv_inv, IsIso.inv_hom_id_assoc, Category.assoc,
    Groupoid.inv_comp, Category.id_comp]

Note: This linter can be disabled with `set_option linter.unusedSimpArgs false`
warning: DifferentialGeometry/External/GraphCoveringTheory/KuroshCover.lean:599:28: This simp argument is unused:
  Category.id_comp

Hint: Omit it from the simp argument list.
  [apply] simp only [Groupoid.inv_eq_inv, IsIso.inv_comp, IsIso.inv_inv, IsIso.inv_hom_id_assoc, Category.assoc,
    Groupoid.inv_comp, Category.comp_id]

Note: This linter can be disabled with `set_option linter.unusedSimpArgs false`
warning: DifferentialGeometry/External/GraphCoveringTheory/KuroshCover.lean:547:4: `simp [coverPathValue, coverPathFreeLoop, coverFreeGroupoidPathHom,
      coverQuotientTreePathHom_root]` is a flexible tactic modifying `⊢`. Try `simp?` and use the suggested `simp only [...]`. Alternatively, use `suffices` to explicitly state the simplified form.

Note: This linter can be disabled with `set_option linter.flexible false`
info: DifferentialGeometry/External/GraphCoveringTheory/KuroshCover.lean:549:4: `exact (treeKuroshFreeInclusion G H).map_one`
modifies the current goal, which was modified by the flexible tactic `simp` on line 547!
✔ [11919/26417] Built DifferentialGeometry.Analysis.Integration.Measure.AddCircle (2.2s)
✔ [11922/26417] Built DifferentialGeometry.Analysis.Schauder.Elliptic.ConstantCoefficient.Operator (3.1s)
✔ [11926/26417] Built DifferentialGeometry.Geometry.Metric.HalfSpaceExtension (3.6s)
✔ [11934/26417] Built DifferentialGeometry.Analysis.Parabolic.Euclidean.HarmonicMapFlow.FixedPoint.Rough (2.5s)
✔ [11937/26417] Built DifferentialGeometry.Topology.Morse.BoundaryModification (2.8s)
✔ [11941/26417] Built DifferentialGeometry.Analysis.Parabolic.TimeSobolev.H1.Regularity.Holder (1.8s)
✔ [11942/26417] Built DifferentialGeometry.Analysis.Schauder.Cutoff.Elliptic.Existence (3.5s)
✔ [11946/26417] Built DifferentialGeometry.Analysis.Sobolev.Euclidean.WeakDerivative.LinearOperator (4.3s)
✔ [11947/26417] Built DifferentialGeometry.Analysis.Parabolic.TimeSobolev.H1.Approximation.TentDensity (3.5s)
✔ [11958/26417] Built DifferentialGeometry.Analysis.Parabolic.TimeSobolev.LpMultiplication (2.3s)
✔ [11959/26417] Built DifferentialGeometry.Analysis.Parabolic.TimeSobolev.H1.Lifting (1.6s)
✔ [11962/26417] Built DifferentialGeometry.Topology.Manifold.EmbeddedHypersurface.Tangent (1.0s)
✔ [11963/26417] Built DifferentialGeometry.Geometry.Connection.MetricCompatibility.Connector (3.0s)
✔ [11970/26417] Built DifferentialGeometry.Topology.Manifold.RegularLevel.InteriorSublevel (2.2s)
✔ [11971/26417] Built DifferentialGeometry.Topology.Manifold.Collar.Attachment (2.1s)
✔ [11980/26417] Built DifferentialGeometry.Topology.Morse.MinimumSublevel (2.1s)
✔ [11985/26417] Built DifferentialGeometry.Topology.Handle.SimplyConnectedInterface (1.8s)
✔ [11988/26417] Built DifferentialGeometry.Topology.Double.InteriorPatches (1.8s)
✔ [11990/26417] Built DifferentialGeometry.Topology.Manifold.Collar.SeamDiffeomorph (2.7s)
✔ [11991/26417] Built DifferentialGeometry.Topology.ProperMap.HalfCylinderComponent (1.4s)
✔ [11993/26417] Built DifferentialGeometry.Topology.Embedding.ProductChartEndpoint (1.4s)
✔ [11994/26417] Built DifferentialGeometry.Topology.OpenPartialHomeomorph.OutwardGraphBand (1.0s)
✔ [11998/26417] Built DifferentialGeometry.Topology.Homology.DoubleEulerZeroDimensional (1.7s)
✔ [12000/26417] Built DifferentialGeometry.Topology.Double.ZeroDimensionalManifold (1.7s)
✔ [12003/26417] Built DifferentialGeometry.Geometry.Metric.Subbundle (2.1s)
✔ [12018/26417] Built DifferentialGeometry.Topology.Double.SeamNeighborhood (1.6s)
✔ [12020/26417] Built DifferentialGeometry.Geometry.Metric.SmoothSubbundle (3.4s)
✔ [12021/26417] Built DifferentialGeometry.Geometry.Metric.ExteriorSubmodule (2.5s)
✔ [12023/26417] Built DifferentialGeometry.Topology.Manifold.OrientationCoverDeck (1.7s)
✔ [12024/26417] Built DifferentialGeometry.Geometry.Flow.RicciFlow.Surgery.Geometrization.Checks.MetricAndSeamExamples (1.5s)
✔ [12025/26417] Built DifferentialGeometry.Topology.Covering.UniversalDeckGroup (1.6s)
✔ [12026/26417] Built DifferentialGeometry.Analysis.Parabolic.Euclidean.KochLamm.Early.Basic (3.8s)
✔ [12032/26417] Built DifferentialGeometry.Analysis.Parabolic.Euclidean.KochLamm.Late.Bounds (1.8s)
✔ [12033/26417] Built DifferentialGeometry.Geometry.Metric.Associated (4.0s)
✔ [12048/26417] Built DifferentialGeometry.Analysis.Parabolic.Euclidean.KochLamm.Tail.Scale (1.8s)
✔ [12058/26417] Built DifferentialGeometry.Geometry.Connection.Associated (7.0s)
✔ [12060/26417] Built DifferentialGeometry.Analysis.Parabolic.Euclidean.KochLamm.Flux.TailScale (1.7s)
✔ [12076/26417] Built DifferentialGeometry.Topology.VectorField.RealIndex (1.9s)
✔ [12078/26417] Built DifferentialGeometry.Topology.VectorField.OpenPatch (1.7s)
✔ [12087/26417] Built DifferentialGeometry.Topology.VectorField.ContinuousIsolatedZero (1.6s)
✔ [12091/26417] Built DifferentialGeometry.Topology.Homology.Relative.MapZero (1.6s)
✔ [12094/26417] Built DifferentialGeometry.Topology.Homology.Relative.Coproduct (2.1s)
✔ [12095/26417] Built DifferentialGeometry.Topology.SimplicialComplex.GeometricFaceAttachment (1.6s)
✔ [12096/26417] Built DifferentialGeometry.Topology.Homology.ChainFacePairing (2.6s)
✔ [12097/26417] Built DifferentialGeometry.Topology.VectorField.ParameterFamily (1.0s)
✔ [12099/26417] Built DifferentialGeometry.Topology.VectorField.PullbackComposition (1.6s)
✔ [12110/26417] Built DifferentialGeometry.Geometry.Boundary.Manifold.CollaredQuotientInteriorSmooth (1.9s)
✔ [12111/26417] Built DifferentialGeometry.Topology.PiecewiseLinear.PiecewiseAffineCover (1.9s)
✔ [12119/26417] Built DifferentialGeometry.Topology.LoopSpace.FiniteRegularOne (1.8s)
✔ [12121/26417] Built DifferentialGeometry.Topology.LoopSpace.RegularTangent (1.9s)
✔ [12126/26417] Built DifferentialGeometry.Topology.LoopSpace.RegularMaps (1.8s)
✔ [12127/26417] Built DifferentialGeometry.Topology.LoopSpace.RegularNearby (1.9s)
✔ [12129/26417] Built DifferentialGeometry.Geometry.Boundary.LiftedChart (1.7s)
✔ [12134/26417] Built DifferentialGeometry.Analysis.Parabolic.QuasiLinear.GraphicalCurveShortening.Tame (1.6s)
✔ [12143/26417] Built DifferentialGeometry.Tensor.Mixed.SectionTensorEquiv (15s)
✔ [12144/26417] Built DifferentialGeometry.Geometry.Boundary.UniformCollar (1.0s)
✔ [12153/26417] Built DifferentialGeometry.Analysis.Integration.Measure.PullbackGradient (2.0s)
⚠ [12158/26417] Built DifferentialGeometry.External.GrushkoNeumannTheorem.MarshallHall.GrushkoFoldStep (3.2s)
warning: DifferentialGeometry/External/GrushkoNeumannTheorem/MarshallHall/GrushkoFoldStep.lean:141:48: This simp argument is unused:
  hz₀

Hint: Omit it from the simp argument list.
  [apply] simp [f, hz₁]

Note: This linter can be disabled with `set_option linter.unusedSimpArgs false`
warning: DifferentialGeometry/External/GrushkoNeumannTheorem/MarshallHall/GrushkoFoldStep.lean:141:53: This simp argument is unused:
  hz₁

Hint: Omit it from the simp argument list.
  [apply] simp [f, hz₀]

Note: This linter can be disabled with `set_option linter.unusedSimpArgs false`
warning: DifferentialGeometry/External/GrushkoNeumannTheorem/MarshallHall/GrushkoFoldStep.lean:168:8: Variable name `b` is not explicitly referenced.

Hint: The binding can be removed (if unused) or named `_` (if used implicitly). Alternatively, prefix the name with `_` to silence this warning:
  [apply] _b

Note: This linter can be disabled with `set_option linter.unusedVariables false`
warning: DifferentialGeometry/External/GrushkoNeumannTheorem/MarshallHall/GrushkoFoldStep.lean:168:11: Variable name `e` is not explicitly referenced.

Hint: The binding can be removed (if unused) or named `_` (if used implicitly). Alternatively, prefix the name with `_` to silence this warning:
  [apply] _e

Note: This linter can be disabled with `set_option linter.unusedVariables false`
warning: DifferentialGeometry/External/GrushkoNeumannTheorem/MarshallHall/GrushkoFoldStep.lean:171:5: Variable name `a` is not explicitly referenced.

Hint: The binding can be removed (if unused) or named `_` (if used implicitly). Alternatively, prefix the name with `_` to silence this warning:
  [apply] _a

Note: This linter can be disabled with `set_option linter.unusedVariables false`
warning: DifferentialGeometry/External/GrushkoNeumannTheorem/MarshallHall/GrushkoFoldStep.lean:171:11: Variable name `e` is not explicitly referenced.

Hint: The binding can be removed (if unused) or named `_` (if used implicitly). Alternatively, prefix the name with `_` to silence this warning:
  [apply] _e

Note: This linter can be disabled with `set_option linter.unusedVariables false`
warning: DifferentialGeometry/External/GrushkoNeumannTheorem/MarshallHall/GrushkoFoldStep.lean:177:8: automatically included section variable(s) unused in theorem `MarshallHall.GeneralGrushko.allArrowSource_of`:
  [Fintype V]
  hV
  [(a b : V) → Fintype (a ⟶ b)]
consider restructuring your `variable` declarations so that the variables are not in scope or explicitly omit them:
  omit [Fintype V] hV [(a b : V) → Fintype (a ⟶ b)] in theorem ...

Note: This linter can be disabled with `set_option linter.unusedSectionVars false`
warning: DifferentialGeometry/External/GrushkoNeumannTheorem/MarshallHall/GrushkoFoldStep.lean:177:0: `allArrowSource_of` does not use the following hypotheses in its type:
  • [Fintype V] (#2)
  • [(a b : V) → Fintype (a ⟶ b)] (#5)

Consider replacing these hypotheses with the corresponding instances of `Finite` and using `Fintype.ofFinite` in the proof, or removing them entirely.

Note: This linter can be disabled with `set_option linter.unusedFintypeInType false`
warning: DifferentialGeometry/External/GrushkoNeumannTheorem/MarshallHall/GrushkoFoldStep.lean:181:8: automatically included section variable(s) unused in theorem `MarshallHall.GeneralGrushko.allArrowTarget_of`:
  [Fintype V]
  hV
  [(a b : V) → Fintype (a ⟶ b)]
consider restructuring your `variable` declarations so that the variables are not in scope or explicitly omit them:
  omit [Fintype V] hV [(a b : V) → Fintype (a ⟶ b)] in theorem ...

Note: This linter can be disabled with `set_option linter.unusedSectionVars false`
warning: DifferentialGeometry/External/GrushkoNeumannTheorem/MarshallHall/GrushkoFoldStep.lean:181:0: `allArrowTarget_of` does not use the following hypotheses in its type:
  • [Fintype V] (#2)
  • [(a b : V) → Fintype (a ⟶ b)] (#5)

Consider replacing these hypotheses with the corresponding instances of `Finite` and using `Fintype.ofFinite` in the proof, or removing them entirely.

Note: This linter can be disabled with `set_option linter.unusedFintypeInType false`
warning: DifferentialGeometry/External/GrushkoNeumannTheorem/MarshallHall/GrushkoFoldStep.lean:185:8: automatically included section variable(s) unused in theorem `MarshallHall.GeneralGrushko.allArrowHom_of`:
  [Fintype V]
  hV
  [(a b : V) → Fintype (a ⟶ b)]
consider restructuring your `variable` declarations so that the variables are not in scope or explicitly omit them:
  omit [Fintype V] hV [(a b : V) → Fintype (a ⟶ b)] in theorem ...

Note: This linter can be disabled with `set_option linter.unusedSectionVars false`
warning: DifferentialGeometry/External/GrushkoNeumannTheorem/MarshallHall/GrushkoFoldStep.lean:185:0: `allArrowHom_of` does not use the following hypotheses in its type:
  • [Fintype V] (#2)
  • [(a b : V) → Fintype (a ⟶ b)] (#5)

Consider replacing these hypotheses with the corresponding instances of `Finite` and using `Fintype.ofFinite` in the proof, or removing them entirely.

Note: This linter can be disabled with `set_option linter.unusedFintypeInType false`
warning: DifferentialGeometry/External/GrushkoNeumannTheorem/MarshallHall/GrushkoFoldStep.lean:192:8: automatically included section variable(s) unused in theorem `MarshallHall.GeneralGrushko.allArrowOf_reverse`:
  [Fintype V]
  [(a b : V) → Fintype (a ⟶ b)]
consider restructuring your `variable` declarations so that the variables are not in scope or explicitly omit them:
  omit [Fintype V] [(a b : V) → Fintype (a ⟶ b)] in theorem ...

Note: This linter can be disabled with `set_option linter.unusedSectionVars false`
warning: DifferentialGeometry/External/GrushkoNeumannTheorem/MarshallHall/GrushkoFoldStep.lean:192:0: `allArrowOf_reverse` does not use the following hypotheses in its type:
  • [Fintype V] (#2)
  • [(a b : V) → Fintype (a ⟶ b)] (#5)

Consider replacing these hypotheses with the corresponding instances of `Finite` and using `Fintype.ofFinite` in the proof, or removing them entirely.

Note: This linter can be disabled with `set_option linter.unusedFintypeInType false`
warning: DifferentialGeometry/External/GrushkoNeumannTheorem/MarshallHall/GrushkoFoldStep.lean:196:8: automatically included section variable(s) unused in theorem `MarshallHall.GeneralGrushko.allArrowSource_reverse`:
  [Fintype V]
  [(a b : V) → Fintype (a ⟶ b)]
consider restructuring your `variable` declarations so that the variables are not in scope or explicitly omit them:
  omit [Fintype V] [(a b : V) → Fintype (a ⟶ b)] in theorem ...

Note: This linter can be disabled with `set_option linter.unusedSectionVars false`
warning: DifferentialGeometry/External/GrushkoNeumannTheorem/MarshallHall/GrushkoFoldStep.lean:196:0: `allArrowSource_reverse` does not use the following hypotheses in its type:
  • [Fintype V] (#2)
  • [(a b : V) → Fintype (a ⟶ b)] (#5)

Consider replacing these hypotheses with the corresponding instances of `Finite` and using `Fintype.ofFinite` in the proof, or removing them entirely.

Note: This linter can be disabled with `set_option linter.unusedFintypeInType false`
warning: DifferentialGeometry/External/GrushkoNeumannTheorem/MarshallHall/GrushkoFoldStep.lean:201:8: automatically included section variable(s) unused in theorem `MarshallHall.GeneralGrushko.allArrowTarget_reverse`:
  [Fintype V]
  [(a b : V) → Fintype (a ⟶ b)]
consider restructuring your `variable` declarations so that the variables are not in scope or explicitly omit them:
  omit [Fintype V] [(a b : V) → Fintype (a ⟶ b)] in theorem ...

Note: This linter can be disabled with `set_option linter.unusedSectionVars false`
warning: DifferentialGeometry/External/GrushkoNeumannTheorem/MarshallHall/GrushkoFoldStep.lean:201:0: `allArrowTarget_reverse` does not use the following hypotheses in its type:
  • [Fintype V] (#2)
  • [(a b : V) → Fintype (a ⟶ b)] (#5)

Consider replacing these hypotheses with the corresponding instances of `Finite` and using `Fintype.ofFinite` in the proof, or removing them entirely.

Note: This linter can be disabled with `set_option linter.unusedFintypeInType false`
warning: DifferentialGeometry/External/GrushkoNeumannTheorem/MarshallHall/GrushkoFoldStep.lean:206:8: automatically included section variable(s) unused in theorem `MarshallHall.GeneralGrushko.allArrowReverse_reverse`:
  [Fintype V]
  [(a b : V) → Fintype (a ⟶ b)]
consider restructuring your `variable` declarations so that the variables are not in scope or explicitly omit them:
  omit [Fintype V] [(a b : V) → Fintype (a ⟶ b)] in theorem ...

Note: This linter can be disabled with `set_option linter.unusedSectionVars false`
warning: DifferentialGeometry/External/GrushkoNeumannTheorem/MarshallHall/GrushkoFoldStep.lean:206:0: `allArrowReverse_reverse` does not use the following hypotheses in its type:
  • [Fintype V] (#2)
  • [(a b : V) → Fintype (a ⟶ b)] (#5)

Consider replacing these hypotheses with the corresponding instances of `Finite` and using `Fintype.ofFinite` in the proof, or removing them entirely.

Note: This linter can be disabled with `set_option linter.unusedFintypeInType false`
warning: DifferentialGeometry/External/GrushkoNeumannTheorem/MarshallHall/GrushkoFoldStep.lean:211:0: `allArrowReverse_injective` does not use the following hypotheses in its type:
  • [Fintype V] (#2)
  • [(a b : V) → Fintype (a ⟶ b)] (#5)

Consider replacing these hypotheses with the corresponding instances of `Finite` and using `Fintype.ofFinite` in the proof, or removing them entirely.

Note: This linter can be disabled with `set_option linter.unusedFintypeInType false`
warning: DifferentialGeometry/External/GrushkoNeumannTheorem/MarshallHall/GrushkoFoldStep.lean:227:0: automatically included section variable(s) unused in theorem `MarshallHall.GeneralGrushko.foldCode_rel`:
  [Fintype V]
  hV
  [(a b : V) → Fintype (a ⟶ b)]
consider restructuring your `variable` declarations so that the variables are not in scope or explicitly omit them:
  omit [Fintype V] hV [(a b : V) → Fintype (a ⟶ b)] in theorem ...

Note: This linter can be disabled with `set_option linter.unusedSectionVars false`
warning: DifferentialGeometry/External/GrushkoNeumannTheorem/MarshallHall/GrushkoFoldStep.lean:227:0: `foldCode_rel` does not use the following hypotheses in its type:
  • [Fintype V] (#2)
  • [(a b : V) → Fintype (a ⟶ b)] (#5)

Consider replacing these hypotheses with the corresponding instances of `Finite` and using `Fintype.ofFinite` in the proof, or removing them entirely.

Note: This linter can be disabled with `set_option linter.unusedFintypeInType false`
warning: DifferentialGeometry/External/GrushkoNeumannTheorem/MarshallHall/GrushkoFoldStep.lean:231:0: automatically included section variable(s) unused in theorem `MarshallHall.GeneralGrushko.foldCode_eq_none_iff`:
  [Fintype V]
  hV
  [(a b : V) → Fintype (a ⟶ b)]
consider restructuring your `variable` declarations so that the variables are not in scope or explicitly omit them:
  omit [Fintype V] hV [(a b : V) → Fintype (a ⟶ b)] in theorem ...

Note: This linter can be disabled with `set_option linter.unusedSectionVars false`
warning: DifferentialGeometry/External/GrushkoNeumannTheorem/MarshallHall/GrushkoFoldStep.lean:231:0: `foldCode_eq_none_iff` does not use the following hypotheses in its type:
  • [Fintype V] (#2)
  • [(a b : V) → Fintype (a ⟶ b)] (#5)

Consider replacing these hypotheses with the corresponding instances of `Finite` and using `Fintype.ofFinite` in the proof, or removing them entirely.

Note: This linter can be disabled with `set_option linter.unusedFintypeInType false`
warning: DifferentialGeometry/External/GrushkoNeumannTheorem/MarshallHall/GrushkoFoldStep.lean:236:0: automatically included section variable(s) unused in theorem `MarshallHall.GeneralGrushko.foldCode_eq_some_iff`:
  [Fintype V]
  hV
  [(a b : V) → Fintype (a ⟶ b)]
consider restructuring your `variable` declarations so that the variables are not in scope or explicitly omit them:
  omit [Fintype V] hV [(a b : V) → Fintype (a ⟶ b)] in theorem ...

Note: This linter can be disabled with `set_option linter.unusedSectionVars false`
warning: DifferentialGeometry/External/GrushkoNeumannTheorem/MarshallHall/GrushkoFoldStep.lean:236:0: `foldCode_eq_some_iff` does not use the following hypotheses in its type:
  • [Fintype V] (#2)
  • [(a b : V) → Fintype (a ⟶ b)] (#5)

Consider replacing these hypotheses with the corresponding instances of `Finite` and using `Fintype.ofFinite` in the proof, or removing them entirely.

Note: This linter can be disabled with `set_option linter.unusedFintypeInType false`
warning: DifferentialGeometry/External/GrushkoNeumannTheorem/MarshallHall/GrushkoFoldStep.lean:324:0: `foldQuotient_card_add_one_eq` does not use the following hypothesis in its type:
  • [(a b : V) → Fintype (a ⟶ b)] (#5)

Consider replacing this hypothesis with the corresponding instance of `Finite` and using `Fintype.ofFinite` in the proof, or removing it entirely.

Note: This linter can be disabled with `set_option linter.unusedFintypeInType false`
warning: DifferentialGeometry/External/GrushkoNeumannTheorem/MarshallHall/GrushkoFoldStep.lean:331:17: Variable name `a` is not explicitly referenced.

Hint: The binding can be removed (if unused) or named `_` (if used implicitly). Alternatively, prefix the name with `_` to silence this warning:
  [apply] _a

Note: This linter can be disabled with `set_option linter.unusedVariables false`
warning: DifferentialGeometry/External/GrushkoNeumannTheorem/MarshallHall/GrushkoFoldStep.lean:331:19: Variable name `b` is not explicitly referenced.

Hint: The binding can be removed (if unused) or named `_` (if used implicitly). Alternatively, prefix the name with `_` to silence this warning:
  [apply] _b

Note: This linter can be disabled with `set_option linter.unusedVariables false`
warning: DifferentialGeometry/External/GrushkoNeumannTheorem/MarshallHall/GrushkoFoldStep.lean:350:0: Definition `MarshallHall.GeneralGrushko.foldQuiverHomFintype` of class type is semireducible. Most type class instances should be instance-reducible, so consider marking this
definition with `@[instance_reducible]`. If it is intentionally semireducible, this warning can be disabled with `set_option warn.classDefReducibility false`.
warning: DifferentialGeometry/External/GrushkoNeumannTheorem/MarshallHall/GrushkoFoldStep.lean:373:0: automatically included section variable(s) unused in theorem `MarshallHall.GeneralGrushko.foldAllArrowToAllArrow_injective`:
  [Fintype V]
  [(a b : V) → Fintype (a ⟶ b)]
consider restructuring your `variable` declarations so that the variables are not in scope or explicitly omit them:
  omit [Fintype V] [(a b : V) → Fintype (a ⟶ b)] in theorem ...

Note: This linter can be disabled with `set_option linter.unusedSectionVars false`
warning: DifferentialGeometry/External/GrushkoNeumannTheorem/MarshallHall/GrushkoFoldStep.lean:373:0: `foldAllArrowToAllArrow_injective` does not use the following hypotheses in its type:
  • [Fintype V] (#2)
  • [(a b : V) → Fintype (a ⟶ b)] (#5)

Consider replacing these hypotheses with the corresponding instances of `Finite` and using `Fintype.ofFinite` in the proof, or removing them entirely.

Note: This linter can be disabled with `set_option linter.unusedFintypeInType false`
warning: DifferentialGeometry/External/GrushkoNeumannTheorem/MarshallHall/GrushkoFoldStep.lean:412:0: `foldAllArrowToDeletedEdge_injective` does not use the following hypotheses in its type:
  • [Fintype V] (#2)
  • [(a b : V) → Fintype (a ⟶ b)] (#5)

Consider replacing these hypotheses with the corresponding instances of `Finite` and using `Fintype.ofFinite` in the proof, or removing them entirely.

Note: This linter can be disabled with `set_option linter.unusedFintypeInType false`
warning: DifferentialGeometry/External/GrushkoNeumannTheorem/MarshallHall/GrushkoFoldStep.lean:422:2: Try this: 
  letI̵

The goal is a proposition, so `let` is preferred over `letI`.
The difference between `let` and `letI` is that `letI` inlines the value.
But this is not relevant for proofs because of proof irrelevance.

Note: This linter can be disabled with `set_option linter.style.haveILetI false`
warning: DifferentialGeometry/External/GrushkoNeumannTheorem/MarshallHall/GrushkoFoldStep.lean:465:0: Definition `MarshallHall.GeneralGrushko.foldHasReverse` of class type is semireducible. Most type class instances should be instance-reducible, so consider marking this
definition with `@[instance_reducible]`. If it is intentionally semireducible, this warning can be disabled with `set_option warn.classDefReducibility false`.
warning: DifferentialGeometry/External/GrushkoNeumannTheorem/MarshallHall/GrushkoFoldStep.lean:490:2: Try this: 
  letI̵

The goal is a proposition, so `let` is preferred over `letI`.
The difference between `let` and `letI` is that `letI` inlines the value.
But this is not relevant for proofs because of proof irrelevance.

Note: This linter can be disabled with `set_option linter.style.haveILetI false`
warning: DifferentialGeometry/External/GrushkoNeumannTheorem/MarshallHall/GrushkoFoldStep.lean:491:2: Try this: 
  letI̵

The goal is a proposition, so `let` is preferred over `letI`.
The difference between `let` and `letI` is that `letI` inlines the value.
But this is not relevant for proofs because of proof irrelevance.

Note: This linter can be disabled with `set_option linter.style.haveILetI false`
warning: DifferentialGeometry/External/GrushkoNeumannTheorem/MarshallHall/GrushkoFoldStep.lean:492:2: Try this: 
  letI̵

The goal is a proposition, so `let` is preferred over `letI`.
The difference between `let` and `letI` is that `letI` inlines the value.
But this is not relevant for proofs because of proof irrelevance.

Note: This linter can be disabled with `set_option linter.style.haveILetI false`
warning: DifferentialGeometry/External/GrushkoNeumannTheorem/MarshallHall/GrushkoFoldStep.lean:493:2: Try this: 
  letI̵

The goal is a proposition, so `let` is preferred over `letI`.
The difference between `let` and `letI` is that `letI` inlines the value.
But this is not relevant for proofs because of proof irrelevance.

Note: This linter can be disabled with `set_option linter.style.haveILetI false`
warning: DifferentialGeometry/External/GrushkoNeumannTheorem/MarshallHall/GrushkoFoldStep.lean:506:0: automatically included section variable(s) unused in theorem `MarshallHall.GeneralGrushko.pathRead_mem_closure_allArrowLabels`:
  [Fintype V]
  [(a b : V) → Fintype (a ⟶ b)]
consider restructuring your `variable` declarations so that the variables are not in scope or explicitly omit them:
  omit [Fintype V] [(a b : V) → Fintype (a ⟶ b)] in theorem ...

Note: This linter can be disabled with `set_option linter.unusedSectionVars false`
warning: DifferentialGeometry/External/GrushkoNeumannTheorem/MarshallHall/GrushkoFoldStep.lean:506:0: `pathRead_mem_closure_allArrowLabels` does not use the following hypotheses in its type:
  • [Fintype V] (#2)
  • [(a b : V) → Fintype (a ⟶ b)] (#9)

Consider replacing these hypotheses with the corresponding instances of `Finite` and using `Fintype.ofFinite` in the proof, or removing them entirely.

Note: This linter can be disabled with `set_option linter.unusedFintypeInType false`
warning: DifferentialGeometry/External/GrushkoNeumannTheorem/MarshallHall/GrushkoFoldStep.lean:522:0: `allArrowLabels_closure_eq_top_of_markedGraph` does not use the following hypotheses in its type:
  • [Fintype V] (#2)
  • [(a b : V) → Fintype (a ⟶ b)] (#9)

Consider replacing these hypotheses with the corresponding instances of `Finite` and using `Fintype.ofFinite` in the proof, or removing them entirely.

Note: This linter can be disabled with `set_option linter.unusedFintypeInType false`
warning: DifferentialGeometry/External/GrushkoNeumannTheorem/MarshallHall/GrushkoFoldStep.lean:616:0: automatically included section variable(s) unused in theorem `MarshallHall.GeneralGrushko.foldPathAvoid_comp`:
  [Fintype V]
  [(a b : V) → Fintype (a ⟶ b)]
consider restructuring your `variable` declarations so that the variables are not in scope or explicitly omit them:
  omit [Fintype V] [(a b : V) → Fintype (a ⟶ b)] in theorem ...

Note: This linter can be disabled with `set_option linter.unusedSectionVars false`
warning: DifferentialGeometry/External/GrushkoNeumannTheorem/MarshallHall/GrushkoFoldStep.lean:616:0: `foldPathAvoid_comp` does not use the following hypotheses in its type:
  • [Fintype V] (#2)
  • [(a b : V) → Fintype (a ⟶ b)] (#5)

Consider replacing these hypotheses with the corresponding instances of `Finite` and using `Fintype.ofFinite` in the proof, or removing them entirely.

Note: This linter can be disabled with `set_option linter.unusedFintypeInType false`
warning: DifferentialGeometry/External/GrushkoNeumannTheorem/MarshallHall/GrushkoFoldStep.lean:626:0: `foldPathAvoid_reverse` does not use the following hypotheses in its type:
  • [Fintype V] (#2)
  • [(a b : V) → Fintype (a ⟶ b)] (#5)

Consider replacing these hypotheses with the corresponding instances of `Finite` and using `Fintype.ofFinite` in the proof, or removing them entirely.

Note: This linter can be disabled with `set_option linter.unusedFintypeInType false`
warning: DifferentialGeometry/External/GrushkoNeumannTheorem/MarshallHall/GrushkoFoldStep.lean:818:8: automatically included section variable(s) unused in theorem `MarshallHall.GeneralGrushko.symmAllArrow_inl`:
  [Fintype V]
  hV
  [(a b : V) → Fintype (a ⟶ b)]
consider restructuring your `variable` declarations so that the variables are not in scope or explicitly omit them:
  omit [Fintype V] hV [(a b : V) → Fintype (a ⟶ b)] in theorem ...

Note: This linter can be disabled with `set_option linter.unusedSectionVars false`
warning: DifferentialGeometry/External/GrushkoNeumannTheorem/MarshallHall/GrushkoFoldStep.lean:818:0: `symmAllArrow_inl` does not use the following hypotheses in its type:
  • [Fintype V] (#2)
  • [(a b : V) → Fintype (a ⟶ b)] (#5)

Consider replacing these hypotheses with the corresponding instances of `Finite` and using `Fintype.ofFinite` in the proof, or removing them entirely.

Note: This linter can be disabled with `set_option linter.unusedFintypeInType false`
warning: DifferentialGeometry/External/GrushkoNeumannTheorem/MarshallHall/GrushkoFoldStep.lean:822:8: automatically included section variable(s) unused in theorem `MarshallHall.GeneralGrushko.symmAllArrow_inr`:
  [Fintype V]
  hV
  [(a b : V) → Fintype (a ⟶ b)]
consider restructuring your `variable` declarations so that the variables are not in scope or explicitly omit them:
  omit [Fintype V] hV [(a b : V) → Fintype (a ⟶ b)] in theorem ...

Note: This linter can be disabled with `set_option linter.unusedSectionVars false`
warning: DifferentialGeometry/External/GrushkoNeumannTheorem/MarshallHall/GrushkoFoldStep.lean:822:0: `symmAllArrow_inr` does not use the following hypotheses in its type:
  • [Fintype V] (#2)
  • [(a b : V) → Fintype (a ⟶ b)] (#5)

Consider replacing these hypotheses with the corresponding instances of `Finite` and using `Fintype.ofFinite` in the proof, or removing them entirely.

Note: This linter can be disabled with `set_option linter.unusedFintypeInType false`
warning: DifferentialGeometry/External/GrushkoNeumannTheorem/MarshallHall/GrushkoFoldStep.lean:826:8: automatically included section variable(s) unused in theorem `MarshallHall.GeneralGrushko.symmAllArrow_reverse`:
  [Fintype V]
  hV
  [(a b : V) → Fintype (a ⟶ b)]
consider restructuring your `variable` declarations so that the variables are not in scope or explicitly omit them:
  omit [Fintype V] hV [(a b : V) → Fintype (a ⟶ b)] in theorem ...

Note: This linter can be disabled with `set_option linter.unusedSectionVars false`
warning: DifferentialGeometry/External/GrushkoNeumannTheorem/MarshallHall/GrushkoFoldStep.lean:826:0: `symmAllArrow_reverse` does not use the following hypotheses in its type:
  • [Fintype V] (#2)
  • [(a b : V) → Fintype (a ⟶ b)] (#5)

Consider replacing these hypotheses with the corresponding instances of `Finite` and using `Fintype.ofFinite` in the proof, or removing them entirely.

Note: This linter can be disabled with `set_option linter.unusedFintypeInType false`
warning: DifferentialGeometry/External/GrushkoNeumannTheorem/MarshallHall/GrushkoFoldStep.lean:840:8: automatically included section variable(s) unused in theorem `MarshallHall.GeneralGrushko.symmOrientedArrow_source`:
  [Fintype V]
  [(a b : V) → Fintype (a ⟶ b)]
consider restructuring your `variable` declarations so that the variables are not in scope or explicitly omit them:
  omit [Fintype V] [(a b : V) → Fintype (a ⟶ b)] in theorem ...

Note: This linter can be disabled with `set_option linter.unusedSectionVars false`
warning: DifferentialGeometry/External/GrushkoNeumannTheorem/MarshallHall/GrushkoFoldStep.lean:840:0: `symmOrientedArrow_source` does not use the following hypotheses in its type:
  • [Fintype V] (#2)
  • [(a b : V) → Fintype (a ⟶ b)] (#5)

Consider replacing these hypotheses with the corresponding instances of `Finite` and using `Fintype.ofFinite` in the proof, or removing them entirely.

Note: This linter can be disabled with `set_option linter.unusedFintypeInType false`
warning: DifferentialGeometry/External/GrushkoNeumannTheorem/MarshallHall/GrushkoFoldStep.lean:845:8: automatically included section variable(s) unused in theorem `MarshallHall.GeneralGrushko.symmOrientedArrow_target`:
  [Fintype V]
  [(a b : V) → Fintype (a ⟶ b)]
consider restructuring your `variable` declarations so that the variables are not in scope or explicitly omit them:
  omit [Fintype V] [(a b : V) → Fintype (a ⟶ b)] in theorem ...

Note: This linter can be disabled with `set_option linter.unusedSectionVars false`
warning: DifferentialGeometry/External/GrushkoNeumannTheorem/MarshallHall/GrushkoFoldStep.lean:845:0: `symmOrientedArrow_target` does not use the following hypotheses in its type:
  • [Fintype V] (#2)
  • [(a b : V) → Fintype (a ⟶ b)] (#5)

Consider replacing these hypotheses with the corresponding instances of `Finite` and using `Fintype.ofFinite` in the proof, or removing them entirely.

Note: This linter can be disabled with `set_option linter.unusedFintypeInType false`
warning: DifferentialGeometry/External/GrushkoNeumannTheorem/MarshallHall/GrushkoFoldStep.lean:850:0: `symmAllArrow_eq_oriented_or_reverse` does not use the following hypotheses in its type:
  • [Fintype V] (#2)
  • [(a b : V) → Fintype (a ⟶ b)] (#5)

Consider replacing these hypotheses with the corresponding instances of `Finite` and using `Fintype.ofFinite` in the proof, or removing them entirely.

Note: This linter can be disabled with `set_option linter.unusedFintypeInType false`
warning: DifferentialGeometry/External/GrushkoNeumannTheorem/MarshallHall/GrushkoFoldStep.lean:862:0: automatically included section variable(s) unused in theorem `MarshallHall.GeneralGrushko.symmLabel_eq_allArrowLabel_oriented`:
  [Fintype V]
  [(a b : V) → Fintype (a ⟶ b)]
consider restructuring your `variable` declarations so that the variables are not in scope or explicitly omit them:
  omit [Fintype V] [(a b : V) → Fintype (a ⟶ b)] in theorem ...

Note: This linter can be disabled with `set_option linter.unusedSectionVars false`
warning: DifferentialGeometry/External/GrushkoNeumannTheorem/MarshallHall/GrushkoFoldStep.lean:862:0: `symmLabel_eq_allArrowLabel_oriented` does not use the following hypotheses in its type:
  • [Fintype V] (#2)
  • [(a b : V) → Fintype (a ⟶ b)] (#9)

Consider replacing these hypotheses with the corresponding instances of `Finite` and using `Fintype.ofFinite` in the proof, or removing them entirely.

Note: This linter can be disabled with `set_option linter.unusedFintypeInType false`
warning: DifferentialGeometry/External/GrushkoNeumannTheorem/MarshallHall/GrushkoFoldStep.lean:893:8: automatically included section variable(s) unused in theorem `MarshallHall.GeneralGrushko.symmPathEdges_nil`:
  [Fintype V]
  hV
  [(a b : V) → Fintype (a ⟶ b)]
consider restructuring your `variable` declarations so that the variables are not in scope or explicitly omit them:
  omit [Fintype V] hV [(a b : V) → Fintype (a ⟶ b)] in theorem ...

Note: This linter can be disabled with `set_option linter.unusedSectionVars false`
warning: DifferentialGeometry/External/GrushkoNeumannTheorem/MarshallHall/GrushkoFoldStep.lean:893:0: `symmPathEdges_nil` does not use the following hypotheses in its type:
  • [Fintype V] (#2)
  • [(a b : V) → Fintype (a ⟶ b)] (#5)

Consider replacing these hypotheses with the corresponding instances of `Finite` and using `Fintype.ofFinite` in the proof, or removing them entirely.

Note: This linter can be disabled with `set_option linter.unusedFintypeInType false`
warning: DifferentialGeometry/External/GrushkoNeumannTheorem/MarshallHall/GrushkoFoldStep.lean:898:8: automatically included section variable(s) unused in theorem `MarshallHall.GeneralGrushko.symmPathEdges_toPath`:
  [Fintype V]
  hV
  [(a b : V) → Fintype (a ⟶ b)]
consider restructuring your `variable` declarations so that the variables are not in scope or explicitly omit them:
  omit [Fintype V] hV [(a b : V) → Fintype (a ⟶ b)] in theorem ...

Note: This linter can be disabled with `set_option linter.unusedSectionVars false`
warning: DifferentialGeometry/External/GrushkoNeumannTheorem/MarshallHall/GrushkoFoldStep.lean:898:0: `symmPathEdges_toPath` does not use the following hypotheses in its type:
  • [Fintype V] (#2)
  • [(a b : V) → Fintype (a ⟶ b)] (#5)

Consider replacing these hypotheses with the corresponding instances of `Finite` and using `Fintype.ofFinite` in the proof, or removing them entirely.

Note: This linter can be disabled with `set_option linter.unusedFintypeInType false`
warning: DifferentialGeometry/External/GrushkoNeumannTheorem/MarshallHall/GrushkoFoldStep.lean:903:0: automatically included section variable(s) unused in theorem `MarshallHall.GeneralGrushko.symmPathEdges_comp`:
  [Fintype V]
  hV
  [(a b : V) → Fintype (a ⟶ b)]
consider restructuring your `variable` declarations so that the variables are not in scope or explicitly omit them:
  omit [Fintype V] hV [(a b : V) → Fintype (a ⟶ b)] in theorem ...

Note: This linter can be disabled with `set_option linter.unusedSectionVars false`
warning: DifferentialGeometry/External/GrushkoNeumannTheorem/MarshallHall/GrushkoFoldStep.lean:903:0: `symmPathEdges_comp` does not use the following hypotheses in its type:
  • [Fintype V] (#2)
  • [(a b : V) → Fintype (a ⟶ b)] (#5)

Consider replacing these hypotheses with the corresponding instances of `Finite` and using `Fintype.ofFinite` in the proof, or removing them entirely.

Note: This linter can be disabled with `set_option linter.unusedFintypeInType false`
warning: DifferentialGeometry/External/GrushkoNeumannTheorem/MarshallHall/GrushkoFoldStep.lean:919:0: `foldSymmPathAvoid_of_geometricallySimple` does not use the following hypotheses in its type:
  • [Fintype V] (#2)
  • [(a b : V) → Fintype (a ⟶ b)] (#5)

Consider replacing these hypotheses with the corresponding instances of `Finite` and using `Fintype.ofFinite` in the proof, or removing them entirely.

Note: This linter can be disabled with `set_option linter.unusedFintypeInType false`
warning: DifferentialGeometry/External/GrushkoNeumannTheorem/MarshallHall/GrushkoFoldStep.lean:986:0: automatically included section variable(s) unused in theorem `MarshallHall.GeneralGrushko.foldSymmPathAvoid_cast`:
  [Fintype V]
  [(a b : V) → Fintype (a ⟶ b)]
consider restructuring your `variable` declarations so that the variables are not in scope or explicitly omit them:
  omit [Fintype V] [(a b : V) → Fintype (a ⟶ b)] in theorem ...

Note: This linter can be disabled with `set_option linter.unusedSectionVars false`
warning: DifferentialGeometry/External/GrushkoNeumannTheorem/MarshallHall/GrushkoFoldStep.lean:986:0: `foldSymmPathAvoid_cast` does not use the following hypotheses in its type:
  • [Fintype V] (#2)
  • [(a b : V) → Fintype (a ⟶ b)] (#5)

Consider replacing these hypotheses with the corresponding instances of `Finite` and using `Fintype.ofFinite` in the proof, or removing them entirely.

Note: This linter can be disabled with `set_option linter.unusedFintypeInType false`
warning: DifferentialGeometry/External/GrushkoNeumannTheorem/MarshallHall/GrushkoFoldStep.lean:1029:0: automatically included section variable(s) unused in theorem `MarshallHall.GeneralGrushko.foldSymmPathAvoid_comp`:
  [Fintype V]
  [(a b : V) → Fintype (a ⟶ b)]
consider restructuring your `variable` declarations so that the variables are not in scope or explicitly omit them:
  omit [Fintype V] [(a b : V) → Fintype (a ⟶ b)] in theorem ...

Note: This linter can be disabled with `set_option linter.unusedSectionVars false`
warning: DifferentialGeometry/External/GrushkoNeumannTheorem/MarshallHall/GrushkoFoldStep.lean:1029:0: `foldSymmPathAvoid_comp` does not use the following hypotheses in its type:
  • [Fintype V] (#2)
  • [(a b : V) → Fintype (a ⟶ b)] (#5)

Consider replacing these hypotheses with the corresponding instances of `Finite` and using `Fintype.ofFinite` in the proof, or removing them entirely.

Note: This linter can be disabled with `set_option linter.unusedFintypeInType false`
warning: DifferentialGeometry/External/GrushkoNeumannTheorem/MarshallHall/GrushkoFoldStep.lean:1046:0: `foldSymmPathAvoid_reverse` does not use the following hypotheses in its type:
  • [Fintype V] (#2)
  • [(a b : V) → Fintype (a ⟶ b)] (#5)

Consider replacing these hypotheses with the corresponding instances of `Finite` and using `Fintype.ofFinite` in the proof, or removing them entirely.

Note: This linter can be disabled with `set_option linter.unusedFintypeInType false`
warning: DifferentialGeometry/External/GrushkoNeumannTheorem/MarshallHall/GrushkoFoldStep.lean:1655:0: automatically included section variable(s) unused in theorem `MarshallHall.GeneralGrushko.foldedMarkedGraph_card_lt`:
  [(a b : V) → Fintype (a ⟶ b)]
consider restructuring your `variable` declarations so that the variables are not in scope or explicitly omit them:
  omit [(a b : V) → Fintype (a ⟶ b)] in theorem ...

Note: This linter can be disabled with `set_option linter.unusedSectionVars false`
warning: DifferentialGeometry/External/GrushkoNeumannTheorem/MarshallHall/GrushkoFoldStep.lean:1656:5: Variable name `M` is not explicitly referenced.

Hint: The binding can be removed (if unused) or named `_` (if used implicitly). Alternatively, prefix the name with `_` to silence this warning:
  [apply] _M

Note: This linter can be disabled with `set_option linter.unusedVariables false`
warning: DifferentialGeometry/External/GrushkoNeumannTheorem/MarshallHall/GrushkoFoldStep.lean:1658:5: Variable name `ha` is not explicitly referenced.

Hint: The binding can be removed (if unused) or named `_` (if used implicitly). Alternatively, prefix the name with `_` to silence this warning:
  [apply] _ha

Note: This linter can be disabled with `set_option linter.unusedVariables false`
warning: DifferentialGeometry/External/GrushkoNeumannTheorem/MarshallHall/GrushkoFoldStep.lean:1661:5: Variable name `hq` is not explicitly referenced.

Hint: The binding can be removed (if unused) or named `_` (if used implicitly). Alternatively, prefix the name with `_` to silence this warning:
  [apply] _hq

Note: This linter can be disabled with `set_option linter.unusedVariables false`
warning: DifferentialGeometry/External/GrushkoNeumannTheorem/MarshallHall/GrushkoFoldStep.lean:1655:0: `foldedMarkedGraph_card_lt` does not use the following hypothesis in its type:
  • [(a b : V) → Fintype (a ⟶ b)] (#9)

Consider replacing this hypothesis with the corresponding instance of `Finite` and using `Fintype.ofFinite` in the proof, or removing it entirely.

Note: This linter can be disabled with `set_option linter.unusedFintypeInType false`
warning: DifferentialGeometry/External/GrushkoNeumannTheorem/MarshallHall/GrushkoFoldStep.lean:1682:0: automatically included section variable(s) unused in theorem `MarshallHall.GeneralGrushko.foldSymmPathAvoid_or_occurrence`:
  [Fintype V]
  [(a b : V) → Fintype (a ⟶ b)]
consider restructuring your `variable` declarations so that the variables are not in scope or explicitly omit them:
  omit [Fintype V] [(a b : V) → Fintype (a ⟶ b)] in theorem ...

Note: This linter can be disabled with `set_option linter.unusedSectionVars false`
warning: DifferentialGeometry/External/GrushkoNeumannTheorem/MarshallHall/GrushkoFoldStep.lean:1682:0: `foldSymmPathAvoid_or_occurrence` does not use the following hypotheses in its type:
  • [Fintype V] (#2)
  • [(a b : V) → Fintype (a ⟶ b)] (#5)

Consider replacing these hypotheses with the corresponding instances of `Finite` and using `Fintype.ofFinite` in the proof, or removing them entirely.

Note: This linter can be disabled with `set_option linter.unusedFintypeInType false`
warning: DifferentialGeometry/External/GrushkoNeumannTheorem/MarshallHall/GrushkoFoldStep.lean:1706:0: `exists_safe_or_reused_fold_data` does not use the following hypotheses in its type:
  • [Fintype V] (#2)
  • [(a b : V) → Fintype (a ⟶ b)] (#5)

Consider replacing these hypotheses with the corresponding instances of `Finite` and using `Fintype.ofFinite` in the proof, or removing them entirely.

Note: This linter can be disabled with `set_option linter.unusedFintypeInType false`
warning: DifferentialGeometry/External/GrushkoNeumannTheorem/MarshallHall/GrushkoFoldStep.lean:1725:0: automatically included section variable(s) unused in theorem `MarshallHall.GeneralGrushko.safeFoldData_of_nullPath`:
  [Fintype V]
  [(a b : V) → Fintype (a ⟶ b)]
consider restructuring your `variable` declarations so that the variables are not in scope or explicitly omit them:
  omit [Fintype V] [(a b : V) → Fintype (a ⟶ b)] in theorem ...

Note: This linter can be disabled with `set_option linter.unusedSectionVars false`
warning: DifferentialGeometry/External/GrushkoNeumannTheorem/MarshallHall/GrushkoFoldStep.lean:1725:0: `safeFoldData_of_nullPath` does not use the following hypotheses in its type:
  • [Fintype V] (#2)
  • [(a b : V) → Fintype (a ⟶ b)] (#9)

Consider replacing these hypotheses with the corresponding instances of `Finite` and using `Fintype.ofFinite` in the proof, or removing them entirely.

Note: This linter can be disabled with `set_option linter.unusedFintypeInType false`
warning: DifferentialGeometry/External/GrushkoNeumannTheorem/MarshallHall/GrushkoFoldStep.lean:1749:0: `safeSymmFoldData_of_nullPath` does not use the following hypotheses in its type:
  • [Fintype V] (#2)
  • [(a b : V) → Fintype (a ⟶ b)] (#9)

Consider replacing these hypotheses with the corresponding instances of `Finite` and using `Fintype.ofFinite` in the proof, or removing them entirely.

Note: This linter can be disabled with `set_option linter.unusedFintypeInType false`
warning: DifferentialGeometry/External/GrushkoNeumannTheorem/MarshallHall/GrushkoFoldStep.lean:1810:4: try 'simp' instead of 'simpa'

Note: This linter can be disabled with `set_option linter.unnecessarySimpa false`
warning: DifferentialGeometry/External/GrushkoNeumannTheorem/MarshallHall/GrushkoFoldStep.lean:1813:4: try 'simp' instead of 'simpa'

Note: This linter can be disabled with `set_option linter.unnecessarySimpa false`
✔ [12179/26417] Built DifferentialGeometry.Analysis.Integration.Measure.Family.CompactSetBounds (2.1s)
⚠ [12180/26417] Built DifferentialGeometry.External.GraphCoveringTheory.KuroshCoverStar (1.9s)
warning: DifferentialGeometry/External/GraphCoveringTheory/KuroshCoverStar.lean:256:10: `simp [mul_assoc]` is a flexible tactic modifying `⊢`. Try `simp?` and use the suggested `simp only [...]`. Alternatively, use `suffices` to explicitly state the simplified form.

Note: This linter can be disabled with `set_option linter.flexible false`
info: DifferentialGeometry/External/GraphCoveringTheory/KuroshCoverStar.lean:256:10: Try this:
  [apply] simp only [mul_inv_rev, map_mul, treeKuroshProductToH_vertex, Subgroup.coe_mul, InvMemClass.coe_inv]
info: DifferentialGeometry/External/GraphCoveringTheory/KuroshCoverStar.lean:257:10: `exact test_rawEdgeAlign_spec G H _`
modifies the current goal, which was modified by the flexible tactic `simp` on line 256!
✔ [12181/26417] Built DifferentialGeometry.Geometry.Connection.MetricCompatibility.Dual (2.3s)
✔ [12183/26417] Built DifferentialGeometry.Geometry.Boundary.Manifold.CollaredGluingRegularity (2.2s)
✔ [12185/26417] Built DifferentialGeometry.Geometry.Boundary.EuclideanHalfSpaceOrientation (2.7s)
✔ [12186/26417] Built DifferentialGeometry.Analysis.Parabolic.Euclidean.HarmonicMapFlow.State.FixedPoint (2.4s)
✔ [12188/26417] Built DifferentialGeometry.Analysis.Schauder.Cutoff.Elliptic.Ball (2.5s)
✔ [12192/26417] Built DifferentialGeometry.Geometry.Metric.SelfAdjointAssociated (8.6s)
✔ [12193/26417] Built DifferentialGeometry.Analysis.Parabolic.TimeSobolev.TimeDerivativeEquation (1.9s)
✔ [12194/26417] Built DifferentialGeometry.Topology.Manifold.BallComplementTransition (2.4s)
✔ [12196/26417] Built DifferentialGeometry.Topology.Manifold.EmbeddedHypersurface.TopFormNormal (2.8s)
✔ [12197/26417] Built DifferentialGeometry.Topology.Manifold.EmbeddedHypersurface.NormalBundle (2.3s)
✔ [12201/26417] Built DifferentialGeometry.Topology.Manifold.EmbeddedHypersurface.RegularDefiningNeighborhood (2.3s)
✔ [12205/26417] Built DifferentialGeometry.Topology.Manifold.EmbeddedHypersurface.Coorientation (1.0s)
✔ [12209/26417] Built DifferentialGeometry.Topology.Morse.Perturbation (1.9s)
✔ [12214/26417] Built DifferentialGeometry.External.Schoenflies.Compose (1.6s)
✔ [12218/26417] Built DifferentialGeometry.Topology.Morse.CubicCancellation (2.9s)
✔ [12222/26417] Built DifferentialGeometry.Topology.Embedding.ProductChartInwardSegment (1.2s)
✔ [12236/26417] Built DifferentialGeometry.Topology.ThreeManifold.SmoothSchoenfliesRoundSphere (2.2s)
✔ [12241/26417] Built DifferentialGeometry.Geometry.Connection.MetricCompatibility.Subbundle (3.0s)
✔ [12243/26417] Built DifferentialGeometry.Tensor.Exterior.ModelDifferentialForm (3.6s)
✔ [12244/26417] Built DifferentialGeometry.Topology.Double.SeamPatch (1.9s)
✔ [12246/26417] Built DifferentialGeometry.Topology.Manifold.OrientationCoverComponents (1.8s)
✔ [12250/26417] Built DifferentialGeometry.Topology.Manifold.OrientationCoverCanonical (1.0s)
✔ [12251/26417] Built DifferentialGeometry.Geometry.Metric.OrientationCover (1.9s)
✔ [12263/26417] Built DifferentialGeometry.Analysis.Parabolic.Euclidean.KochLamm.Flux.Bounds (1.8s)
✔ [12270/26417] Built DifferentialGeometry.Analysis.Parabolic.Euclidean.KochLamm.Late.Piece (1.9s)
✔ [12273/26417] Built DifferentialGeometry.Topology.Morse.SaddleSection (2.5s)
✔ [12274/26417] Built DifferentialGeometry.Analysis.ODE.AssociatedBundle (3.9s)
✔ [12275/26417] Built DifferentialGeometry.Topology.Morse.MinimumSection (2.4s)
✔ [12276/26417] Built DifferentialGeometry.Geometry.Connection.OrthonormalFrame (12s)
✔ [12277/26417] Built DifferentialGeometry.Topology.VectorField.ClosedCollarNormalization (2.6s)
✔ [12285/26417] Built DifferentialGeometry.Topology.VectorField.PullbackRestriction (1.7s)
✔ [12286/26417] Built DifferentialGeometry.Topology.VectorField.IntervalLift (2.6s)
✔ [12287/26417] Built DifferentialGeometry.Topology.Homology.Relative.ContractibleHomotopy (1.5s)
✔ [12288/26417] Built DifferentialGeometry.Topology.VectorField.CollarPullback (2.2s)
✔ [12289/26417] Built DifferentialGeometry.Geometry.Connection.MetricCompatibility.Associated (5.8s)
✔ [12304/26417] Built DifferentialGeometry.Topology.VectorField.ChartPatch (1.7s)
✔ [12308/26417] Built DifferentialGeometry.Topology.VectorField.DiffeomorphPatch (1.6s)
✔ [12318/26417] Built DifferentialGeometry.Topology.VectorField.CollarIndexZeros (1.7s)
✔ [12332/26417] Built DifferentialGeometry.Topology.VectorField.ContinuousIsolatedZeroGerm (1.7s)
✔ [12333/26417] Built DifferentialGeometry.Topology.PiecewiseLinear.PairedChartSubdivision (1.8s)
✔ [12337/26417] Built DifferentialGeometry.Geometry.Boundary.EmbeddedCollarStep (2.2s)
✔ [12348/26417] Built DifferentialGeometry.Topology.PiecewiseLinear.ConeLayers (3.3s)
⚠ [12352/26417] Built DifferentialGeometry.External.GrushkoNeumannTheorem.MarshallHall.GrushkoRose (2.2s)
warning: DifferentialGeometry/External/GrushkoNeumannTheorem/MarshallHall/GrushkoRose.lean:42:8: automatically included section variable(s) unused in theorem `MarshallHall.GeneralGrushko.rosePosition_zero`:
  [Group G]
  [Group H]
consider restructuring your `variable` declarations so that the variables are not in scope or explicitly omit them:
  omit [Group G] [Group H] in theorem ...

Note: This linter can be disabled with `set_option linter.unusedSectionVars false`
warning: DifferentialGeometry/External/GrushkoNeumannTheorem/MarshallHall/GrushkoRose.lean:47:8: automatically included section variable(s) unused in theorem `MarshallHall.GeneralGrushko.rosePosition_last`:
  [Group G]
  [Group H]
consider restructuring your `variable` declarations so that the variables are not in scope or explicitly omit them:
  omit [Group G] [Group H] in theorem ...

Note: This linter can be disabled with `set_option linter.unusedSectionVars false`
warning: DifferentialGeometry/External/GrushkoNeumannTheorem/MarshallHall/GrushkoRose.lean:52:8: automatically included section variable(s) unused in theorem `MarshallHall.GeneralGrushko.rosePosition_interior`:
  [Group G]
  [Group H]
consider restructuring your `variable` declarations so that the variables are not in scope or explicitly omit them:
  omit [Group G] [Group H] in theorem ...

Note: This linter can be disabled with `set_option linter.unusedSectionVars false`
warning: DifferentialGeometry/External/GrushkoNeumannTheorem/MarshallHall/GrushkoRose.lean:78:0: automatically included section variable(s) unused in theorem `MarshallHall.GeneralGrushko.roseEdgeSource_flip`:
  [Group G]
  [Group H]
consider restructuring your `variable` declarations so that the variables are not in scope or explicitly omit them:
  omit [Group G] [Group H] in theorem ...

Note: This linter can be disabled with `set_option linter.unusedSectionVars false`
warning: DifferentialGeometry/External/GrushkoNeumannTheorem/MarshallHall/GrushkoRose.lean:85:0: automatically included section variable(s) unused in theorem `MarshallHall.GeneralGrushko.roseEdgeTarget_flip`:
  [Group G]
  [Group H]
consider restructuring your `variable` declarations so that the variables are not in scope or explicitly omit them:
  omit [Group G] [Group H] in theorem ...

Note: This linter can be disabled with `set_option linter.unusedSectionVars false`
warning: DifferentialGeometry/External/GrushkoNeumannTheorem/MarshallHall/GrushkoRose.lean:197:6: try 'simp' instead of 'simpa'

Note: This linter can be disabled with `set_option linter.unnecessarySimpa false`
warning: DifferentialGeometry/External/GrushkoNeumannTheorem/MarshallHall/GrushkoRose.lean:195:45: This simp argument is unused:
  List.append_assoc

Hint: Omit it from the simp argument list.
  [apply] simp only [BinaryLabelling.pathLabels]

Note: This linter can be disabled with `set_option linter.unusedSimpArgs false`
warning: DifferentialGeometry/External/GrushkoNeumannTheorem/MarshallHall/GrushkoRose.lean:198:43: Unused tactic linter: `omega` does nothing

Note: This linter can be disabled with `set_option linter.unusedTactic false`
warning: DifferentialGeometry/External/GrushkoNeumannTheorem/MarshallHall/GrushkoRose.lean:198:43: this tactic is never executed

Note: This linter can be disabled with `set_option linter.unreachableTactic false`
⚠ [12353/26417] Built DifferentialGeometry.External.GrushkoNeumannTheorem.MarshallHall.GrushkoEdge (2.7s)
warning: DifferentialGeometry/External/GrushkoNeumannTheorem/MarshallHall/GrushkoEdge.lean:51:2: Try this: 
  letI̵

The goal is a proposition, so `let` is preferred over `letI`.
The difference between `let` and `letI` is that `letI` inlines the value.
But this is not relevant for proofs because of proof irrelevance.

Note: This linter can be disabled with `set_option linter.style.haveILetI false`
warning: DifferentialGeometry/External/GrushkoNeumannTheorem/MarshallHall/GrushkoEdge.lean:52:2: Try this: 
  letI̵

The goal is a proposition, so `let` is preferred over `letI`.
The difference between `let` and `letI` is that `letI` inlines the value.
But this is not relevant for proofs because of proof irrelevance.

Note: This linter can be disabled with `set_option linter.style.haveILetI false`
warning: DifferentialGeometry/External/GrushkoNeumannTheorem/MarshallHall/GrushkoEdge.lean:53:2: Try this: 
  letI̵

The goal is a proposition, so `let` is preferred over `letI`.
The difference between `let` and `letI` is that `letI` inlines the value.
But this is not relevant for proofs because of proof irrelevance.

Note: This linter can be disabled with `set_option linter.style.haveILetI false`
warning: DifferentialGeometry/External/GrushkoNeumannTheorem/MarshallHall/GrushkoEdge.lean:54:2: Try this: 
  letI̵

The goal is a proposition, so `let` is preferred over `letI`.
The difference between `let` and `letI` is that `letI` inlines the value.
But this is not relevant for proofs because of proof irrelevance.

Note: This linter can be disabled with `set_option linter.style.haveILetI false`
warning: DifferentialGeometry/External/GrushkoNeumannTheorem/MarshallHall/GrushkoEdge.lean:77:5: Variable name `hfree` is not explicitly referenced.

Hint: The binding can be removed (if unused) or named `_` (if used implicitly). Alternatively, prefix the name with `_` to silence this warning:
  [apply] _hfree

Note: This linter can be disabled with `set_option linter.unusedVariables false`
warning: DifferentialGeometry/External/GrushkoNeumannTheorem/MarshallHall/GrushkoEdge.lean:189:0: automatically included section variable(s) unused in theorem `MarshallHall.GeneralGrushko.allArrowLabel_reverse`:
  [Fintype V]
  [(a b : V) → Fintype (a ⟶ b)]
consider restructuring your `variable` declarations so that the variables are not in scope or explicitly omit them:
  omit [Fintype V] [(a b : V) → Fintype (a ⟶ b)] in theorem ...

Note: This linter can be disabled with `set_option linter.unusedSectionVars false`
warning: DifferentialGeometry/External/GrushkoNeumannTheorem/MarshallHall/GrushkoEdge.lean:189:0: `allArrowLabel_reverse` does not use the following hypotheses in its type:
  • [Fintype V] (#6)
  • [(a b : V) → Fintype (a ⟶ b)] (#9)

Consider replacing these hypotheses with the corresponding instances of `Finite` and using `Fintype.ofFinite` in the proof, or removing them entirely.

Note: This linter can be disabled with `set_option linter.unusedFintypeInType false`
warning: DifferentialGeometry/External/GrushkoNeumannTheorem/MarshallHall/GrushkoEdge.lean:230:28: Variable name `h` is not explicitly referenced.

Hint: The binding can be removed (if unused) or named `_` (if used implicitly). Alternatively, prefix the name with `_` to silence this warning:
  [apply] _h

Note: This linter can be disabled with `set_option linter.unusedVariables false`
warning: DifferentialGeometry/External/GrushkoNeumannTheorem/MarshallHall/GrushkoEdge.lean:234:0: automatically included section variable(s) unused in theorem `MarshallHall.GeneralGrushko.padSeparated_contains_original`:
  [Group H]
consider restructuring your `variable` declarations so that the variables are not in scope or explicitly omit them:
  omit [Group H] in theorem ...

Note: This linter can be disabled with `set_option linter.unusedSectionVars false`
✔ [12354/26417] Built DifferentialGeometry.Topology.Manifold.ImmersionEqualModelCoordinates (1.9s)
⚠ [12355/26417] Built DifferentialGeometry.External.GraphCoveringTheory.KuroshCoverLocal (2.1s)
warning: DifferentialGeometry/External/GraphCoveringTheory/KuroshCoverLocal.lean:184:10: `simp [coverEdgeLetter, treeKuroshProductToH_free,
            kuroshFreePartHom_quotientEdgeLoop, mul_assoc]` is a flexible tactic modifying `⊢`. Try `simp?` and use the suggested `simp only [...]`. Alternatively, use `suffices` to explicitly state the simplified form.

Note: This linter can be disabled with `set_option linter.flexible false`
info: DifferentialGeometry/External/GraphCoveringTheory/KuroshCoverLocal.lean:184:10: Try this:
  [apply] simp only [mul_inv_rev, map_mul, treeKuroshProductToH_vertex, Subgroup.coe_mul, InvMemClass.coe_inv]
info: DifferentialGeometry/External/GraphCoveringTheory/KuroshCoverLocal.lean:186:10: `exact test_rawEdgeAlign_spec G H _`
modifies the current goal, which was modified by the flexible tactic `simp` on line 184!
✔ [12356/26417] Built DifferentialGeometry.Geometry.Boundary.Manifold.CollaredQuotientSeamRegion (1.9s)
✔ [12358/26417] Built DifferentialGeometry.Analysis.Schauder.Cutoff.Parabolic.BallExtension (1.9s)
✔ [12359/26417] Built DifferentialGeometry.Geometry.Boundary.Manifold.CollaredGluingCollarSmooth (2.9s)
✔ [12362/26417] Built DifferentialGeometry.Analysis.Integration.Measure.BoundaryDensity (4.3s)
✔ [12365/26417] Built DifferentialGeometry.Geometry.Connection.TensorNabla.MultilinearDual (7.1s)
✔ [12371/26417] Built DifferentialGeometry.Analysis.Schauder.Cutoff.Elliptic.BallHessian (2.9s)
✔ [12376/26417] Built DifferentialGeometry.Topology.Manifold.EmbeddedHypersurface.TopFormCoorientation (3.4s)
✔ [12377/26417] Built DifferentialGeometry.Topology.Morse.Stability (2.2s)
✔ [12380/26417] Built DifferentialGeometry.Topology.Manifold.EmbeddedHypersurface.CompactDefining (2.3s)
✔ [12381/26417] Built DifferentialGeometry.Topology.Morse.LocalizedCubicCancellation (2.2s)
✔ [12382/26417] Built DifferentialGeometry.Topology.Morse.CubicLowering (2.7s)
✔ [12384/26417] Built DifferentialGeometry.Topology.Handle.Rescaling (1.9s)
✔ [12385/26417] Built DifferentialGeometry.Geometry.Connection.SelfAdjointConjugate (4.9s)
✔ [12386/26417] Built DifferentialGeometry.Geometry.Metric.ExteriorPowerBundleMaps (3.4s)
✔ [12390/26417] Built DifferentialGeometry.Topology.Embedding.Convex (1.6s)
✔ [12397/26417] Built DifferentialGeometry.Topology.Embedding.Radial (1.8s)
✔ [12398/26417] Built DifferentialGeometry.Topology.ThreeManifold.schoenflies (1.8s)
✔ [12405/26417] Built DifferentialGeometry.Topology.Handle.BallIsotopy (2.1s)
✔ [12407/26417] Built DifferentialGeometry.Topology.Manifold.SphereOutwardOrientationComparison (2.1s)
✔ [12409/26417] Built DifferentialGeometry.Topology.ThreeManifold.CoreInteriorComparison (1.7s)
✔ [12412/26417] Built DifferentialGeometry.Topology.ThreeManifold.CoreInteriorPoint (1.8s)
⚠ [12414/26417] Built DifferentialGeometry.Topology.VanKampen.FreeFactors.ThinOverlapGroups (1.0s)
warning: DifferentialGeometry/Topology/VanKampen/FreeFactors/ThinOverlapGroups.lean:328:0: Please, write a comment here or remove this line, but do not place empty lines within commands!
Context:
                                   ↓
  ⏎omit [SimplyConnectedSpace V] in⏎⏎theorem thinOverlapWordMap_core (hU : IsOpen U) (hV : IsOpen V)⏎

Note: This linter can be disabled with `set_option linter.style.emptyLine false`
✔ [12415/26417] Built DifferentialGeometry.Topology.FundamentalGroup.FiniteGeneration.CoverSubdivision (1.4s)
✔ [12416/26417] Built DifferentialGeometry.Topology.Double.PositiveTransition (1.7s)
✔ [12417/26417] Built DifferentialGeometry.Geometry.Boundary.Manifold.CollaredQuotientDouble (1.7s)
✔ [12425/26417] Built DifferentialGeometry.Topology.Double.SmoothCopies (1.8s)
✔ [12426/26417] Built DifferentialGeometry.Topology.Manifold.OrientationCoverDiffeomorph (1.7s)
✔ [12427/26417] Built DifferentialGeometry.Geometry.Connection.MetricCompatibility.SelfAdjoint (4.9s)
✔ [12428/26417] Built DifferentialGeometry.Topology.Manifold.OrientationCoverOriented (1.7s)
✔ [12429/26417] Built DifferentialGeometry.Topology.Simplex.TetrahedronNullhomotopy (1.6s)
✔ [12430/26417] Built DifferentialGeometry.Analysis.Parabolic.Euclidean.KochLamm.Flux.Piece (1.9s)
✔ [12432/26417] Built DifferentialGeometry.Topology.Manifold.SmoothBoundaryAtlas.Orientation (2.2s)
✔ [12433/26417] Built DifferentialGeometry.Analysis.Parabolic.Euclidean.KochLamm.Late.Cover (2.0s)
✔ [12434/26417] Built DifferentialGeometry.Topology.Morse.SaddleImmersion (1.8s)
✔ [12435/26417] Built DifferentialGeometry.Geometry.Connection.OrthonormalFrame.Hom (2.8s)
✔ [12455/26417] Built DifferentialGeometry.Topology.VectorField.InwardCollarNormalization (2.7s)
✔ [12466/26417] Built DifferentialGeometry.Topology.VectorField.ClosedCollarGluing (2.9s)
✔ [12477/26417] Built DifferentialGeometry.Topology.VectorField.CollarRestriction (2.2s)
✔ [12481/26417] Built DifferentialGeometry.Topology.VectorField.DiffeomorphPatchGerm (1.7s)
✔ [12482/26417] Built DifferentialGeometry.Analysis.Parabolic.Energy.EvolvingMass (2.7s)
✔ [12483/26417] Built DifferentialGeometry.Geometry.Connection.OrthonormalFrame.Principal (7.5s)
✔ [12495/26417] Built DifferentialGeometry.Geometry.Boundary.EmbeddedCollarPartition (2.4s)
✔ [12500/26417] Built DifferentialGeometry.Geometry.Connection.Hessian.PullbackTensor (3.1s)
✔ [12501/26417] Built DifferentialGeometry.Topology.PiecewiseLinear.StdConeLayers (1.9s)
⚠ [12502/26417] Built DifferentialGeometry.External.GrushkoNeumannTheorem.MarshallHall.GrushkoInvariant (1.8s)
warning: DifferentialGeometry/External/GrushkoNeumannTheorem/MarshallHall/GrushkoInvariant.lean:87:0: automatically included section variable(s) unused in theorem `MarshallHall.GeneralGrushko.roseEdge_card`:
  [Group G]
  [Group H]
consider restructuring your `variable` declarations so that the variables are not in scope or explicitly omit them:
  omit [Group G] [Group H] in theorem ...

Note: This linter can be disabled with `set_option linter.unusedSectionVars false`
warning: DifferentialGeometry/External/GrushkoNeumannTheorem/MarshallHall/GrushkoInvariant.lean:96:0: automatically included section variable(s) unused in theorem `MarshallHall.GeneralGrushko.roseVertex_card`:
  [Group G]
  [Group H]
consider restructuring your `variable` declarations so that the variables are not in scope or explicitly omit them:
  omit [Group G] [Group H] in theorem ...

Note: This linter can be disabled with `set_option linter.unusedSectionVars false`
warning: DifferentialGeometry/External/GrushkoNeumannTheorem/MarshallHall/GrushkoInvariant.lean:103:0: automatically included section variable(s) unused in theorem `MarshallHall.GeneralGrushko.roseWords_length_le`:
  [Group G]
  [Group H]
consider restructuring your `variable` declarations so that the variables are not in scope or explicitly omit them:
  omit [Group G] [Group H] in theorem ...

Note: This linter can be disabled with `set_option linter.unusedSectionVars false`
warning: DifferentialGeometry/External/GrushkoNeumannTheorem/MarshallHall/GrushkoInvariant.lean:113:0: automatically included section variable(s) unused in theorem `MarshallHall.GeneralGrushko.roseAllArrow_card_eq_roseEdge_card`:
  [Group G]
  [Group H]
consider restructuring your `variable` declarations so that the variables are not in scope or explicitly omit them:
  omit [Group G] [Group H] in theorem ...

Note: This linter can be disabled with `set_option linter.unusedSectionVars false`
✔ [12503/26417] Built DifferentialGeometry.Geometry.Connection.MetricCompatibility.Mixed (3.8s)
✔ [12505/26417] Built DifferentialGeometry.External.GraphCoveringTheory.KuroshRawPathValue (1.1s)
⚠ [12506/26417] Built DifferentialGeometry.External.GrushkoNeumannTheorem.MarshallHall.GrushkoRemove (2.4s)
warning: DifferentialGeometry/External/GrushkoNeumannTheorem/MarshallHall/GrushkoRemove.lean:132:62: This simp argument is unused:
  mul_assoc

Hint: Omit it from the simp argument list.
  [apply] simp_all [factorMul, factorWordInv]

Note: This linter can be disabled with `set_option linter.unusedSimpArgs false`
warning: DifferentialGeometry/External/GrushkoNeumannTheorem/MarshallHall/GrushkoRemove.lean:139:62: This simp argument is unused:
  mul_assoc

Hint: Omit it from the simp argument list.
  [apply] simp_all [factorMul, factorWordInv]

Note: This linter can be disabled with `set_option linter.unusedSimpArgs false`
warning: DifferentialGeometry/External/GrushkoNeumannTheorem/MarshallHall/GrushkoRemove.lean:160:5: Variable name `ha` is not explicitly referenced.

Hint: The binding can be removed (if unused) or named `_` (if used implicitly). Alternatively, prefix the name with `_` to silence this warning:
  [apply] _ha

Note: This linter can be disabled with `set_option linter.unusedVariables false`
warning: DifferentialGeometry/External/GrushkoNeumannTheorem/MarshallHall/GrushkoRemove.lean:169:8: automatically included section variable(s) unused in theorem `MarshallHall.GeneralGrushko.removeEndpoint_eq_of_ne`:
  [Fintype V]
  hV
  [(a b : V) → Fintype (a ⟶ b)]
consider restructuring your `variable` declarations so that the variables are not in scope or explicitly omit them:
  omit [Fintype V] hV [(a b : V) → Fintype (a ⟶ b)] in theorem ...

Note: This linter can be disabled with `set_option linter.unusedSectionVars false`
warning: DifferentialGeometry/External/GrushkoNeumannTheorem/MarshallHall/GrushkoRemove.lean:169:0: `removeEndpoint_eq_of_ne` does not use the following hypotheses in its type:
  • [Fintype V] (#2)
  • [(a b : V) → Fintype (a ⟶ b)] (#5)

Consider replacing these hypotheses with the corresponding instances of `Finite` and using `Fintype.ofFinite` in the proof, or removing them entirely.

Note: This linter can be disabled with `set_option linter.unusedFintypeInType false`
warning: DifferentialGeometry/External/GrushkoNeumannTheorem/MarshallHall/GrushkoRemove.lean:174:8: automatically included section variable(s) unused in theorem `MarshallHall.GeneralGrushko.removeEndpoint_eq_anchor`:
  [Fintype V]
  hV
  [(a b : V) → Fintype (a ⟶ b)]
consider restructuring your `variable` declarations so that the variables are not in scope or explicitly omit them:
  omit [Fintype V] hV [(a b : V) → Fintype (a ⟶ b)] in theorem ...

Note: This linter can be disabled with `set_option linter.unusedSectionVars false`
warning: DifferentialGeometry/External/GrushkoNeumannTheorem/MarshallHall/GrushkoRemove.lean:174:0: `removeEndpoint_eq_anchor` does not use the following hypotheses in its type:
  • [Fintype V] (#2)
  • [(a b : V) → Fintype (a ⟶ b)] (#5)

Consider replacing these hypotheses with the corresponding instances of `Finite` and using `Fintype.ofFinite` in the proof, or removing them entirely.

Note: This linter can be disabled with `set_option linter.unusedFintypeInType false`
warning: DifferentialGeometry/External/GrushkoNeumannTheorem/MarshallHall/GrushkoRemove.lean:194:0: Definition `MarshallHall.GeneralGrushko.removeQuiverHomFintype` of class type is semireducible. Most type class instances should be instance-reducible, so consider marking this
definition with `@[instance_reducible]`. If it is intentionally semireducible, this warning can be disabled with `set_option warn.classDefReducibility false`.
warning: DifferentialGeometry/External/GrushkoNeumannTheorem/MarshallHall/GrushkoRemove.lean:204:5: Variable name `ha` is not explicitly referenced.

Hint: The binding can be removed (if unused) or named `_` (if used implicitly). Alternatively, prefix the name with `_` to silence this warning:
  [apply] _ha

Note: This linter can be disabled with `set_option linter.unusedVariables false`
warning: DifferentialGeometry/External/GrushkoNeumannTheorem/MarshallHall/GrushkoRemove.lean:204:34: Variable name `hn` is not explicitly referenced.

Hint: The binding can be removed (if unused) or named `_` (if used implicitly). Alternatively, prefix the name with `_` to silence this warning:
  [apply] _hn

Note: This linter can be disabled with `set_option linter.unusedVariables false`
warning: DifferentialGeometry/External/GrushkoNeumannTheorem/MarshallHall/GrushkoRemove.lean:239:0: Definition `MarshallHall.GeneralGrushko.removeHasReverse` of class type is semireducible. Most type class instances should be instance-reducible, so consider marking this
definition with `@[instance_reducible]`. If it is intentionally semireducible, this warning can be disabled with `set_option warn.classDefReducibility false`.
warning: DifferentialGeometry/External/GrushkoNeumannTheorem/MarshallHall/GrushkoRemove.lean:265:2: Try this: 
  letI̵

The goal is a proposition, so `let` is preferred over `letI`.
The difference between `let` and `letI` is that `letI` inlines the value.
But this is not relevant for proofs because of proof irrelevance.

Note: This linter can be disabled with `set_option linter.style.haveILetI false`
warning: DifferentialGeometry/External/GrushkoNeumannTheorem/MarshallHall/GrushkoRemove.lean:266:2: Try this: 
  letI̵

The goal is a proposition, so `let` is preferred over `letI`.
The difference between `let` and `letI` is that `letI` inlines the value.
But this is not relevant for proofs because of proof irrelevance.

Note: This linter can be disabled with `set_option linter.style.haveILetI false`
warning: DifferentialGeometry/External/GrushkoNeumannTheorem/MarshallHall/GrushkoRemove.lean:267:2: Try this: 
  letI̵

The goal is a proposition, so `let` is preferred over `letI`.
The difference between `let` and `letI` is that `letI` inlines the value.
But this is not relevant for proofs because of proof irrelevance.

Note: This linter can be disabled with `set_option linter.style.haveILetI false`
warning: DifferentialGeometry/External/GrushkoNeumannTheorem/MarshallHall/GrushkoRemove.lean:269:2: Try this: 
  letI̵

The goal is a proposition, so `let` is preferred over `letI`.
The difference between `let` and `letI` is that `letI` inlines the value.
But this is not relevant for proofs because of proof irrelevance.

Note: This linter can be disabled with `set_option linter.style.haveILetI false`
warning: DifferentialGeometry/External/GrushkoNeumannTheorem/MarshallHall/GrushkoRemove.lean:327:4: try 'simp' instead of 'simpa'

Note: This linter can be disabled with `set_option linter.unnecessarySimpa false`
warning: DifferentialGeometry/External/GrushkoNeumannTheorem/MarshallHall/GrushkoRemove.lean:329:4: Try this: 
  letI̵

The goal is a proposition, so `let` is preferred over `letI`.
The difference between `let` and `letI` is that `letI` inlines the value.
But this is not relevant for proofs because of proof irrelevance.

Note: This linter can be disabled with `set_option linter.style.haveILetI false`
warning: DifferentialGeometry/External/GrushkoNeumannTheorem/MarshallHall/GrushkoRemove.lean:322:0: automatically included section variable(s) unused in theorem `MarshallHall.GeneralGrushko.removedVertex_card_add_one`:
  hV
  [(a b : V) → Fintype (a ⟶ b)]
consider restructuring your `variable` declarations so that the variables are not in scope or explicitly omit them:
  omit hV [(a b : V) → Fintype (a ⟶ b)] in theorem ...

Note: This linter can be disabled with `set_option linter.unusedSectionVars false`
warning: DifferentialGeometry/External/GrushkoNeumannTheorem/MarshallHall/GrushkoRemove.lean:322:0: `removedVertex_card_add_one` does not use the following hypothesis in its type:
  • [(a b : V) → Fintype (a ⟶ b)] (#5)

Consider replacing this hypothesis with the corresponding instance of `Finite` and using `Fintype.ofFinite` in the proof, or removing it entirely.

Note: This linter can be disabled with `set_option linter.unusedFintypeInType false`
warning: DifferentialGeometry/External/GrushkoNeumannTheorem/MarshallHall/GrushkoRemove.lean:344:5: Variable name `hn` is not explicitly referenced.

Hint: The binding can be removed (if unused) or named `_` (if used implicitly). Alternatively, prefix the name with `_` to silence this warning:
  [apply] _hn

Note: This linter can be disabled with `set_option linter.unusedVariables false`
warning: DifferentialGeometry/External/GrushkoNeumannTheorem/MarshallHall/GrushkoRemove.lean:395:6: try 'simp' instead of 'simpa'

Note: This linter can be disabled with `set_option linter.unnecessarySimpa false`
warning: DifferentialGeometry/External/GrushkoNeumannTheorem/MarshallHall/GrushkoRemove.lean:363:0: automatically included section variable(s) unused in theorem `MarshallHall.GeneralGrushko.removeEdgeLabel_index`:
  [Fintype V]
  [(a b : V) → Fintype (a ⟶ b)]
consider restructuring your `variable` declarations so that the variables are not in scope or explicitly omit them:
  omit [Fintype V] [(a b : V) → Fintype (a ⟶ b)] in theorem ...

Note: This linter can be disabled with `set_option linter.unusedSectionVars false`
warning: DifferentialGeometry/External/GrushkoNeumannTheorem/MarshallHall/GrushkoRemove.lean:390:44: This simp argument is unused:
  hg

Hint: Omit it from the simp argument list.
  [apply] simp [removeEdgeLabel, hs, ht, g₀, l, hl, hxy]

Note: This linter can be disabled with `set_option linter.unusedSimpArgs false`
warning: DifferentialGeometry/External/GrushkoNeumannTheorem/MarshallHall/GrushkoRemove.lean:363:0: `removeEdgeLabel_index` does not use the following hypotheses in its type:
  • [Fintype V] (#6)
  • [(a b : V) → Fintype (a ⟶ b)] (#9)

Consider replacing these hypotheses with the corresponding instances of `Finite` and using `Fintype.ofFinite` in the proof, or removing them entirely.

Note: This linter can be disabled with `set_option linter.unusedFintypeInType false`
warning: DifferentialGeometry/External/GrushkoNeumannTheorem/MarshallHall/GrushkoRemove.lean:397:0: automatically included section variable(s) unused in theorem `MarshallHall.GeneralGrushko.removeEdgeLabel_eq_source_target`:
  [Fintype V]
  [(a b : V) → Fintype (a ⟶ b)]
consider restructuring your `variable` declarations so that the variables are not in scope or explicitly omit them:
  omit [Fintype V] [(a b : V) → Fintype (a ⟶ b)] in theorem ...

Note: This linter can be disabled with `set_option linter.unusedSectionVars false`
warning: DifferentialGeometry/External/GrushkoNeumannTheorem/MarshallHall/GrushkoRemove.lean:397:0: `removeEdgeLabel_eq_source_target` does not use the following hypotheses in its type:
  • [Fintype V] (#6)
  • [(a b : V) → Fintype (a ⟶ b)] (#9)

Consider replacing these hypotheses with the corresponding instances of `Finite` and using `Fintype.ofFinite` in the proof, or removing them entirely.

Note: This linter can be disabled with `set_option linter.unusedFintypeInType false`
warning: DifferentialGeometry/External/GrushkoNeumannTheorem/MarshallHall/GrushkoRemove.lean:409:0: automatically included section variable(s) unused in theorem `MarshallHall.GeneralGrushko.removeEdgeLabel_eq_source_only`:
  [Fintype V]
  [(a b : V) → Fintype (a ⟶ b)]
consider restructuring your `variable` declarations so that the variables are not in scope or explicitly omit them:
  omit [Fintype V] [(a b : V) → Fintype (a ⟶ b)] in theorem ...

Note: This linter can be disabled with `set_option linter.unusedSectionVars false`
warning: DifferentialGeometry/External/GrushkoNeumannTheorem/MarshallHall/GrushkoRemove.lean:409:0: `removeEdgeLabel_eq_source_only` does not use the following hypotheses in its type:
  • [Fintype V] (#6)
  • [(a b : V) → Fintype (a ⟶ b)] (#9)

Consider replacing these hypotheses with the corresponding instances of `Finite` and using `Fintype.ofFinite` in the proof, or removing them entirely.

Note: This linter can be disabled with `set_option linter.unusedFintypeInType false`
warning: DifferentialGeometry/External/GrushkoNeumannTheorem/MarshallHall/GrushkoRemove.lean:421:0: automatically included section variable(s) unused in theorem `MarshallHall.GeneralGrushko.removeEdgeLabel_eq_target_only`:
  [Fintype V]
  [(a b : V) → Fintype (a ⟶ b)]
consider restructuring your `variable` declarations so that the variables are not in scope or explicitly omit them:
  omit [Fintype V] [(a b : V) → Fintype (a ⟶ b)] in theorem ...

Note: This linter can be disabled with `set_option linter.unusedSectionVars false`
warning: DifferentialGeometry/External/GrushkoNeumannTheorem/MarshallHall/GrushkoRemove.lean:421:0: `removeEdgeLabel_eq_target_only` does not use the following hypotheses in its type:
  • [Fintype V] (#6)
  • [(a b : V) → Fintype (a ⟶ b)] (#9)

Consider replacing these hypotheses with the corresponding instances of `Finite` and using `Fintype.ofFinite` in the proof, or removing them entirely.

Note: This linter can be disabled with `set_option linter.unusedFintypeInType false`
warning: DifferentialGeometry/External/GrushkoNeumannTheorem/MarshallHall/GrushkoRemove.lean:432:0: automatically included section variable(s) unused in theorem `MarshallHall.GeneralGrushko.removeEdgeLabel_eq_neither`:
  [Fintype V]
  [(a b : V) → Fintype (a ⟶ b)]
consider restructuring your `variable` declarations so that the variables are not in scope or explicitly omit them:
  omit [Fintype V] [(a b : V) → Fintype (a ⟶ b)] in theorem ...

Note: This linter can be disabled with `set_option linter.unusedSectionVars false`
warning: DifferentialGeometry/External/GrushkoNeumannTheorem/MarshallHall/GrushkoRemove.lean:432:0: `removeEdgeLabel_eq_neither` does not use the following hypotheses in its type:
  • [Fintype V] (#6)
  • [(a b : V) → Fintype (a ⟶ b)] (#9)

Consider replacing these hypotheses with the corresponding instances of `Finite` and using `Fintype.ofFinite` in the proof, or removing them entirely.

Note: This linter can be disabled with `set_option linter.unusedFintypeInType false`
warning: DifferentialGeometry/External/GrushkoNeumannTheorem/MarshallHall/GrushkoRemove.lean:653:30: Variable name `color` is not explicitly referenced.

Hint: The binding can be removed (if unused) or named `_` (if used implicitly). Alternatively, prefix the name with `_` to silence this warning:
  [apply] _color

Note: This linter can be disabled with `set_option linter.unusedVariables false`
warning: DifferentialGeometry/External/GrushkoNeumannTheorem/MarshallHall/GrushkoRemove.lean:658:8: automatically included section variable(s) unused in theorem `MarshallHall.GeneralGrushko.removePotential_eq_vertex`:
  [Fintype V]
  [(a b : V) → Fintype (a ⟶ b)]
consider restructuring your `variable` declarations so that the variables are not in scope or explicitly omit them:
  omit [Fintype V] [(a b : V) → Fintype (a ⟶ b)] in theorem ...

Note: This linter can be disabled with `set_option linter.unusedSectionVars false`
warning: DifferentialGeometry/External/GrushkoNeumannTheorem/MarshallHall/GrushkoRemove.lean:658:0: `removePotential_eq_vertex` does not use the following hypotheses in its type:
  • [Fintype V] (#6)
  • [(a b : V) → Fintype (a ⟶ b)] (#9)

Consider replacing these hypotheses with the corresponding instances of `Finite` and using `Fintype.ofFinite` in the proof, or removing them entirely.

Note: This linter can be disabled with `set_option linter.unusedFintypeInType false`
warning: DifferentialGeometry/External/GrushkoNeumannTheorem/MarshallHall/GrushkoRemove.lean:664:8: automatically included section variable(s) unused in theorem `MarshallHall.GeneralGrushko.removePotential_eq_one_of_ne`:
  [Fintype V]
  [(a b : V) → Fintype (a ⟶ b)]
consider restructuring your `variable` declarations so that the variables are not in scope or explicitly omit them:
  omit [Fintype V] [(a b : V) → Fintype (a ⟶ b)] in theorem ...

Note: This linter can be disabled with `set_option linter.unusedSectionVars false`
warning: DifferentialGeometry/External/GrushkoNeumannTheorem/MarshallHall/GrushkoRemove.lean:664:0: `removePotential_eq_one_of_ne` does not use the following hypotheses in its type:
  • [Fintype V] (#6)
  • [(a b : V) → Fintype (a ⟶ b)] (#9)

Consider replacing these hypotheses with the corresponding instances of `Finite` and using `Fintype.ofFinite` in the proof, or removing them entirely.

Note: This linter can be disabled with `set_option linter.unusedFintypeInType false`
warning: DifferentialGeometry/External/GrushkoNeumannTheorem/MarshallHall/GrushkoRemove.lean:707:8: This simp argument is unused:
  mul_assoc

Hint: Omit it from the simp argument list.
  [apply] simp [removePotential, hs, ht, g₀, l, separatedMap_factorWordInv]

Note: This linter can be disabled with `set_option linter.unusedSimpArgs false`
warning: DifferentialGeometry/External/GrushkoNeumannTheorem/MarshallHall/GrushkoRemove.lean:716:44: This simp argument is unused:
  mul_assoc

Hint: Omit it from the simp argument list.
  [apply] simp [removePotential, hs, ht, g₀, l]

Note: This linter can be disabled with `set_option linter.unusedSimpArgs false`
warning: DifferentialGeometry/External/GrushkoNeumannTheorem/MarshallHall/GrushkoRemove.lean:718:37: This simp argument is unused:
  g₀

Hint: Omit it from the simp argument list.
  [apply] simp [removePotential, hs, ht, l, mul_assoc]

Note: This linter can be disabled with `set_option linter.unusedSimpArgs false`
warning: DifferentialGeometry/External/GrushkoNeumannTheorem/MarshallHall/GrushkoRemove.lean:718:41: This simp argument is unused:
  l

Hint: Omit it from the simp argument list.
  [apply] simp [removePotential, hs, ht, g₀, mul_assoc]

Note: This linter can be disabled with `set_option linter.unusedSimpArgs false`
warning: DifferentialGeometry/External/GrushkoNeumannTheorem/MarshallHall/GrushkoRemove.lean:718:44: This simp argument is unused:
  mul_assoc

Hint: Omit it from the simp argument list.
  [apply] simp [removePotential, hs, ht, g₀, l]

Note: This linter can be disabled with `set_option linter.unusedSimpArgs false`
warning: DifferentialGeometry/External/GrushkoNeumannTheorem/MarshallHall/GrushkoRemove.lean:670:0: `removeEdgeLabel_read` does not use the following hypotheses in its type:
  • [Fintype V] (#6)
  • [(a b : V) → Fintype (a ⟶ b)] (#9)

Consider replacing these hypotheses with the corresponding instances of `Finite` and using `Fintype.ofFinite` in the proof, or removing them entirely.

Note: This linter can be disabled with `set_option linter.unusedFintypeInType false`
warning: DifferentialGeometry/External/GrushkoNeumannTheorem/MarshallHall/GrushkoRemove.lean:763:10: This simp argument is unused:
  separatedMap_factorWordInv

Hint: Omit it from the simp argument list.
  [apply] simp

Note: This linter can be disabled with `set_option linter.unusedSimpArgs false`
warning: DifferentialGeometry/External/GrushkoNeumannTheorem/MarshallHall/GrushkoRemove.lean:795:10: This simp argument is unused:
  he₀

Hint: Omit it from the simp argument list.
  [apply] simp [removeEdgePath, removeDeletedPath, removeDeletedPath_backward, her, hneq, BinaryLabelling.pathRead_cast,
    BinaryLabelling.pathRead_nil]

Note: This linter can be disabled with `set_option linter.unusedSimpArgs false`
warning: DifferentialGeometry/External/GrushkoNeumannTheorem/MarshallHall/GrushkoRemove.lean:835:12: This simp argument is unused:
  mul_assoc

Hint: Omit it from the simp argument list.
  [apply] simp

Note: This linter can be disabled with `set_option linter.unusedSimpArgs false`
warning: DifferentialGeometry/External/GrushkoNeumannTheorem/MarshallHall/GrushkoRemove.lean:1011:12: This simp argument is unused:
  mul_assoc

Hint: Omit it from the simp argument list.
  [apply] simp

Note: This linter can be disabled with `set_option linter.unusedSimpArgs false`
warning: DifferentialGeometry/External/GrushkoNeumannTheorem/MarshallHall/GrushkoRemove.lean:1115:68: This simp argument is unused:
  mul_assoc

Hint: Omit it from the simp argument list.
  [apply] simp [removePotential_eq_one_of_ne M.labeling e₀ color hbase]

Note: This linter can be disabled with `set_option linter.unusedSimpArgs false`
warning: DifferentialGeometry/External/GrushkoNeumannTheorem/MarshallHall/GrushkoRemove.lean:1174:2: Try this: 
  letI̵

The goal is a proposition, so `let` is preferred over `letI`.
The difference between `let` and `letI` is that `letI` inlines the value.
But this is not relevant for proofs because of proof irrelevance.

Note: This linter can be disabled with `set_option linter.style.haveILetI false`
warning: DifferentialGeometry/External/GrushkoNeumannTheorem/MarshallHall/GrushkoRemove.lean:1175:2: Try this: 
  letI̵

The goal is a proposition, so `let` is preferred over `letI`.
The difference between `let` and `letI` is that `letI` inlines the value.
But this is not relevant for proofs because of proof irrelevance.

Note: This linter can be disabled with `set_option linter.style.haveILetI false`
warning: DifferentialGeometry/External/GrushkoNeumannTheorem/MarshallHall/GrushkoRemove.lean:1176:2: Try this: 
  letI̵

The goal is a proposition, so `let` is preferred over `letI`.
The difference between `let` and `letI` is that `letI` inlines the value.
But this is not relevant for proofs because of proof irrelevance.

Note: This linter can be disabled with `set_option linter.style.haveILetI false`
warning: DifferentialGeometry/External/GrushkoNeumannTheorem/MarshallHall/GrushkoRemove.lean:1178:2: Try this: 
  letI̵

The goal is a proposition, so `let` is preferred over `letI`.
The difference between `let` and `letI` is that `letI` inlines the value.
But this is not relevant for proofs because of proof irrelevance.

Note: This linter can be disabled with `set_option linter.style.haveILetI false`
warning: DifferentialGeometry/External/GrushkoNeumannTheorem/MarshallHall/GrushkoRemove.lean:1159:13: Variable name `hbase` is not explicitly referenced.

Hint: The binding can be removed (if unused) or named `_` (if used implicitly). Alternatively, prefix the name with `_` to silence this warning:
  [apply] _hbase

Note: This linter can be disabled with `set_option linter.unusedVariables false`
⚠ [12511/26417] Built DifferentialGeometry.External.GrushkoNeumannTheorem.MarshallHall.GrushkoUnfold (3.3s)
warning: DifferentialGeometry/External/GrushkoNeumannTheorem/MarshallHall/GrushkoUnfold.lean:55:0: automatically included section variable(s) unused in theorem `MarshallHall.GeneralGrushko.unfoldOld_ne_new`:
  [Fintype V]
  [HasInvolutiveReverse V]
  [(a b : V) → Fintype (a ⟶ b)]
consider restructuring your `variable` declarations so that the variables are not in scope or explicitly omit them:
  omit [Fintype V] [HasInvolutiveReverse V] [(a b : V) → Fintype (a ⟶ b)] in theorem ...

Note: This linter can be disabled with `set_option linter.unusedSectionVars false`
warning: DifferentialGeometry/External/GrushkoNeumannTheorem/MarshallHall/GrushkoUnfold.lean:55:0: `unfoldOld_ne_new` does not use the following hypotheses in its type:
  • [Fintype V] (#2)
  • [(a b : V) → Fintype (a ⟶ b)] (#5)

Consider replacing these hypotheses with the corresponding instances of `Finite` and using `Fintype.ofFinite` in the proof, or removing them entirely.

Note: This linter can be disabled with `set_option linter.unusedFintypeInType false`
warning: DifferentialGeometry/External/GrushkoNeumannTheorem/MarshallHall/GrushkoUnfold.lean:59:0: `unfoldNew_ne_old` does not use the following hypotheses in its type:
  • [Fintype V] (#2)
  • [(a b : V) → Fintype (a ⟶ b)] (#5)

Consider replacing these hypotheses with the corresponding instances of `Finite` and using `Fintype.ofFinite` in the proof, or removing them entirely.

Note: This linter can be disabled with `set_option linter.unusedFintypeInType false`
warning: DifferentialGeometry/External/GrushkoNeumannTheorem/MarshallHall/GrushkoUnfold.lean:85:6: `simp [unfoldVertexAt, unfoldOld, hcol]` is a flexible tactic modifying `⊢`. Try `simp?` and use the suggested `simp only [...]`. Alternatively, use `suffices` to explicitly state the simplified form.

Note: This linter can be disabled with `set_option linter.flexible false`
info: DifferentialGeometry/External/GrushkoNeumannTheorem/MarshallHall/GrushkoUnfold.lean:85:6: Try this:
  [apply] simp only [Bool.true_eq_false, and_false, iff_false]
info: DifferentialGeometry/External/GrushkoNeumannTheorem/MarshallHall/GrushkoUnfold.lean:86:8: `exact (unfoldOld_ne_new a).symm`
modifies the current goal, which was modified by the flexible tactic `simp` on line 85!
warning: DifferentialGeometry/External/GrushkoNeumannTheorem/MarshallHall/GrushkoUnfold.lean:85:6: `simp [unfoldVertexAt, unfoldOld, hcol]` is a flexible tactic modifying `⊢`. Try `simp?` and use the suggested `simp only [...]`. Alternatively, use `suffices` to explicitly state the simplified form.

Note: This linter can be disabled with `set_option linter.flexible false`
info: DifferentialGeometry/External/GrushkoNeumannTheorem/MarshallHall/GrushkoUnfold.lean:85:6: Try this:
  [apply] simp only [Bool.false_eq_true, and_false, iff_false]
info: DifferentialGeometry/External/GrushkoNeumannTheorem/MarshallHall/GrushkoUnfold.lean:86:8: `exact (unfoldOld_ne_new a).symm`
modifies the current goal, which was modified by the flexible tactic `simp` on line 85!
warning: DifferentialGeometry/External/GrushkoNeumannTheorem/MarshallHall/GrushkoUnfold.lean:76:0: `unfoldVertexAt_eq_old_iff` does not use the following hypotheses in its type:
  • [Fintype V] (#6)
  • [(a b : V) → Fintype (a ⟶ b)] (#9)

Consider replacing these hypotheses with the corresponding instances of `Finite` and using `Fintype.ofFinite` in the proof, or removing them entirely.

Note: This linter can be disabled with `set_option linter.unusedFintypeInType false`
warning: DifferentialGeometry/External/GrushkoNeumannTheorem/MarshallHall/GrushkoUnfold.lean:98:6: `simp [unfoldVertexAt, unfoldNew, hcol]` is a flexible tactic modifying `⊢`. Try `simp?` and use the suggested `simp only [...]`. Alternatively, use `suffices` to explicitly state the simplified form.

Note: This linter can be disabled with `set_option linter.flexible false`
info: DifferentialGeometry/External/GrushkoNeumannTheorem/MarshallHall/GrushkoUnfold.lean:98:6: Try this:
  [apply] simp only [ne_eq, not_true_eq_false, and_false, iff_false]
info: DifferentialGeometry/External/GrushkoNeumannTheorem/MarshallHall/GrushkoUnfold.lean:99:8: `exact unfoldOld_ne_new a`
modifies the current goal, which was modified by the flexible tactic `simp` on line 98!
warning: DifferentialGeometry/External/GrushkoNeumannTheorem/MarshallHall/GrushkoUnfold.lean:98:6: `simp [unfoldVertexAt, unfoldNew, hcol]` is a flexible tactic modifying `⊢`. Try `simp?` and use the suggested `simp only [...]`. Alternatively, use `suffices` to explicitly state the simplified form.

Note: This linter can be disabled with `set_option linter.flexible false`
info: DifferentialGeometry/External/GrushkoNeumannTheorem/MarshallHall/GrushkoUnfold.lean:98:6: Try this:
  [apply] simp only [ne_eq, not_true_eq_false, and_false, iff_false]
info: DifferentialGeometry/External/GrushkoNeumannTheorem/MarshallHall/GrushkoUnfold.lean:99:8: `exact unfoldOld_ne_new a`
modifies the current goal, which was modified by the flexible tactic `simp` on line 98!
warning: DifferentialGeometry/External/GrushkoNeumannTheorem/MarshallHall/GrushkoUnfold.lean:89:0: `unfoldVertexAt_eq_new_iff` does not use the following hypotheses in its type:
  • [Fintype V] (#6)
  • [(a b : V) → Fintype (a ⟶ b)] (#9)

Consider replacing these hypotheses with the corresponding instances of `Finite` and using `Fintype.ofFinite` in the proof, or removing them entirely.

Note: This linter can be disabled with `set_option linter.unusedFintypeInType false`
warning: DifferentialGeometry/External/GrushkoNeumannTheorem/MarshallHall/GrushkoUnfold.lean:102:0: automatically included section variable(s) unused in theorem `MarshallHall.GeneralGrushko.unfoldVertexAt_of_ne`:
  [Fintype V]
  [(a b : V) → Fintype (a ⟶ b)]
consider restructuring your `variable` declarations so that the variables are not in scope or explicitly omit them:
  omit [Fintype V] [(a b : V) → Fintype (a ⟶ b)] in theorem ...

Note: This linter can be disabled with `set_option linter.unusedSectionVars false`
warning: DifferentialGeometry/External/GrushkoNeumannTheorem/MarshallHall/GrushkoUnfold.lean:102:0: `unfoldVertexAt_of_ne` does not use the following hypotheses in its type:
  • [Fintype V] (#6)
  • [(a b : V) → Fintype (a ⟶ b)] (#9)

Consider replacing these hypotheses with the corresponding instances of `Finite` and using `Fintype.ofFinite` in the proof, or removing them entirely.

Note: This linter can be disabled with `set_option linter.unusedFintypeInType false`
warning: DifferentialGeometry/External/GrushkoNeumannTheorem/MarshallHall/GrushkoUnfold.lean:109:0: `unfoldEdgeColor_reverse` does not use the following hypotheses in its type:
  • [Fintype V] (#6)
  • [(a b : V) → Fintype (a ⟶ b)] (#9)

Consider replacing these hypotheses with the corresponding instances of `Finite` and using `Fintype.ofFinite` in the proof, or removing them entirely.

Note: This linter can be disabled with `set_option linter.unusedFintypeInType false`
warning: DifferentialGeometry/External/GrushkoNeumannTheorem/MarshallHall/GrushkoUnfold.lean:120:19: Variable name `e₀` is not explicitly referenced.

Hint: The binding can be removed (if unused) or named `_` (if used implicitly). Alternatively, prefix the name with `_` to silence this warning:
  [apply] _e₀

Note: This linter can be disabled with `set_option linter.unusedVariables false`
warning: DifferentialGeometry/External/GrushkoNeumannTheorem/MarshallHall/GrushkoUnfold.lean:134:0: `unfoldEdgeReverse_reverse` does not use the following hypotheses in its type:
  • [Fintype V] (#2)
  • [(a b : V) → Fintype (a ⟶ b)] (#5)

Consider replacing these hypotheses with the corresponding instances of `Finite` and using `Fintype.ofFinite` in the proof, or removing them entirely.

Note: This linter can be disabled with `set_option linter.unusedFintypeInType false`
warning: DifferentialGeometry/External/GrushkoNeumannTheorem/MarshallHall/GrushkoUnfold.lean:165:0: `unfoldEdgeSource_reverse` does not use the following hypotheses in its type:
  • [Fintype V] (#6)
  • [(a b : V) → Fintype (a ⟶ b)] (#9)

Consider replacing these hypotheses with the corresponding instances of `Finite` and using `Fintype.ofFinite` in the proof, or removing them entirely.

Note: This linter can be disabled with `set_option linter.unusedFintypeInType false`
warning: DifferentialGeometry/External/GrushkoNeumannTheorem/MarshallHall/GrushkoUnfold.lean:176:0: `unfoldEdgeTarget_reverse` does not use the following hypotheses in its type:
  • [Fintype V] (#6)
  • [(a b : V) → Fintype (a ⟶ b)] (#9)

Consider replacing these hypotheses with the corresponding instances of `Finite` and using `Fintype.ofFinite` in the proof, or removing them entirely.

Note: This linter can be disabled with `set_option linter.unusedFintypeInType false`
warning: DifferentialGeometry/External/GrushkoNeumannTheorem/MarshallHall/GrushkoUnfold.lean:194:0: Definition `MarshallHall.GeneralGrushko.unfoldQuiverHomFintype` of class type is semireducible. Most type class instances should be instance-reducible, so consider marking this
definition with `@[instance_reducible]`. If it is intentionally semireducible, this warning can be disabled with `set_option warn.classDefReducibility false`.
warning: DifferentialGeometry/External/GrushkoNeumannTheorem/MarshallHall/GrushkoUnfold.lean:227:0: Definition `MarshallHall.GeneralGrushko.unfoldHasReverse` of class type is semireducible. Most type class instances should be instance-reducible, so consider marking this
definition with `@[instance_reducible]`. If it is intentionally semireducible, this warning can be disabled with `set_option warn.classDefReducibility false`.
warning: DifferentialGeometry/External/GrushkoNeumannTheorem/MarshallHall/GrushkoUnfold.lean:251:0: `unfoldEdgeLabel_reverse` does not use the following hypotheses in its type:
  • [Fintype V] (#6)
  • [(a b : V) → Fintype (a ⟶ b)] (#9)

Consider replacing these hypotheses with the corresponding instances of `Finite` and using `Fintype.ofFinite` in the proof, or removing them entirely.

Note: This linter can be disabled with `set_option linter.unusedFintypeInType false`
warning: DifferentialGeometry/External/GrushkoNeumannTheorem/MarshallHall/GrushkoUnfold.lean:287:0: `unfold_old_incident_color` does not use the following hypotheses in its type:
  • [Fintype V] (#6)
  • [(a b : V) → Fintype (a ⟶ b)] (#9)

Consider replacing these hypotheses with the corresponding instances of `Finite` and using `Fintype.ofFinite` in the proof, or removing them entirely.

Note: This linter can be disabled with `set_option linter.unusedFintypeInType false`
warning: DifferentialGeometry/External/GrushkoNeumannTheorem/MarshallHall/GrushkoUnfold.lean:334:0: automatically included section variable(s) unused in theorem `MarshallHall.GeneralGrushko.unfoldOriginalEdge_label`:
  [Fintype V]
  [(a b : V) → Fintype (a ⟶ b)]
consider restructuring your `variable` declarations so that the variables are not in scope or explicitly omit them:
  omit [Fintype V] [(a b : V) → Fintype (a ⟶ b)] in theorem ...

Note: This linter can be disabled with `set_option linter.unusedSectionVars false`
warning: DifferentialGeometry/External/GrushkoNeumannTheorem/MarshallHall/GrushkoUnfold.lean:334:0: `unfoldOriginalEdge_label` does not use the following hypotheses in its type:
  • [Fintype V] (#6)
  • [(a b : V) → Fintype (a ⟶ b)] (#9)

Consider replacing these hypotheses with the corresponding instances of `Finite` and using `Fintype.ofFinite` in the proof, or removing them entirely.

Note: This linter can be disabled with `set_option linter.unusedFintypeInType false`
warning: DifferentialGeometry/External/GrushkoNeumannTheorem/MarshallHall/GrushkoUnfold.lean:358:0: automatically included section variable(s) unused in theorem `MarshallHall.GeneralGrushko.unfoldOriginalEdgeAtColor_label`:
  [Fintype V]
  [(a b : V) → Fintype (a ⟶ b)]
consider restructuring your `variable` declarations so that the variables are not in scope or explicitly omit them:
  omit [Fintype V] [(a b : V) → Fintype (a ⟶ b)] in theorem ...

Note: This linter can be disabled with `set_option linter.unusedSectionVars false`
warning: DifferentialGeometry/External/GrushkoNeumannTheorem/MarshallHall/GrushkoUnfold.lean:358:0: `unfoldOriginalEdgeAtColor_label` does not use the following hypotheses in its type:
  • [Fintype V] (#6)
  • [(a b : V) → Fintype (a ⟶ b)] (#9)

Consider replacing these hypotheses with the corresponding instances of `Finite` and using `Fintype.ofFinite` in the proof, or removing them entirely.

Note: This linter can be disabled with `set_option linter.unusedFintypeInType false`
warning: DifferentialGeometry/External/GrushkoNeumannTheorem/MarshallHall/GrushkoUnfold.lean:408:2: Try this: 
  letI̵

The goal is a proposition, so `let` is preferred over `letI`.
The difference between `let` and `letI` is that `letI` inlines the value.
But this is not relevant for proofs because of proof irrelevance.

Note: This linter can be disabled with `set_option linter.style.haveILetI false`
warning: DifferentialGeometry/External/GrushkoNeumannTheorem/MarshallHall/GrushkoUnfold.lean:409:2: Try this: 
  letI̵

The goal is a proposition, so `let` is preferred over `letI`.
The difference between `let` and `letI` is that `letI` inlines the value.
But this is not relevant for proofs because of proof irrelevance.

Note: This linter can be disabled with `set_option linter.style.haveILetI false`
warning: DifferentialGeometry/External/GrushkoNeumannTheorem/MarshallHall/GrushkoUnfold.lean:436:0: automatically included section variable(s) unused in theorem `MarshallHall.GeneralGrushko.unfoldEdge_card`:
  [HasInvolutiveReverse V]
consider restructuring your `variable` declarations so that the variables are not in scope or explicitly omit them:
  omit [HasInvolutiveReverse V] in theorem ...

Note: This linter can be disabled with `set_option linter.unusedSectionVars false`
warning: DifferentialGeometry/External/GrushkoNeumannTheorem/MarshallHall/GrushkoUnfold.lean:482:4: try 'simp' instead of 'simpa'

Note: This linter can be disabled with `set_option linter.unnecessarySimpa false`
warning: DifferentialGeometry/External/GrushkoNeumannTheorem/MarshallHall/GrushkoUnfold.lean:477:0: automatically included section variable(s) unused in theorem `MarshallHall.GeneralGrushko.unfoldVertex_card`:
  [HasInvolutiveReverse V]
  [(a b : V) → Fintype (a ⟶ b)]
consider restructuring your `variable` declarations so that the variables are not in scope or explicitly omit them:
  omit [HasInvolutiveReverse V] [(a b : V) → Fintype (a ⟶ b)] in theorem ...

Note: This linter can be disabled with `set_option linter.unusedSectionVars false`
warning: DifferentialGeometry/External/GrushkoNeumannTheorem/MarshallHall/GrushkoUnfold.lean:477:0: `unfoldVertex_card` does not use the following hypothesis in its type:
  • [(a b : V) → Fintype (a ⟶ b)] (#5)

Consider replacing this hypothesis with the corresponding instance of `Finite` and using `Fintype.ofFinite` in the proof, or removing it entirely.

Note: This linter can be disabled with `set_option linter.unusedFintypeInType false`
warning: DifferentialGeometry/External/GrushkoNeumannTheorem/MarshallHall/GrushkoUnfold.lean:535:2: Try this: 
  letI̵

The goal is a proposition, so `let` is preferred over `letI`.
The difference between `let` and `letI` is that `letI` inlines the value.
But this is not relevant for proofs because of proof irrelevance.

Note: This linter can be disabled with `set_option linter.style.haveILetI false`
warning: DifferentialGeometry/External/GrushkoNeumannTheorem/MarshallHall/GrushkoUnfold.lean:537:2: Try this: 
  letI̵

The goal is a proposition, so `let` is preferred over `letI`.
The difference between `let` and `letI` is that `letI` inlines the value.
But this is not relevant for proofs because of proof irrelevance.

Note: This linter can be disabled with `set_option linter.style.haveILetI false`
warning: DifferentialGeometry/External/GrushkoNeumannTheorem/MarshallHall/GrushkoUnfold.lean:538:2: Try this: 
  letI̵

The goal is a proposition, so `let` is preferred over `letI`.
The difference between `let` and `letI` is that `letI` inlines the value.
But this is not relevant for proofs because of proof irrelevance.

Note: This linter can be disabled with `set_option linter.style.haveILetI false`
warning: DifferentialGeometry/External/GrushkoNeumannTheorem/MarshallHall/GrushkoUnfold.lean:540:2: Try this: 
  letI̵

The goal is a proposition, so `let` is preferred over `letI`.
The difference between `let` and `letI` is that `letI` inlines the value.
But this is not relevant for proofs because of proof irrelevance.

Note: This linter can be disabled with `set_option linter.style.haveILetI false`
warning: DifferentialGeometry/External/GrushkoNeumannTheorem/MarshallHall/GrushkoUnfold.lean:645:2: Try this: 
  letI̵

The goal is a proposition, so `let` is preferred over `letI`.
The difference between `let` and `letI` is that `letI` inlines the value.
But this is not relevant for proofs because of proof irrelevance.

Note: This linter can be disabled with `set_option linter.style.haveILetI false`
warning: DifferentialGeometry/External/GrushkoNeumannTheorem/MarshallHall/GrushkoUnfold.lean:646:2: Try this: 
  letI̵

The goal is a proposition, so `let` is preferred over `letI`.
The difference between `let` and `letI` is that `letI` inlines the value.
But this is not relevant for proofs because of proof irrelevance.

Note: This linter can be disabled with `set_option linter.style.haveILetI false`
warning: DifferentialGeometry/External/GrushkoNeumannTheorem/MarshallHall/GrushkoUnfold.lean:660:2: Try this: 
  letI̵

The goal is a proposition, so `let` is preferred over `letI`.
The difference between `let` and `letI` is that `letI` inlines the value.
But this is not relevant for proofs because of proof irrelevance.

Note: This linter can be disabled with `set_option linter.style.haveILetI false`
warning: DifferentialGeometry/External/GrushkoNeumannTheorem/MarshallHall/GrushkoUnfold.lean:661:2: Try this: 
  letI̵

The goal is a proposition, so `let` is preferred over `letI`.
The difference between `let` and `letI` is that `letI` inlines the value.
But this is not relevant for proofs because of proof irrelevance.

Note: This linter can be disabled with `set_option linter.style.haveILetI false`
warning: DifferentialGeometry/External/GrushkoNeumannTheorem/MarshallHall/GrushkoUnfold.lean:667:21: This simp argument is unused:
  separatedMap_factorWordInv

Hint: Omit it from the simp argument list.
  [apply] simp [unfoldDuplicateForward, unfoldBaseReverseEdge, unfoldLabelling, unfoldEdgeLabel]

Note: This linter can be disabled with `set_option linter.unusedSimpArgs false`
warning: DifferentialGeometry/External/GrushkoNeumannTheorem/MarshallHall/GrushkoUnfold.lean:666:2: `simp [unfoldDuplicateForward, unfoldBaseReverseEdge, unfoldLabelling,
    unfoldEdgeLabel, separatedMap_factorWordInv]` is a flexible tactic modifying `⊢`. Try `simp?` and use the suggested `simp only [...]`. Alternatively, use `suffices` to explicitly state the simplified form.

Note: This linter can be disabled with `set_option linter.flexible false`
info: DifferentialGeometry/External/GrushkoNeumannTheorem/MarshallHall/GrushkoUnfold.lean:668:2: `change separatedMap (allArrowLabel L e₀) * separatedMap (allArrowLabel L (allArrowReverse e₀)) = 1`
modifies the current goal, which was modified by the flexible tactic `simp` on line 666!
warning: DifferentialGeometry/External/GrushkoNeumannTheorem/MarshallHall/GrushkoUnfold.lean:666:2: `simp [unfoldDuplicateForward, unfoldBaseReverseEdge, unfoldLabelling,
    unfoldEdgeLabel, separatedMap_factorWordInv]` is a flexible tactic modifying `⊢`. Try `simp?` and use the suggested `simp only [...]`. Alternatively, use `suffices` to explicitly state the simplified form.

Note: This linter can be disabled with `set_option linter.flexible false`
info: DifferentialGeometry/External/GrushkoNeumannTheorem/MarshallHall/GrushkoUnfold.lean:670:2: `rw [allArrowLabel_reverse]`
modifies the current goal, which was modified by the flexible tactic `simp` on line 666!
warning: DifferentialGeometry/External/GrushkoNeumannTheorem/MarshallHall/GrushkoUnfold.lean:679:0: automatically included section variable(s) unused in theorem `MarshallHall.GeneralGrushko.unfoldCanonical_eq_old`:
  [Fintype V]
  [HasInvolutiveReverse V]
  [(a b : V) → Fintype (a ⟶ b)]
consider restructuring your `variable` declarations so that the variables are not in scope or explicitly omit them:
  omit [Fintype V] [HasInvolutiveReverse V] [(a b : V) → Fintype (a ⟶ b)] in theorem ...

Note: This linter can be disabled with `set_option linter.unusedSectionVars false`
warning: DifferentialGeometry/External/GrushkoNeumannTheorem/MarshallHall/GrushkoUnfold.lean:679:0: `unfoldCanonical_eq_old` does not use the following hypotheses in its type:
  • [Fintype V] (#2)
  • [(a b : V) → Fintype (a ⟶ b)] (#5)

Consider replacing these hypotheses with the corresponding instances of `Finite` and using `Fintype.ofFinite` in the proof, or removing them entirely.

Note: This linter can be disabled with `set_option linter.unusedFintypeInType false`
warning: DifferentialGeometry/External/GrushkoNeumannTheorem/MarshallHall/GrushkoUnfold.lean:683:0: automatically included section variable(s) unused in theorem `MarshallHall.GeneralGrushko.unfoldCanonical_eq_vertexAt_of_ne`:
  [Fintype V]
  [(a b : V) → Fintype (a ⟶ b)]
consider restructuring your `variable` declarations so that the variables are not in scope or explicitly omit them:
  omit [Fintype V] [(a b : V) → Fintype (a ⟶ b)] in theorem ...

Note: This linter can be disabled with `set_option linter.unusedSectionVars false`
warning: DifferentialGeometry/External/GrushkoNeumannTheorem/MarshallHall/GrushkoUnfold.lean:683:0: `unfoldCanonical_eq_vertexAt_of_ne` does not use the following hypotheses in its type:
  • [Fintype V] (#6)
  • [(a b : V) → Fintype (a ⟶ b)] (#9)

Consider replacing these hypotheses with the corresponding instances of `Finite` and using `Fintype.ofFinite` in the proof, or removing them entirely.

Note: This linter can be disabled with `set_option linter.unusedFintypeInType false`
warning: DifferentialGeometry/External/GrushkoNeumannTheorem/MarshallHall/GrushkoUnfold.lean:691:0: `unfoldVertexAt_eq_new_of_ne_color` does not use the following hypotheses in its type:
  • [Fintype V] (#6)
  • [(a b : V) → Fintype (a ⟶ b)] (#9)

Consider replacing these hypotheses with the corresponding instances of `Finite` and using `Fintype.ofFinite` in the proof, or removing them entirely.

Note: This linter can be disabled with `set_option linter.unusedFintypeInType false`
warning: DifferentialGeometry/External/GrushkoNeumannTheorem/MarshallHall/GrushkoUnfold.lean:830:2: Try this: 
  letI̵

The goal is a proposition, so `let` is preferred over `letI`.
The difference between `let` and `letI` is that `letI` inlines the value.
But this is not relevant for proofs because of proof irrelevance.

Note: This linter can be disabled with `set_option linter.style.haveILetI false`
warning: DifferentialGeometry/External/GrushkoNeumannTheorem/MarshallHall/GrushkoUnfold.lean:831:2: Try this: 
  letI̵

The goal is a proposition, so `let` is preferred over `letI`.
The difference between `let` and `letI` is that `letI` inlines the value.
But this is not relevant for proofs because of proof irrelevance.

Note: This linter can be disabled with `set_option linter.style.haveILetI false`
warning: DifferentialGeometry/External/GrushkoNeumannTheorem/MarshallHall/GrushkoUnfold.lean:834:29: This simp argument is unused:
  unfoldCanonical_eq_vertexAt_of_ne

Hint: Omit it from the simp argument list.
  [apply] simp [unfoldPrePath, hx, BinaryLabelling.pathRead_cast]

Note: This linter can be disabled with `set_option linter.unusedSimpArgs false`
warning: DifferentialGeometry/External/GrushkoNeumannTheorem/MarshallHall/GrushkoUnfold.lean:841:39: This simp argument is unused:
  unfoldCanonical_eq_old

Hint: Omit it from the simp argument list.
  [apply] simp [unfoldPrePath, hx, hcolor, BinaryLabelling.pathRead_cast]

Note: This linter can be disabled with `set_option linter.unusedSimpArgs false`
warning: DifferentialGeometry/External/GrushkoNeumannTheorem/MarshallHall/GrushkoUnfold.lean:843:39: This simp argument is unused:
  unfoldCanonical_eq_old

Hint: Omit it from the simp argument list.
  [apply] simp [unfoldPrePath, hx, hcolor, BinaryLabelling.pathRead_cast, unfoldSwitchOldNew_read]

Note: This linter can be disabled with `set_option linter.unusedSimpArgs false`
warning: DifferentialGeometry/External/GrushkoNeumannTheorem/MarshallHall/GrushkoUnfold.lean:852:2: Try this: 
  letI̵

The goal is a proposition, so `let` is preferred over `letI`.
The difference between `let` and `letI` is that `letI` inlines the value.
But this is not relevant for proofs because of proof irrelevance.

Note: This linter can be disabled with `set_option linter.style.haveILetI false`
warning: DifferentialGeometry/External/GrushkoNeumannTheorem/MarshallHall/GrushkoUnfold.lean:853:2: Try this: 
  letI̵

The goal is a proposition, so `let` is preferred over `letI`.
The difference between `let` and `letI` is that `letI` inlines the value.
But this is not relevant for proofs because of proof irrelevance.

Note: This linter can be disabled with `set_option linter.style.haveILetI false`
warning: DifferentialGeometry/External/GrushkoNeumannTheorem/MarshallHall/GrushkoUnfold.lean:856:30: This simp argument is unused:
  unfoldCanonical_eq_vertexAt_of_ne

Hint: Omit it from the simp argument list.
  [apply] simp [unfoldPostPath, hy, BinaryLabelling.pathRead_cast]

Note: This linter can be disabled with `set_option linter.unusedSimpArgs false`
warning: DifferentialGeometry/External/GrushkoNeumannTheorem/MarshallHall/GrushkoUnfold.lean:863:40: This simp argument is unused:
  unfoldCanonical_eq_old

Hint: Omit it from the simp argument list.
  [apply] simp [unfoldPostPath, hy, hcolor, BinaryLabelling.pathRead_cast]

Note: This linter can be disabled with `set_option linter.unusedSimpArgs false`
warning: DifferentialGeometry/External/GrushkoNeumannTheorem/MarshallHall/GrushkoUnfold.lean:865:40: This simp argument is unused:
  unfoldCanonical_eq_old

Hint: Omit it from the simp argument list.
  [apply] simp [unfoldPostPath, hy, hcolor, BinaryLabelling.pathRead_cast, unfoldSwitchNewOld_read]

Note: This linter can be disabled with `set_option linter.unusedSimpArgs false`
warning: DifferentialGeometry/External/GrushkoNeumannTheorem/MarshallHall/GrushkoUnfold.lean:875:2: Try this: 
  letI̵

The goal is a proposition, so `let` is preferred over `letI`.
The difference between `let` and `letI` is that `letI` inlines the value.
But this is not relevant for proofs because of proof irrelevance.

Note: This linter can be disabled with `set_option linter.style.haveILetI false`
warning: DifferentialGeometry/External/GrushkoNeumannTheorem/MarshallHall/GrushkoUnfold.lean:876:2: Try this: 
  letI̵

The goal is a proposition, so `let` is preferred over `letI`.
The difference between `let` and `letI` is that `letI` inlines the value.
But this is not relevant for proofs because of proof irrelevance.

Note: This linter can be disabled with `set_option linter.style.haveILetI false`
warning: DifferentialGeometry/External/GrushkoNeumannTheorem/MarshallHall/GrushkoUnfold.lean:910:2: Try this: 
  letI̵

The goal is a proposition, so `let` is preferred over `letI`.
The difference between `let` and `letI` is that `letI` inlines the value.
But this is not relevant for proofs because of proof irrelevance.

Note: This linter can be disabled with `set_option linter.style.haveILetI false`
warning: DifferentialGeometry/External/GrushkoNeumannTheorem/MarshallHall/GrushkoUnfold.lean:911:2: Try this: 
  letI̵

The goal is a proposition, so `let` is preferred over `letI`.
The difference between `let` and `letI` is that `letI` inlines the value.
But this is not relevant for proofs because of proof irrelevance.

Note: This linter can be disabled with `set_option linter.style.haveILetI false`
warning: DifferentialGeometry/External/GrushkoNeumannTheorem/MarshallHall/GrushkoUnfold.lean:968:2: Try this: 
  letI̵

The goal is a proposition, so `let` is preferred over `letI`.
The difference between `let` and `letI` is that `letI` inlines the value.
But this is not relevant for proofs because of proof irrelevance.

Note: This linter can be disabled with `set_option linter.style.haveILetI false`
warning: DifferentialGeometry/External/GrushkoNeumannTheorem/MarshallHall/GrushkoUnfold.lean:969:2: Try this: 
  letI̵

The goal is a proposition, so `let` is preferred over `letI`.
The difference between `let` and `letI` is that `letI` inlines the value.
But this is not relevant for proofs because of proof irrelevance.

Note: This linter can be disabled with `set_option linter.style.haveILetI false`
warning: DifferentialGeometry/External/GrushkoNeumannTheorem/MarshallHall/GrushkoUnfold.lean:992:2: Try this: 
  letI̵

The goal is a proposition, so `let` is preferred over `letI`.
The difference between `let` and `letI` is that `letI` inlines the value.
But this is not relevant for proofs because of proof irrelevance.

Note: This linter can be disabled with `set_option linter.style.haveILetI false`
warning: DifferentialGeometry/External/GrushkoNeumannTheorem/MarshallHall/GrushkoUnfold.lean:993:2: Try this: 
  letI̵

The goal is a proposition, so `let` is preferred over `letI`.
The difference between `let` and `letI` is that `letI` inlines the value.
But this is not relevant for proofs because of proof irrelevance.

Note: This linter can be disabled with `set_option linter.style.haveILetI false`
warning: DifferentialGeometry/External/GrushkoNeumannTheorem/MarshallHall/GrushkoUnfold.lean:998:8: This simp argument is unused:
  BinaryLabelling.pathLabels

Hint: Omit it from the simp argument list.
  [apply] simp [unfoldSymmLiftPath, BinaryLabelling.pathRead, BinaryLabelling.symmPathRead,
    BinaryLabelling.symmPathLabels, factorWordProd]

Note: This linter can be disabled with `set_option linter.unusedSimpArgs false`
warning: DifferentialGeometry/External/GrushkoNeumannTheorem/MarshallHall/GrushkoUnfold.lean:1080:2: Try this: 
  letI̵

The goal is a proposition, so `let` is preferred over `letI`.
The difference between `let` and `letI` is that `letI` inlines the value.
But this is not relevant for proofs because of proof irrelevance.

Note: This linter can be disabled with `set_option linter.style.haveILetI false`
warning: DifferentialGeometry/External/GrushkoNeumannTheorem/MarshallHall/GrushkoUnfold.lean:1081:2: Try this: 
  letI̵

The goal is a proposition, so `let` is preferred over `letI`.
The difference between `let` and `letI` is that `letI` inlines the value.
But this is not relevant for proofs because of proof irrelevance.

Note: This linter can be disabled with `set_option linter.style.haveILetI false`
warning: DifferentialGeometry/External/GrushkoNeumannTheorem/MarshallHall/GrushkoUnfold.lean:1086:38: This simp argument is unused:
  BinaryLabelling.pathLabels

Hint: Omit it from the simp argument list.
  [apply] simp [unfoldSymmMonochromaticPath, BinaryLabelling.pathRead, BinaryLabelling.symmPathRead,
    BinaryLabelling.symmPathLabels, factorWordProd]

Note: This linter can be disabled with `set_option linter.unusedSimpArgs false`
warning: DifferentialGeometry/External/GrushkoNeumannTheorem/MarshallHall/GrushkoUnfold.lean:1170:2: Try this: 
  letI̵

The goal is a proposition, so `let` is preferred over `letI`.
The difference between `let` and `letI` is that `letI` inlines the value.
But this is not relevant for proofs because of proof irrelevance.

Note: This linter can be disabled with `set_option linter.style.haveILetI false`
warning: DifferentialGeometry/External/GrushkoNeumannTheorem/MarshallHall/GrushkoUnfold.lean:1171:2: Try this: 
  letI̵

The goal is a proposition, so `let` is preferred over `letI`.
The difference between `let` and `letI` is that `letI` inlines the value.
But this is not relevant for proofs because of proof irrelevance.

Note: This linter can be disabled with `set_option linter.style.haveILetI false`
warning: DifferentialGeometry/External/GrushkoNeumannTheorem/MarshallHall/GrushkoUnfold.lean:1205:4: Try this: 
  letI̵

The goal is a proposition, so `let` is preferred over `letI`.
The difference between `let` and `letI` is that `letI` inlines the value.
But this is not relevant for proofs because of proof irrelevance.

Note: This linter can be disabled with `set_option linter.style.haveILetI false`
warning: DifferentialGeometry/External/GrushkoNeumannTheorem/MarshallHall/GrushkoUnfold.lean:1191:0: automatically included section variable(s) unused in theorem `MarshallHall.GeneralGrushko.unfoldPathEdges_comp`:
  [Fintype V]
  [(a b : V) → Fintype (a ⟶ b)]
consider restructuring your `variable` declarations so that the variables are not in scope or explicitly omit them:
  omit [Fintype V] [(a b : V) → Fintype (a ⟶ b)] in theorem ...

Note: This linter can be disabled with `set_option linter.unusedSectionVars false`
warning: DifferentialGeometry/External/GrushkoNeumannTheorem/MarshallHall/GrushkoUnfold.lean:1191:0: `unfoldPathEdges_comp` does not use the following hypotheses in its type:
  • [Fintype V] (#6)
  • [(a b : V) → Fintype (a ⟶ b)] (#9)

Consider replacing these hypotheses with the corresponding instances of `Finite` and using `Fintype.ofFinite` in the proof, or removing them entirely.

Note: This linter can be disabled with `set_option linter.unusedFintypeInType false`
warning: DifferentialGeometry/External/GrushkoNeumannTheorem/MarshallHall/GrushkoUnfold.lean:1225:2: Try this: 
  letI̵

The goal is a proposition, so `let` is preferred over `letI`.
The difference between `let` and `letI` is that `letI` inlines the value.
But this is not relevant for proofs because of proof irrelevance.

Note: This linter can be disabled with `set_option linter.style.haveILetI false`
warning: DifferentialGeometry/External/GrushkoNeumannTheorem/MarshallHall/GrushkoUnfold.lean:1226:2: Try this: 
  letI̵

The goal is a proposition, so `let` is preferred over `letI`.
The difference between `let` and `letI` is that `letI` inlines the value.
But this is not relevant for proofs because of proof irrelevance.

Note: This linter can be disabled with `set_option linter.style.haveILetI false`
warning: DifferentialGeometry/External/GrushkoNeumannTheorem/MarshallHall/GrushkoUnfold.lean:1243:0: automatically included section variable(s) unused in theorem `MarshallHall.GeneralGrushko.unfoldMonochromaticPath_edges_original`:
  [Fintype V]
  [(a b : V) → Fintype (a ⟶ b)]
consider restructuring your `variable` declarations so that the variables are not in scope or explicitly omit them:
  omit [Fintype V] [(a b : V) → Fintype (a ⟶ b)] in theorem ...

Note: This linter can be disabled with `set_option linter.unusedSectionVars false`
warning: DifferentialGeometry/External/GrushkoNeumannTheorem/MarshallHall/GrushkoUnfold.lean:1243:0: `unfoldMonochromaticPath_edges_original` does not use the following hypotheses in its type:
  • [Fintype V] (#6)
  • [(a b : V) → Fintype (a ⟶ b)] (#9)

Consider replacing these hypotheses with the corresponding instances of `Finite` and using `Fintype.ofFinite` in the proof, or removing them entirely.

Note: This linter can be disabled with `set_option linter.unusedFintypeInType false`
warning: DifferentialGeometry/External/GrushkoNeumannTheorem/MarshallHall/GrushkoUnfold.lean:1284:2: Try this: 
  letI̵

The goal is a proposition, so `let` is preferred over `letI`.
The difference between `let` and `letI` is that `letI` inlines the value.
But this is not relevant for proofs because of proof irrelevance.

Note: This linter can be disabled with `set_option linter.style.haveILetI false`
warning: DifferentialGeometry/External/GrushkoNeumannTheorem/MarshallHall/GrushkoUnfold.lean:1285:2: Try this: 
  letI̵

The goal is a proposition, so `let` is preferred over `letI`.
The difference between `let` and `letI` is that `letI` inlines the value.
But this is not relevant for proofs because of proof irrelevance.

Note: This linter can be disabled with `set_option linter.style.haveILetI false`
warning: DifferentialGeometry/External/GrushkoNeumannTheorem/MarshallHall/GrushkoUnfold.lean:1367:2: Try this: 
  letI̵

The goal is a proposition, so `let` is preferred over `letI`.
The difference between `let` and `letI` is that `letI` inlines the value.
But this is not relevant for proofs because of proof irrelevance.

Note: This linter can be disabled with `set_option linter.style.haveILetI false`
warning: DifferentialGeometry/External/GrushkoNeumannTheorem/MarshallHall/GrushkoUnfold.lean:1368:2: Try this: 
  letI̵

The goal is a proposition, so `let` is preferred over `letI`.
The difference between `let` and `letI` is that `letI` inlines the value.
But this is not relevant for proofs because of proof irrelevance.

Note: This linter can be disabled with `set_option linter.style.haveILetI false`
warning: DifferentialGeometry/External/GrushkoNeumannTheorem/MarshallHall/GrushkoUnfold.lean:1449:2: Try this: 
  letI̵

The goal is a proposition, so `let` is preferred over `letI`.
The difference between `let` and `letI` is that `letI` inlines the value.
But this is not relevant for proofs because of proof irrelevance.

Note: This linter can be disabled with `set_option linter.style.haveILetI false`
warning: DifferentialGeometry/External/GrushkoNeumannTheorem/MarshallHall/GrushkoUnfold.lean:1450:2: Try this: 
  letI̵

The goal is a proposition, so `let` is preferred over `letI`.
The difference between `let` and `letI` is that `letI` inlines the value.
But this is not relevant for proofs because of proof irrelevance.

Note: This linter can be disabled with `set_option linter.style.haveILetI false`
warning: DifferentialGeometry/External/GrushkoNeumannTheorem/MarshallHall/GrushkoUnfold.lean:1508:2: Try this: 
  letI̵

The goal is a proposition, so `let` is preferred over `letI`.
The difference between `let` and `letI` is that `letI` inlines the value.
But this is not relevant for proofs because of proof irrelevance.

Note: This linter can be disabled with `set_option linter.style.haveILetI false`
warning: DifferentialGeometry/External/GrushkoNeumannTheorem/MarshallHall/GrushkoUnfold.lean:1509:2: Try this: 
  letI̵

The goal is a proposition, so `let` is preferred over `letI`.
The difference between `let` and `letI` is that `letI` inlines the value.
But this is not relevant for proofs because of proof irrelevance.

Note: This linter can be disabled with `set_option linter.style.haveILetI false`
warning: DifferentialGeometry/External/GrushkoNeumannTheorem/MarshallHall/GrushkoUnfold.lean:1527:5: Variable name `hq` is not explicitly referenced.

Hint: The binding can be removed (if unused) or named `_` (if used implicitly). Alternatively, prefix the name with `_` to silence this warning:
  [apply] _hq

Note: This linter can be disabled with `set_option linter.unusedVariables false`
warning: DifferentialGeometry/External/GrushkoNeumannTheorem/MarshallHall/GrushkoUnfold.lean:1520:0: `unfoldDuplicateFoldPath_target_eq_old` does not use the following hypotheses in its type:
  • [Fintype V] (#6)
  • [(a b : V) → Fintype (a ⟶ b)] (#9)

Consider replacing these hypotheses with the corresponding instances of `Finite` and using `Fintype.ofFinite` in the proof, or removing them entirely.

Note: This linter can be disabled with `set_option linter.unusedFintypeInType false`
warning: DifferentialGeometry/External/GrushkoNeumannTheorem/MarshallHall/GrushkoUnfold.lean:1572:2: Try this: 
  letI̵

The goal is a proposition, so `let` is preferred over `letI`.
The difference between `let` and `letI` is that `letI` inlines the value.
But this is not relevant for proofs because of proof irrelevance.

Note: This linter can be disabled with `set_option linter.style.haveILetI false`
warning: DifferentialGeometry/External/GrushkoNeumannTheorem/MarshallHall/GrushkoUnfold.lean:1574:2: Try this: 
  letI̵

The goal is a proposition, so `let` is preferred over `letI`.
The difference between `let` and `letI` is that `letI` inlines the value.
But this is not relevant for proofs because of proof irrelevance.

Note: This linter can be disabled with `set_option linter.style.haveILetI false`
warning: DifferentialGeometry/External/GrushkoNeumannTheorem/MarshallHall/GrushkoUnfold.lean:1633:2: Try this: 
  letI̵

The goal is a proposition, so `let` is preferred over `letI`.
The difference between `let` and `letI` is that `letI` inlines the value.
But this is not relevant for proofs because of proof irrelevance.

Note: This linter can be disabled with `set_option linter.style.haveILetI false`
warning: DifferentialGeometry/External/GrushkoNeumannTheorem/MarshallHall/GrushkoUnfold.lean:1635:2: Try this: 
  letI̵

The goal is a proposition, so `let` is preferred over `letI`.
The difference between `let` and `letI` is that `letI` inlines the value.
But this is not relevant for proofs because of proof irrelevance.

Note: This linter can be disabled with `set_option linter.style.haveILetI false`
warning: DifferentialGeometry/External/GrushkoNeumannTheorem/MarshallHall/GrushkoUnfold.lean:1730:2: Try this: 
  letI̵

The goal is a proposition, so `let` is preferred over `letI`.
The difference between `let` and `letI` is that `letI` inlines the value.
But this is not relevant for proofs because of proof irrelevance.

Note: This linter can be disabled with `set_option linter.style.haveILetI false`
warning: DifferentialGeometry/External/GrushkoNeumannTheorem/MarshallHall/GrushkoUnfold.lean:1732:2: Try this: 
  letI̵

The goal is a proposition, so `let` is preferred over `letI`.
The difference between `let` and `letI` is that `letI` inlines the value.
But this is not relevant for proofs because of proof irrelevance.

Note: This linter can be disabled with `set_option linter.style.haveILetI false`
warning: DifferentialGeometry/External/GrushkoNeumannTheorem/MarshallHall/GrushkoUnfold.lean:1790:2: Try this: 
  letI̵

The goal is a proposition, so `let` is preferred over `letI`.
The difference between `let` and `letI` is that `letI` inlines the value.
But this is not relevant for proofs because of proof irrelevance.

Note: This linter can be disabled with `set_option linter.style.haveILetI false`
warning: DifferentialGeometry/External/GrushkoNeumannTheorem/MarshallHall/GrushkoUnfold.lean:1792:2: Try this: 
  letI̵

The goal is a proposition, so `let` is preferred over `letI`.
The difference between `let` and `letI` is that `letI` inlines the value.
But this is not relevant for proofs because of proof irrelevance.

Note: This linter can be disabled with `set_option linter.style.haveILetI false`
warning: DifferentialGeometry/External/GrushkoNeumannTheorem/MarshallHall/GrushkoUnfold.lean:1801:0: `unfoldNew_ne_sourceAt_color` does not use the following hypotheses in its type:
  • [Fintype V] (#6)
  • [(a b : V) → Fintype (a ⟶ b)] (#9)

Consider replacing these hypotheses with the corresponding instances of `Finite` and using `Fintype.ofFinite` in the proof, or removing them entirely.

Note: This linter can be disabled with `set_option linter.unusedFintypeInType false`
warning: DifferentialGeometry/External/GrushkoNeumannTheorem/MarshallHall/GrushkoUnfold.lean:1816:0: `unfoldNew_ne_vertexAt_of_ne_source` does not use the following hypotheses in its type:
  • [Fintype V] (#6)
  • [(a b : V) → Fintype (a ⟶ b)] (#9)

Consider replacing these hypotheses with the corresponding instances of `Finite` and using `Fintype.ofFinite` in the proof, or removing them entirely.

Note: This linter can be disabled with `set_option linter.unusedFintypeInType false`
warning: DifferentialGeometry/External/GrushkoNeumannTheorem/MarshallHall/GrushkoUnfold.lean:1886:2: Try this: 
  letI̵

The goal is a proposition, so `let` is preferred over `letI`.
The difference between `let` and `letI` is that `letI` inlines the value.
But this is not relevant for proofs because of proof irrelevance.

Note: This linter can be disabled with `set_option linter.style.haveILetI false`
warning: DifferentialGeometry/External/GrushkoNeumannTheorem/MarshallHall/GrushkoUnfold.lean:1888:2: Try this: 
  letI̵

The goal is a proposition, so `let` is preferred over `letI`.
The difference between `let` and `letI` is that `letI` inlines the value.
But this is not relevant for proofs because of proof irrelevance.

Note: This linter can be disabled with `set_option linter.style.haveILetI false`
warning: DifferentialGeometry/External/GrushkoNeumannTheorem/MarshallHall/GrushkoUnfold.lean:1890:2: Try this: 
  letI̵

The goal is a proposition, so `let` is preferred over `letI`.
The difference between `let` and `letI` is that `letI` inlines the value.
But this is not relevant for proofs because of proof irrelevance.

Note: This linter can be disabled with `set_option linter.style.haveILetI false`
warning: DifferentialGeometry/External/GrushkoNeumannTheorem/MarshallHall/GrushkoUnfold.lean:1892:2: Try this: 
  letI̵

The goal is a proposition, so `let` is preferred over `letI`.
The difference between `let` and `letI` is that `letI` inlines the value.
But this is not relevant for proofs because of proof irrelevance.

Note: This linter can be disabled with `set_option linter.style.haveILetI false`
✔ [12512/26417] Built DifferentialGeometry.Geometry.Boundary.Manifold.CollaredQuotientSeamOpen (2.6s)
✔ [12514/26417] Built DifferentialGeometry.Analysis.Schauder.Cutoff.Parabolic.Basic (2.2s)
✔ [12518/26417] Built DifferentialGeometry.Topology.Morse.Existence (2.5s)
✔ [12519/26417] Built DifferentialGeometry.Analysis.Integration.Measure.SurfaceFlux (5.8s)
✔ [12533/26417] Built DifferentialGeometry.Tensor.Exterior.ZeroForm (3.6s)
✔ [12542/26417] Built DifferentialGeometry.Topology.Manifold.EmbeddedHypersurface.DefiningFunction (2.2s)
✔ [12544/26417] Built DifferentialGeometry.Topology.Collar.CompactRegion (1.6s)
✔ [12548/26417] Built DifferentialGeometry.Topology.Morse.CubicChartCancellation (2.4s)
✔ [12549/26417] Built DifferentialGeometry.Topology.FundamentalGroup.FiniteGeneration.FiniteCoverGroups (1.8s)
✔ [12550/26417] Built DifferentialGeometry.Tensor.Exterior.Leibniz (7.4s)
✔ [12551/26417] Built DifferentialGeometry.Topology.Double.NegativeTransition (1.8s)
✔ [12557/26417] Built DifferentialGeometry.Topology.Manifold.SmoothBoundaryAtlas.OrientationTransport (2.4s)
✔ [12558/26417] Built DifferentialGeometry.Analysis.Parabolic.Euclidean.KochLamm.Flux.Cover (2.1s)
✔ [12575/26417] Built DifferentialGeometry.Analysis.Parabolic.Euclidean.KochLamm.Late.Shell (1.9s)
✔ [12580/26417] Built DifferentialGeometry.Topology.VectorField.Spanning (2.4s)
✔ [12586/26417] Built DifferentialGeometry.Topology.VectorField.InwardCollarOutwardization (3.6s)
✔ [12606/26417] Built DifferentialGeometry.Topology.VectorField.RiemannianGradientLinearization (2.0s)
✔ [12607/26417] Built DifferentialGeometry.Geometry.Connection.OrthonormalFrame.SelfAdjoint (5.7s)
✔ [12608/26417] Built DifferentialGeometry.Geometry.Operator.CutoffSupport (1.9s)
✔ [12620/26417] Built DifferentialGeometry.Analysis.Integration.Measure.BorelManifold.Derived (3.1s)
✔ [12626/26417] Built DifferentialGeometry.Analysis.Sobolev.Euclidean.SupportAndDomain.IteratedSobolevSigmaCompactPatch (3.9s)
✔ [12627/26417] Built DifferentialGeometry.Analysis.Sobolev.Euclidean.IteratedSobolevSpace.WkpNormHkDecomposition (4.0s)
✔ [12628/26417] Built DifferentialGeometry.Topology.PiecewiseLinear.StdConeSector (2.1s)
✔ [12629/26417] Built DifferentialGeometry.Topology.PiecewiseLinear.LayerAffineMap (2.2s)
⚠ [12632/26417] Built DifferentialGeometry.External.GraphCoveringTheory.KuroshFreeFiber (1.2s)
warning: DifferentialGeometry/External/GraphCoveringTheory/KuroshFreeFiber.lean:31:43: This simp argument is unused:
  Prefunctor.mapPath

Hint: Omit it from the simp argument list.
  [apply] simp only [coverFreeGroupoidPathHom]

Note: This linter can be disabled with `set_option linter.unusedSimpArgs false`
✔ [12635/26417] Built DifferentialGeometry.Analysis.Sobolev.Euclidean.IteratedSobolevSpace.IteratedL2 (5.1s)
⚠ [12636/26417] Built DifferentialGeometry.External.GrushkoNeumannTheorem.MarshallHall.GrushkoReductionChain (2.0s)
warning: DifferentialGeometry/External/GrushkoNeumannTheorem/MarshallHall/GrushkoReductionChain.lean:11:0: Unscoped option maxHeartbeats is not allowed:
Please scope this to individual declarations, as in
```
set_option maxHeartbeats in
-- comment explaining why this is necessary
example : ... := ...
```

Note: This linter can be disabled with `set_option linter.style.setOption false`
warning: DifferentialGeometry/External/GrushkoNeumannTheorem/MarshallHall/GrushkoReductionChain.lean:43:5: Variable name `hV` is not explicitly referenced.

Hint: The binding can be removed (if unused) or named `_` (if used implicitly). Alternatively, prefix the name with `_` to silence this warning:
  [apply] _hV

Note: This linter can be disabled with `set_option linter.unusedVariables false`
warning: DifferentialGeometry/External/GrushkoNeumannTheorem/MarshallHall/GrushkoReductionChain.lean:44:5: Variable name `hHom` is not explicitly referenced.

Hint: The binding can be removed (if unused) or named `_` (if used implicitly). Alternatively, prefix the name with `_` to silence this warning:
  [apply] _hHom

Note: This linter can be disabled with `set_option linter.unusedVariables false`
warning: DifferentialGeometry/External/GrushkoNeumannTheorem/MarshallHall/GrushkoReductionChain.lean:73:5: Variable name `hV` is not explicitly referenced.

Hint: The binding can be removed (if unused) or named `_` (if used implicitly). Alternatively, prefix the name with `_` to silence this warning:
  [apply] _hV

Note: This linter can be disabled with `set_option linter.unusedVariables false`
warning: DifferentialGeometry/External/GrushkoNeumannTheorem/MarshallHall/GrushkoReductionChain.lean:74:5: Variable name `hHom` is not explicitly referenced.

Hint: The binding can be removed (if unused) or named `_` (if used implicitly). Alternatively, prefix the name with `_` to silence this warning:
  [apply] _hHom

Note: This linter can be disabled with `set_option linter.unusedVariables false`
warning: DifferentialGeometry/External/GrushkoNeumannTheorem/MarshallHall/GrushkoReductionChain.lean:209:10: Try this: 
  letI̵

The goal is a proposition, so `let` is preferred over `letI`.
The difference between `let` and `letI` is that `letI` inlines the value.
But this is not relevant for proofs because of proof irrelevance.

Note: This linter can be disabled with `set_option linter.style.haveILetI false`
warning: DifferentialGeometry/External/GrushkoNeumannTheorem/MarshallHall/GrushkoReductionChain.lean:210:10: Try this: 
  letI̵

The goal is a proposition, so `let` is preferred over `letI`.
The difference between `let` and `letI` is that `letI` inlines the value.
But this is not relevant for proofs because of proof irrelevance.

Note: This linter can be disabled with `set_option linter.style.haveILetI false`
warning: DifferentialGeometry/External/GrushkoNeumannTheorem/MarshallHall/GrushkoReductionChain.lean:212:10: Try this: 
  letI̵

The goal is a proposition, so `let` is preferred over `letI`.
The difference between `let` and `letI` is that `letI` inlines the value.
But this is not relevant for proofs because of proof irrelevance.

Note: This linter can be disabled with `set_option linter.style.haveILetI false`
warning: DifferentialGeometry/External/GrushkoNeumannTheorem/MarshallHall/GrushkoReductionChain.lean:214:10: Try this: 
  letI̵

The goal is a proposition, so `let` is preferred over `letI`.
The difference between `let` and `letI` is that `letI` inlines the value.
But this is not relevant for proofs because of proof irrelevance.

Note: This linter can be disabled with `set_option linter.style.haveILetI false`
warning: DifferentialGeometry/External/GrushkoNeumannTheorem/MarshallHall/GrushkoReductionChain.lean:225:2: Try this: 
  letI̵

The goal is a proposition, so `let` is preferred over `letI`.
The difference between `let` and `letI` is that `letI` inlines the value.
But this is not relevant for proofs because of proof irrelevance.

Note: This linter can be disabled with `set_option linter.style.haveILetI false`
warning: DifferentialGeometry/External/GrushkoNeumannTheorem/MarshallHall/GrushkoReductionChain.lean:228:2: Try this: 
  letI̵

The goal is a proposition, so `let` is preferred over `letI`.
The difference between `let` and `letI` is that `letI` inlines the value.
But this is not relevant for proofs because of proof irrelevance.

Note: This linter can be disabled with `set_option linter.style.haveILetI false`
warning: DifferentialGeometry/External/GrushkoNeumannTheorem/MarshallHall/GrushkoReductionChain.lean:232:2: Try this: 
  letI̵

The goal is a proposition, so `let` is preferred over `letI`.
The difference between `let` and `letI` is that `letI` inlines the value.
But this is not relevant for proofs because of proof irrelevance.

Note: This linter can be disabled with `set_option linter.style.haveILetI false`
warning: DifferentialGeometry/External/GrushkoNeumannTheorem/MarshallHall/GrushkoReductionChain.lean:236:2: Try this: 
  letI̵

The goal is a proposition, so `let` is preferred over `letI`.
The difference between `let` and `letI` is that `letI` inlines the value.
But this is not relevant for proofs because of proof irrelevance.

Note: This linter can be disabled with `set_option linter.style.haveILetI false`
✔ [12638/26417] Built DifferentialGeometry.External.GraphCoveringTheory.KuroshCoverAction (1.2s)
⚠ [12640/26417] Built DifferentialGeometry.External.GrushkoNeumannTheorem.MarshallHall.GrushkoUnsafe (2.1s)
warning: DifferentialGeometry/External/GrushkoNeumannTheorem/MarshallHall/GrushkoUnsafe.lean:39:0: `foldVertexMk_eq_of_not_eq` does not use the following hypotheses in its type:
  • [Fintype V] (#2)
  • [(a b : V) → Fintype (a ⟶ b)] (#5)

Consider replacing these hypotheses with the corresponding instances of `Finite` and using `Fintype.ofFinite` in the proof, or removing them entirely.

Note: This linter can be disabled with `set_option linter.unusedFintypeInType false`
warning: DifferentialGeometry/External/GrushkoNeumannTheorem/MarshallHall/GrushkoUnsafe.lean:107:31: try 'simp' instead of 'simpa'

Note: This linter can be disabled with `set_option linter.unnecessarySimpa false`
warning: DifferentialGeometry/External/GrushkoNeumannTheorem/MarshallHall/GrushkoUnsafe.lean:72:0: `exists_nonloop_incident_of_symm_path` does not use the following hypotheses in its type:
  • [Fintype V] (#2)
  • [(a b : V) → Fintype (a ⟶ b)] (#5)

Consider replacing these hypotheses with the corresponding instances of `Finite` and using `Fintype.ofFinite` in the proof, or removing them entirely.

Note: This linter can be disabled with `set_option linter.unusedFintypeInType false`
warning: DifferentialGeometry/External/GrushkoNeumannTheorem/MarshallHall/GrushkoUnsafe.lean:114:5: Variable name `hgen` is not explicitly referenced.

Hint: The binding can be removed (if unused) or named `_` (if used implicitly). Alternatively, prefix the name with `_` to silence this warning:
  [apply] _hgen

Note: This linter can be disabled with `set_option linter.unusedVariables false`
warning: DifferentialGeometry/External/GrushkoNeumannTheorem/MarshallHall/GrushkoUnsafe.lean:114:29: Variable name `hconn` is not explicitly referenced.

Hint: The binding can be removed (if unused) or named `_` (if used implicitly). Alternatively, prefix the name with `_` to silence this warning:
  [apply] _hconn

Note: This linter can be disabled with `set_option linter.unusedVariables false`
warning: DifferentialGeometry/External/GrushkoNeumannTheorem/MarshallHall/GrushkoUnsafe.lean:115:5: Variable name `hfree` is not explicitly referenced.

Hint: The binding can be removed (if unused) or named `_` (if used implicitly). Alternatively, prefix the name with `_` to silence this warning:
  [apply] _hfree

Note: This linter can be disabled with `set_option linter.unusedVariables false`
warning: DifferentialGeometry/External/GrushkoNeumannTheorem/MarshallHall/GrushkoUnsafe.lean:116:5: Variable name `hEuler` is not explicitly referenced.

Hint: The binding can be removed (if unused) or named `_` (if used implicitly). Alternatively, prefix the name with `_` to silence this warning:
  [apply] _hEuler

Note: This linter can be disabled with `set_option linter.unusedVariables false`
warning: DifferentialGeometry/External/GrushkoNeumannTheorem/MarshallHall/GrushkoUnsafe.lean:174:2: Try this: 
  letI̵

The goal is a proposition, so `let` is preferred over `letI`.
The difference between `let` and `letI` is that `letI` inlines the value.
But this is not relevant for proofs because of proof irrelevance.

Note: This linter can be disabled with `set_option linter.style.haveILetI false`
warning: DifferentialGeometry/External/GrushkoNeumannTheorem/MarshallHall/GrushkoUnsafe.lean:175:2: Try this: 
  letI̵

The goal is a proposition, so `let` is preferred over `letI`.
The difference between `let` and `letI` is that `letI` inlines the value.
But this is not relevant for proofs because of proof irrelevance.

Note: This linter can be disabled with `set_option linter.style.haveILetI false`
warning: DifferentialGeometry/External/GrushkoNeumannTheorem/MarshallHall/GrushkoUnsafe.lean:176:2: Try this: 
  letI̵

The goal is a proposition, so `let` is preferred over `letI`.
The difference between `let` and `letI` is that `letI` inlines the value.
But this is not relevant for proofs because of proof irrelevance.

Note: This linter can be disabled with `set_option linter.style.haveILetI false`
warning: DifferentialGeometry/External/GrushkoNeumannTheorem/MarshallHall/GrushkoUnsafe.lean:178:2: Try this: 
  letI̵

The goal is a proposition, so `let` is preferred over `letI`.
The difference between `let` and `letI` is that `letI` inlines the value.
But this is not relevant for proofs because of proof irrelevance.

Note: This linter can be disabled with `set_option linter.style.haveILetI false`
warning: DifferentialGeometry/External/GrushkoNeumannTheorem/MarshallHall/GrushkoUnsafe.lean:228:2: Try this: 
  letI̵

The goal is a proposition, so `let` is preferred over `letI`.
The difference between `let` and `letI` is that `letI` inlines the value.
But this is not relevant for proofs because of proof irrelevance.

Note: This linter can be disabled with `set_option linter.style.haveILetI false`
warning: DifferentialGeometry/External/GrushkoNeumannTheorem/MarshallHall/GrushkoUnsafe.lean:230:2: Try this: 
  letI̵

The goal is a proposition, so `let` is preferred over `letI`.
The difference between `let` and `letI` is that `letI` inlines the value.
But this is not relevant for proofs because of proof irrelevance.

Note: This linter can be disabled with `set_option linter.style.haveILetI false`
warning: DifferentialGeometry/External/GrushkoNeumannTheorem/MarshallHall/GrushkoUnsafe.lean:232:2: Try this: 
  letI̵

The goal is a proposition, so `let` is preferred over `letI`.
The difference between `let` and `letI` is that `letI` inlines the value.
But this is not relevant for proofs because of proof irrelevance.

Note: This linter can be disabled with `set_option linter.style.haveILetI false`
warning: DifferentialGeometry/External/GrushkoNeumannTheorem/MarshallHall/GrushkoUnsafe.lean:420:2: Try this: 
  letI̵

The goal is a proposition, so `let` is preferred over `letI`.
The difference between `let` and `letI` is that `letI` inlines the value.
But this is not relevant for proofs because of proof irrelevance.

Note: This linter can be disabled with `set_option linter.style.haveILetI false`
warning: DifferentialGeometry/External/GrushkoNeumannTheorem/MarshallHall/GrushkoUnsafe.lean:422:2: Try this: 
  letI̵

The goal is a proposition, so `let` is preferred over `letI`.
The difference between `let` and `letI` is that `letI` inlines the value.
But this is not relevant for proofs because of proof irrelevance.

Note: This linter can be disabled with `set_option linter.style.haveILetI false`
warning: DifferentialGeometry/External/GrushkoNeumannTheorem/MarshallHall/GrushkoUnsafe.lean:424:2: Try this: 
  letI̵

The goal is a proposition, so `let` is preferred over `letI`.
The difference between `let` and `letI` is that `letI` inlines the value.
But this is not relevant for proofs because of proof irrelevance.

Note: This linter can be disabled with `set_option linter.style.haveILetI false`
warning: DifferentialGeometry/External/GrushkoNeumannTheorem/MarshallHall/GrushkoUnsafe.lean:426:2: Try this: 
  letI̵

The goal is a proposition, so `let` is preferred over `letI`.
The difference between `let` and `letI` is that `letI` inlines the value.
But this is not relevant for proofs because of proof irrelevance.

Note: This linter can be disabled with `set_option linter.style.haveILetI false`
warning: DifferentialGeometry/External/GrushkoNeumannTheorem/MarshallHall/GrushkoUnsafe.lean:429:2: Try this: 
  letI̵

The goal is a proposition, so `let` is preferred over `letI`.
The difference between `let` and `letI` is that `letI` inlines the value.
But this is not relevant for proofs because of proof irrelevance.

Note: This linter can be disabled with `set_option linter.style.haveILetI false`
warning: DifferentialGeometry/External/GrushkoNeumannTheorem/MarshallHall/GrushkoUnsafe.lean:435:2: Try this: 
  letI̵

The goal is a proposition, so `let` is preferred over `letI`.
The difference between `let` and `letI` is that `letI` inlines the value.
But this is not relevant for proofs because of proof irrelevance.

Note: This linter can be disabled with `set_option linter.style.haveILetI false`
warning: DifferentialGeometry/External/GrushkoNeumannTheorem/MarshallHall/GrushkoUnsafe.lean:439:2: Try this: 
  letI̵

The goal is a proposition, so `let` is preferred over `letI`.
The difference between `let` and `letI` is that `letI` inlines the value.
But this is not relevant for proofs because of proof irrelevance.

Note: This linter can be disabled with `set_option linter.style.haveILetI false`
warning: DifferentialGeometry/External/GrushkoNeumannTheorem/MarshallHall/GrushkoUnsafe.lean:443:2: Try this: 
  letI̵

The goal is a proposition, so `let` is preferred over `letI`.
The difference between `let` and `letI` is that `letI` inlines the value.
But this is not relevant for proofs because of proof irrelevance.

Note: This linter can be disabled with `set_option linter.style.haveILetI false`
warning: DifferentialGeometry/External/GrushkoNeumannTheorem/MarshallHall/GrushkoUnsafe.lean:305:5: Variable name `hcard₁` is not explicitly referenced.

Hint: The binding can be removed (if unused) or named `_` (if used implicitly). Alternatively, prefix the name with `_` to silence this warning:
  [apply] _hcard₁

Note: This linter can be disabled with `set_option linter.unusedVariables false`
✔ [12648/26417] Built DifferentialGeometry.Geometry.Boundary.Manifold.CollaredQuotientSeamPiece (2.1s)
✔ [12662/26417] Built DifferentialGeometry.Tensor.Exterior.Cochain (2.5s)
✔ [12663/26417] Built DifferentialGeometry.Analysis.Schauder.Cutoff.Parabolic.Ball (2.4s)
✔ [12667/26417] Built DifferentialGeometry.Topology.VanKampen.HomotopyEquivalentCover (1.4s)
✔ [12673/26417] Built DifferentialGeometry.Topology.Morse.CriticalValues (2.1s)
✔ [12683/26417] Built DifferentialGeometry.Topology.FundamentalGroup.FiniteGeneration.CoverConnectors (1.5s)
✔ [12684/26417] Built DifferentialGeometry.Topology.Double.SmoothAtlas (2.0s)
✔ [12695/26417] Built DifferentialGeometry.Topology.Morse.RelativeApproximation (1.9s)
✔ [12698/26417] Built DifferentialGeometry.Topology.PiecewiseLinear.LocallyPolyhedralImage (1.5s)
✔ [12699/26417] Built DifferentialGeometry.External.CanonicalTopology.Topology.Homology.RelativeCapConnecting (2.2s)
✔ [12712/26417] Built DifferentialGeometry.Analysis.Parabolic.Euclidean.KochLamm.Flux.Shell (1.7s)
✔ [12740/26417] Built DifferentialGeometry.Analysis.Parabolic.Euclidean.KochLamm.Late.AbsoluteBounds (1.9s)
✔ [12749/26417] Built DifferentialGeometry.Topology.VectorField.InwardCollarIndexGerm (1.8s)
✔ [12752/26417] Built DifferentialGeometry.Topology.VectorField.InwardCollarZeros (1.9s)
⚠ [12754/26417] Built DifferentialGeometry.External.GraphCoveringTheory.KuroshCoverConnected (1.2s)
warning: DifferentialGeometry/External/GraphCoveringTheory/KuroshCoverConnected.lean:36:4: `simp` is a flexible tactic modifying `⊢`. Try `simp?` and use the suggested `simp only [...]`. Alternatively, use `suffices` to explicitly state the simplified form.

Note: This linter can be disabled with `set_option linter.flexible false`
info: DifferentialGeometry/External/GraphCoveringTheory/KuroshCoverConnected.lean:36:4: Try this:
  [apply] simp only [IsIso.inv_id, Category.comp_id]
info: DifferentialGeometry/External/GraphCoveringTheory/KuroshCoverConnected.lean:37:4: `exact hq`
modifies the current goal, which was modified by the flexible tactic `simp` on line 36!
✔ [12755/26417] Built DifferentialGeometry.Analysis.Parabolic.Euclidean.HeatPotential.PositiveDefinite (2.0s)
⚠ [12764/26417] Built DifferentialGeometry.External.GrushkoNeumannTheorem.MarshallHall.GrushkoFull (2.2s)
warning: DifferentialGeometry/External/GrushkoNeumannTheorem/MarshallHall/GrushkoFull.lean:12:0: Unscoped option maxHeartbeats is not allowed:
Please scope this to individual declarations, as in
```
set_option maxHeartbeats in
-- comment explaining why this is necessary
example : ... := ...
```

Note: This linter can be disabled with `set_option linter.style.setOption false`
warning: DifferentialGeometry/External/GrushkoNeumannTheorem/MarshallHall/GrushkoFull.lean:53:0: automatically included section variable(s) unused in theorem `MarshallHall.GeneralGrushko.ordinaryPathOfSymm_read`:
  [Fintype V]
  [(a b : V) → Fintype (a ⟶ b)]
consider restructuring your `variable` declarations so that the variables are not in scope or explicitly omit them:
  omit [Fintype V] [(a b : V) → Fintype (a ⟶ b)] in theorem ...

Note: This linter can be disabled with `set_option linter.unusedSectionVars false`
warning: DifferentialGeometry/External/GrushkoNeumannTheorem/MarshallHall/GrushkoFull.lean:53:0: `ordinaryPathOfSymm_read` does not use the following hypotheses in its type:
  • [Fintype V] (#6)
  • [(a b : V) → Fintype (a ⟶ b)] (#9)

Consider replacing these hypotheses with the corresponding instances of `Finite` and using `Fintype.ofFinite` in the proof, or removing them entirely.

Note: This linter can be disabled with `set_option linter.unusedFintypeInType false`
warning: DifferentialGeometry/External/GrushkoNeumannTheorem/MarshallHall/GrushkoFull.lean:84:0: automatically included section variable(s) unused in theorem `MarshallHall.GeneralGrushko.rerootMarkedGraph_read`:
  [Fintype V]
  [(a b : V) → Fintype (a ⟶ b)]
consider restructuring your `variable` declarations so that the variables are not in scope or explicitly omit them:
  omit [Fintype V] [(a b : V) → Fintype (a ⟶ b)] in theorem ...

Note: This linter can be disabled with `set_option linter.unusedSectionVars false`
warning: DifferentialGeometry/External/GrushkoNeumannTheorem/MarshallHall/GrushkoFull.lean:84:0: `rerootMarkedGraph_read` does not use the following hypotheses in its type:
  • [Fintype V] (#6)
  • [(a b : V) → Fintype (a ⟶ b)] (#9)

Consider replacing these hypotheses with the corresponding instances of `Finite` and using `Fintype.ofFinite` in the proof, or removing them entirely.

Note: This linter can be disabled with `set_option linter.unusedFintypeInType false`
warning: DifferentialGeometry/External/GrushkoNeumannTheorem/MarshallHall/GrushkoFull.lean:99:0: `rerootMarkedGraph_isGenerating` does not use the following hypotheses in its type:
  • [Fintype V] (#6)
  • [(a b : V) → Fintype (a ⟶ b)] (#9)

Consider replacing these hypotheses with the corresponding instances of `Finite` and using `Fintype.ofFinite` in the proof, or removing them entirely.

Note: This linter can be disabled with `set_option linter.unusedFintypeInType false`
warning: DifferentialGeometry/External/GrushkoNeumannTheorem/MarshallHall/GrushkoFull.lean:108:0: automatically included section variable(s) unused in theorem `MarshallHall.GeneralGrushko.rerootMarkedGraph_weaklyConnected`:
  [Fintype V]
  [(a b : V) → Fintype (a ⟶ b)]
consider restructuring your `variable` declarations so that the variables are not in scope or explicitly omit them:
  omit [Fintype V] [(a b : V) → Fintype (a ⟶ b)] in theorem ...

Note: This linter can be disabled with `set_option linter.unusedSectionVars false`
warning: DifferentialGeometry/External/GrushkoNeumannTheorem/MarshallHall/GrushkoFull.lean:108:0: `rerootMarkedGraph_weaklyConnected` does not use the following hypotheses in its type:
  • [Fintype V] (#6)
  • [(a b : V) → Fintype (a ⟶ b)] (#9)

Consider replacing these hypotheses with the corresponding instances of `Finite` and using `Fintype.ofFinite` in the proof, or removing them entirely.

Note: This linter can be disabled with `set_option linter.unusedFintypeInType false`
warning: DifferentialGeometry/External/GrushkoNeumannTheorem/MarshallHall/GrushkoFull.lean:122:5: Variable name `hW` is not explicitly referenced.

Hint: The binding can be removed (if unused) or named `_` (if used implicitly). Alternatively, prefix the name with `_` to silence this warning:
  [apply] _hW

Note: This linter can be disabled with `set_option linter.unusedVariables false`
warning: DifferentialGeometry/External/GrushkoNeumannTheorem/MarshallHall/GrushkoFull.lean:123:5: Variable name `hHomW` is not explicitly referenced.

Hint: The binding can be removed (if unused) or named `_` (if used implicitly). Alternatively, prefix the name with `_` to silence this warning:
  [apply] _hHomW

Note: This linter can be disabled with `set_option linter.unusedVariables false`
warning: DifferentialGeometry/External/GrushkoNeumannTheorem/MarshallHall/GrushkoFull.lean:286:2: Try this: 
  letI̵

The goal is a proposition, so `let` is preferred over `letI`.
The difference between `let` and `letI` is that `letI` inlines the value.
But this is not relevant for proofs because of proof irrelevance.

Note: This linter can be disabled with `set_option linter.style.haveILetI false`
warning: DifferentialGeometry/External/GrushkoNeumannTheorem/MarshallHall/GrushkoFull.lean:288:2: Try this: 
  letI̵

The goal is a proposition, so `let` is preferred over `letI`.
The difference between `let` and `letI` is that `letI` inlines the value.
But this is not relevant for proofs because of proof irrelevance.

Note: This linter can be disabled with `set_option linter.style.haveILetI false`
warning: DifferentialGeometry/External/GrushkoNeumannTheorem/MarshallHall/GrushkoFull.lean:290:2: Try this: 
  letI̵

The goal is a proposition, so `let` is preferred over `letI`.
The difference between `let` and `letI` is that `letI` inlines the value.
But this is not relevant for proofs because of proof irrelevance.

Note: This linter can be disabled with `set_option linter.style.haveILetI false`
warning: DifferentialGeometry/External/GrushkoNeumannTheorem/MarshallHall/GrushkoFull.lean:292:2: Try this: 
  letI̵

The goal is a proposition, so `let` is preferred over `letI`.
The difference between `let` and `letI` is that `letI` inlines the value.
But this is not relevant for proofs because of proof irrelevance.

Note: This linter can be disabled with `set_option linter.style.haveILetI false`
warning: DifferentialGeometry/External/GrushkoNeumannTheorem/MarshallHall/GrushkoFull.lean:294:2: Try this: 
  letI̵

The goal is a proposition, so `let` is preferred over `letI`.
The difference between `let` and `letI` is that `letI` inlines the value.
But this is not relevant for proofs because of proof irrelevance.

Note: This linter can be disabled with `set_option linter.style.haveILetI false`
warning: DifferentialGeometry/External/GrushkoNeumannTheorem/MarshallHall/GrushkoFull.lean:300:2: Try this: 
  letI̵

The goal is a proposition, so `let` is preferred over `letI`.
The difference between `let` and `letI` is that `letI` inlines the value.
But this is not relevant for proofs because of proof irrelevance.

Note: This linter can be disabled with `set_option linter.style.haveILetI false`
warning: DifferentialGeometry/External/GrushkoNeumannTheorem/MarshallHall/GrushkoFull.lean:304:2: Try this: 
  letI̵

The goal is a proposition, so `let` is preferred over `letI`.
The difference between `let` and `letI` is that `letI` inlines the value.
But this is not relevant for proofs because of proof irrelevance.

Note: This linter can be disabled with `set_option linter.style.haveILetI false`
warning: DifferentialGeometry/External/GrushkoNeumannTheorem/MarshallHall/GrushkoFull.lean:308:2: Try this: 
  letI̵

The goal is a proposition, so `let` is preferred over `letI`.
The difference between `let` and `letI` is that `letI` inlines the value.
But this is not relevant for proofs because of proof irrelevance.

Note: This linter can be disabled with `set_option linter.style.haveILetI false`
warning: DifferentialGeometry/External/GrushkoNeumannTheorem/MarshallHall/GrushkoFull.lean:402:10: Try this: 
  letI̵

The goal is a proposition, so `let` is preferred over `letI`.
The difference between `let` and `letI` is that `letI` inlines the value.
But this is not relevant for proofs because of proof irrelevance.

Note: This linter can be disabled with `set_option linter.style.haveILetI false`
warning: DifferentialGeometry/External/GrushkoNeumannTheorem/MarshallHall/GrushkoFull.lean:403:10: Try this: 
  letI̵

The goal is a proposition, so `let` is preferred over `letI`.
The difference between `let` and `letI` is that `letI` inlines the value.
But this is not relevant for proofs because of proof irrelevance.

Note: This linter can be disabled with `set_option linter.style.haveILetI false`
warning: DifferentialGeometry/External/GrushkoNeumannTheorem/MarshallHall/GrushkoFull.lean:404:10: Try this: 
  letI̵

The goal is a proposition, so `let` is preferred over `letI`.
The difference between `let` and `letI` is that `letI` inlines the value.
But this is not relevant for proofs because of proof irrelevance.

Note: This linter can be disabled with `set_option linter.style.haveILetI false`
warning: DifferentialGeometry/External/GrushkoNeumannTheorem/MarshallHall/GrushkoFull.lean:405:10: Try this: 
  letI̵

The goal is a proposition, so `let` is preferred over `letI`.
The difference between `let` and `letI` is that `letI` inlines the value.
But this is not relevant for proofs because of proof irrelevance.

Note: This linter can be disabled with `set_option linter.style.haveILetI false`
warning: DifferentialGeometry/External/GrushkoNeumannTheorem/MarshallHall/GrushkoFull.lean:413:2: Try this: 
  letI̵

The goal is a proposition, so `let` is preferred over `letI`.
The difference between `let` and `letI` is that `letI` inlines the value.
But this is not relevant for proofs because of proof irrelevance.

Note: This linter can be disabled with `set_option linter.style.haveILetI false`
warning: DifferentialGeometry/External/GrushkoNeumannTheorem/MarshallHall/GrushkoFull.lean:416:2: Try this: 
  letI̵

The goal is a proposition, so `let` is preferred over `letI`.
The difference between `let` and `letI` is that `letI` inlines the value.
But this is not relevant for proofs because of proof irrelevance.

Note: This linter can be disabled with `set_option linter.style.haveILetI false`
warning: DifferentialGeometry/External/GrushkoNeumannTheorem/MarshallHall/GrushkoFull.lean:420:2: Try this: 
  letI̵

The goal is a proposition, so `let` is preferred over `letI`.
The difference between `let` and `letI` is that `letI` inlines the value.
But this is not relevant for proofs because of proof irrelevance.

Note: This linter can be disabled with `set_option linter.style.haveILetI false`
warning: DifferentialGeometry/External/GrushkoNeumannTheorem/MarshallHall/GrushkoFull.lean:424:2: Try this: 
  letI̵

The goal is a proposition, so `let` is preferred over `letI`.
The difference between `let` and `letI` is that `letI` inlines the value.
But this is not relevant for proofs because of proof irrelevance.

Note: This linter can be disabled with `set_option linter.style.haveILetI false`
✔ [12765/26417] Built DifferentialGeometry.Analysis.Sobolev.WithBoundary.Euclidean.IteratedL2 (3.9s)
✔ [12773/26417] Built DifferentialGeometry.Topology.Manifold.CollarFamilySeparation (1.4s)
✔ [12778/26417] Built DifferentialGeometry.Topology.VanKampen.HomotopyEquivalentSimplyConnectedCover (1.3s)
✔ [12781/26417] Built DifferentialGeometry.Analysis.Schauder.Cutoff.Parabolic.JointSupport (1.7s)
✔ [12783/26417] Built DifferentialGeometry.Geometry.Connection.TensorNabla.Congruence (4.0s)
✔ [12787/26417] Built DifferentialGeometry.External.CanonicalTopology.Topology.Homology.RelativeZeroNaturality (1.5s)
✔ [12804/26417] Built DifferentialGeometry.Topology.FundamentalGroup.FiniteGeneration.CompactFundamentalGroup (1.5s)
✔ [12815/26417] Built DifferentialGeometry.Topology.Morse.CriticalNeighborhood (1.9s)
✔ [12816/26417] Built DifferentialGeometry.Topology.PiecewiseLinear.InvolutionTriangulation (1.9s)
✔ [12819/26417] Built DifferentialGeometry.Analysis.Parabolic.Euclidean.KochLamm.Flux.AbsoluteBounds (1.9s)
✔ [12827/26417] Built DifferentialGeometry.Analysis.Schauder.Elliptic.ConstantCoefficient.Estimate (3.2s)
✔ [12835/26417] Built DifferentialGeometry.Geometry.Connection.TensorNabla.ExteriorPowerPullback (10s)
✔ [12837/26417] Built DifferentialGeometry.Analysis.Parabolic.Euclidean.KochLamm.Late.Summation (4.3s)
✔ [12853/26417] Built DifferentialGeometry.Analysis.Sobolev.Euclidean.Trace.Coordinates (4.6s)
✔ [12854/26417] Built DifferentialGeometry.Analysis.Sobolev.WithBoundary.Euclidean.IteratedSobolevBanach (3.8s)
✔ [12861/26417] Built DifferentialGeometry.Topology.Morse.BoundaryMorse (2.1s)
✔ [12863/26417] Built DifferentialGeometry.Analysis.Sobolev.WithBoundary.Intrinsic.Trace (4.0s)
✔ [12864/26417] Built DifferentialGeometry.External.GraphCoveringTheory.KuroshCoverLift (1.3s)
✔ [12868/26417] Built DifferentialGeometry.Topology.VectorField.CollarPatch (2.1s)
⚠ [12871/26417] Built DifferentialGeometry.Topology.VanKampen.FreeFactors.CollarFreeFactor (1.6s)
warning: DifferentialGeometry/Topology/VanKampen/FreeFactors/CollarFreeFactor.lean:23:28: `simp_all [A, disjoint_left]` is a flexible tactic modifying `⊢`. Try `simp_all?` and use the suggested `simp_all only [...]`. Alternatively, use `suffices` to explicitly state the simplified form.

Note: This linter can be disabled with `set_option linter.flexible false`
info: DifferentialGeometry/Topology/VanKampen/FreeFactors/CollarFreeFactor.lean:24:14: `exact fun _ h => h.le`
modifies the current goal, which was modified by the flexible tactic `simp_all` on line 23!
warning: DifferentialGeometry/Topology/VanKampen/FreeFactors/CollarFreeFactor.lean:23:28: `simp_all [A, disjoint_left]` is a flexible tactic modifying `⊢`. Try `simp_all?` and use the suggested `simp_all only [...]`. Alternatively, use `suffices` to explicitly state the simplified form.

Note: This linter can be disabled with `set_option linter.flexible false`
info: DifferentialGeometry/Topology/VanKampen/FreeFactors/CollarFreeFactor.lean:24:14: `exact fun _ h => h.le`
modifies the current goal, which was modified by the flexible tactic `simp_all` on line 23!
✔ [12877/26417] Built DifferentialGeometry.Topology.Algebra.Group.FreeProduct.FiniteIndecomposable (1.9s)
✔ [12878/26417] Built DifferentialGeometry.Analysis.Sobolev.Chart.AtlasNorm.L2 (6.9s)
✔ [12881/26417] Built DifferentialGeometry.Analysis.Parabolic.Euclidean.Nondivergence.Coefficients (3.3s)
✔ [12884/26417] Built DifferentialGeometry.Topology.VanKampen.CylindricalChain (1.5s)
✔ [12885/26417] Built DifferentialGeometry.Topology.FundamentalGroup.SigmaFundamentalGroup (1.3s)
✔ [12894/26417] Built DifferentialGeometry.Topology.SphereSeparation.CompactSide (1.8s)
✔ [12901/26417] Built DifferentialGeometry.Topology.FundamentalGroup.BicollarKernel (1.4s)
✔ [12914/26417] Built DifferentialGeometry.Topology.VanKampen.FreeFactors.StarCoverGroups (1.5s)
✔ [12922/26417] Built DifferentialGeometry.Topology.VanKampen.PairwiseDisjointCoverSeparation (1.4s)
✔ [12926/26417] Built DifferentialGeometry.Topology.PiecewiseLinear.ConeLayerMap (1.9s)
✔ [12927/26417] Built DifferentialGeometry.Topology.PiecewiseLinear.LoopTheorem.GeneralPositionInDoubleBufferedMap (1.5s)
✔ [12935/26417] Built DifferentialGeometry.Topology.Morse.CompactCriticalValues (1.0s)
✔ [12936/26417] Built DifferentialGeometry.Geometry.Operator.WithBoundary.BoundaryLaplacian (1.0s)
✔ [12945/26417] Built DifferentialGeometry.Geometry.Hodge.Codifferential (2.1s)
✔ [12946/26417] Built DifferentialGeometry.Analysis.Integration.DivergenceTheorem.WithBoundary.BoundaryContribution.ChartLocalFlux (3.4s)
✔ [12947/26417] Built DifferentialGeometry.Analysis.Schauder.Elliptic.ConstantCoefficient.Interior (2.2s)
✔ [12948/26417] Built DifferentialGeometry.Analysis.Sobolev.Euclidean.Multiplication.Local (3.8s)
✔ [12949/26417] Built DifferentialGeometry.Analysis.Schauder.Elliptic.VariableCoefficient.Basic (8.1s)
✔ [12950/26417] Built DifferentialGeometry.Analysis.Sobolev.WithBoundary.Chart.L2Hilbert (7.0s)
✔ [12952/26417] Built DifferentialGeometry.Analysis.Sobolev.WithBoundary.Chart.WeakDerivative (6.2s)
✔ [12959/26417] Built DifferentialGeometry.Analysis.Parabolic.Euclidean.KochLamm.Flux.Summation (4.4s)
✔ [12960/26417] Built DifferentialGeometry.Analysis.Parabolic.Euclidean.KochLamm.Value (4.2s)
✔ [12968/26417] Built DifferentialGeometry.Geometry.Connection.TensorNabla.ExteriorPowerEndomorphismPullback (13s)
✔ [12972/26417] Built DifferentialGeometry.Analysis.Sobolev.Euclidean.Trace.DiskBoundary (4.1s)
✔ [12973/26417] Built DifferentialGeometry.Topology.Morse.BoundarySublevels (2.3s)
✔ [12974/26417] Built DifferentialGeometry.Topology.Morse.BoundaryExcellent (2.1s)
✔ [12975/26417] Built DifferentialGeometry.Analysis.Parabolic.Euclidean.HeatEquation.Mollification (4.0s)
✔ [12976/26417] Built DifferentialGeometry.Analysis.Sobolev.WithBoundary.Chart.Completeness (4.2s)
✔ [12986/26417] Built DifferentialGeometry.External.GraphCoveringTheory.KuroshPathRelation (1.1s)
✔ [12987/26417] Built DifferentialGeometry.Topology.Covering.PuncturedSpaceCylinderCover (1.8s)
✔ [12989/26417] Built DifferentialGeometry.Topology.VectorField.BoundaryOutwardization (3.1s)
✔ [12993/26417] Built DifferentialGeometry.Topology.VectorField.BoundarySectionExtension (3.2s)
✔ [12994/26417] Built DifferentialGeometry.Topology.FundamentalGroup.PoincareStandard (3.3s)
✔ [12995/26417] Built DifferentialGeometry.Topology.FundamentalGroup.RealProjective (2.1s)
✔ [13002/26417] Built DifferentialGeometry.Topology.SphereSeparation.ConcentricRegression (1.0s)
✔ [13005/26417] Built DifferentialGeometry.Topology.VanKampen.CylindricalChainDomain (1.5s)
✔ [13009/26417] Built DifferentialGeometry.Topology.VanKampen.CollarDeformation (1.6s)
✔ [13029/26417] Built DifferentialGeometry.Analysis.Parabolic.Euclidean.Nondivergence.LowerOrder (3.1s)
✔ [13031/26417] Built DifferentialGeometry.Topology.FundamentalGroup.BicollarBoundary (1.6s)
✔ [13033/26417] Built DifferentialGeometry.Topology.VanKampen.FreeFactors.OpenCoverFreeFactors (1.5s)
✔ [13040/26417] Built DifferentialGeometry.Analysis.Sobolev.TensorHilbert.OperatorField.FibreAlgebra (2.4s)
✔ [13043/26417] Built DifferentialGeometry.Analysis.Integration.L2.SmoothSections.ScalarFiniteProduct (1.9s)
✔ [13051/26417] Built DifferentialGeometry.Geometry.Metric.TensorInner.FiberNorm.SlotCurry.Inner (1.0s)
✔ [13066/26417] Built DifferentialGeometry.Topology.PiecewiseLinear.ConeAssembly (3.0s)
✔ [13067/26417] Built DifferentialGeometry.Analysis.Schauder.Elliptic.ConstantCoefficient.BallInterior (2.1s)
⚠ [13072/26417] Built DifferentialGeometry.External.GraphCoveringTheory.KuroshPathRelationInvariant (1.2s)
warning: DifferentialGeometry/External/GraphCoveringTheory/KuroshPathRelationInvariant.lean:19:5: Variable name `a` is not explicitly referenced.

Hint: The binding can be removed (if unused) or named `_` (if used implicitly). Alternatively, prefix the name with `_` to silence this warning:
  [apply] _a

Note: This linter can be disabled with `set_option linter.unusedVariables false`
✔ [13088/26417] Built DifferentialGeometry.Topology.Morse.BoundaryExcellentSublevels (2.3s)
✔ [13092/26417] Built DifferentialGeometry.Analysis.Parabolic.Euclidean.KochLamm.Flux.Value (3.9s)
✔ [13095/26417] Built DifferentialGeometry.Analysis.Sobolev.WithBoundary.Euclidean.Density (3.8s)
✔ [13113/26417] Built DifferentialGeometry.Topology.PiecewiseLinear.SubdivisionVertices (1.6s)
✔ [13114/26417] Built DifferentialGeometry.Topology.Manifold.NormalChartOrientation (2.3s)
✔ [13115/26417] Built DifferentialGeometry.Topology.Simplex.TriangleGenLoopRepresentation (1.7s)
✔ [13116/26417] Built DifferentialGeometry.Topology.PiecewiseLinear.CocycleCycleWalk (1.8s)
✔ [13118/26417] Built DifferentialGeometry.Analysis.Parabolic.Euclidean.Nondivergence.Localization (2.5s)
✔ [13119/26417] Built DifferentialGeometry.Analysis.Parabolic.Euclidean.Nondivergence.OperatorLimit (2.9s)
✔ [13120/26417] Built DifferentialGeometry.Topology.VanKampen.FreeFactors.SeparatedCollarGroups (1.7s)
✔ [13129/26417] Built DifferentialGeometry.Analysis.Parabolic.Euclidean.Cutoff.Basic (3.9s)
✔ [13133/26417] Built DifferentialGeometry.Geometry.Operator.WithBoundary.GradientGlobalSection (2.7s)
✔ [13134/26417] Built DifferentialGeometry.Analysis.Schauder.Elliptic.VariableCoefficient.LowerOrder (6.1s)
✔ [13138/26417] Built DifferentialGeometry.Analysis.Integration.DivergenceTheorem.WithBoundary.BoundaryContribution.Stokes (2.6s)
✔ [13143/26417] Built DifferentialGeometry.Analysis.Sobolev.Euclidean.WeakDerivative.Cutoff (4.1s)
✔ [13151/26417] Built DifferentialGeometry.Analysis.Sobolev.Tools.DifferenceQuotientProduct (4.2s)
✔ [13163/26417] Built DifferentialGeometry.Topology.PiecewiseLinear.ConeFan (4.2s)
⚠ [13171/26417] Built DifferentialGeometry.External.GraphCoveringTheory.KuroshPathInjective (1.2s)
warning: DifferentialGeometry/External/GraphCoveringTheory/KuroshPathInjective.lean:76:2: Try this: 
  letI̵

The goal is a proposition, so `let` is preferred over `letI`.
The difference between `let` and `letI` is that `letI` inlines the value.
But this is not relevant for proofs because of proof irrelevance.

Note: This linter can be disabled with `set_option linter.style.haveILetI false`
warning: DifferentialGeometry/External/GraphCoveringTheory/KuroshPathInjective.lean:79:2: Try this: 
  letI̵

The goal is a proposition, so `let` is preferred over `letI`.
The difference between `let` and `letI` is that `letI` inlines the value.
But this is not relevant for proofs because of proof irrelevance.

Note: This linter can be disabled with `set_option linter.style.haveILetI false`
✔ [13175/26417] Built DifferentialGeometry.Topology.Homology.Relative.DisjointExcision (1.9s)
✔ [13182/26417] Built DifferentialGeometry.Analysis.Integration.Measure.Chart.TensorPullback (5.6s)
✔ [13201/26417] Built DifferentialGeometry.Topology.Homology.DoubleEuler (2.1s)
✔ [13202/26417] Built DifferentialGeometry.Analysis.Elliptic.ConnectionLaplacian.ChartRepresentationBounds.Euclidean.DerivativeComparison (5.6s)
✔ [13203/26417] Built DifferentialGeometry.Geometry.Connection.TensorNabla.Regularity.SmoothFields (2.1s)
✔ [13204/26417] Built DifferentialGeometry.Analysis.Integration.L2.Hilbert.Operators (2.7s)
✔ [13205/26417] Built DifferentialGeometry.Analysis.Parabolic.Euclidean.KochLamm.BasisPotential (4.6s)
✔ [13206/26417] Built DifferentialGeometry.Topology.VanKampen.FreeFactors.FiniteCollarFreeFactors (1.9s)
✔ [13207/26417] Built DifferentialGeometry.Analysis.Parabolic.Euclidean.Nondivergence.SolutionCompactness (2.7s)
✔ [13209/26417] Built DifferentialGeometry.Analysis.Parabolic.Euclidean.Interpolation.BoundedJet (2.4s)
✔ [13212/26417] Built DifferentialGeometry.Analysis.Parabolic.Euclidean.Duhamel.Representation (3.9s)
✔ [13213/26417] Built DifferentialGeometry.Analysis.Integration.DivergenceTheorem.WithBoundary.BoundaryContribution.WeightedStokes (3.5s)
✔ [13220/26417] Built DifferentialGeometry.Analysis.Parabolic.Euclidean.Cutoff.Estimate (4.0s)
✔ [13223/26417] Built DifferentialGeometry.Analysis.Parabolic.Euclidean.Cutoff.Gauge (6.7s)
✔ [13225/26417] Built DifferentialGeometry.Geometry.Boundary.SecondFundamentalForm (2.4s)
✔ [13231/26417] Built DifferentialGeometry.Geometry.Metric.Sphere.Round.ChartGram (2.2s)
✔ [13235/26417] Built DifferentialGeometry.Geometry.Gradient.Normalized (2.0s)
✔ [13243/26417] Built DifferentialGeometry.Analysis.Schauder.Elliptic.VariableCoefficient.Cutoff (4.1s)
✔ [13248/26417] Built DifferentialGeometry.Analysis.Parabolic.Euclidean.Nondivergence.WeakLocalization (4.0s)
✔ [13254/26417] Built DifferentialGeometry.Analysis.Sobolev.Euclidean.Completeness.IteratedSobolevQuot (4.6s)
✔ [13255/26417] Built DifferentialGeometry.Analysis.Sobolev.Euclidean.WeakPartialLinearSource (5.0s)
⚠ [13263/26417] Built DifferentialGeometry.External.GraphCoveringTheory.KuroshPathEndpoint (1.2s)
warning: DifferentialGeometry/External/GraphCoveringTheory/KuroshPathEndpoint.lean:113:2: Try this: 
  letI̵

The goal is a proposition, so `let` is preferred over `letI`.
The difference between `let` and `letI` is that `letI` inlines the value.
But this is not relevant for proofs because of proof irrelevance.

Note: This linter can be disabled with `set_option linter.style.haveILetI false`
✔ [13277/26417] Built DifferentialGeometry.Topology.Simplex.OpenCell (1.7s)
✔ [13286/26417] Built DifferentialGeometry.Topology.PiecewiseLinear.DiskRelBoundary (2.3s)
✔ [13288/26417] Built DifferentialGeometry.Topology.Homology.Reduced.MayerVietorisCoefficients (1.9s)
✔ [13289/26417] Built DifferentialGeometry.Topology.Homology.Local.FiniteSet (1.0s)
✔ [13309/26417] Built DifferentialGeometry.Analysis.Parabolic.Euclidean.Nondivergence.ClassicalSchauder (2.4s)
✔ [13310/26417] Built DifferentialGeometry.Analysis.Sobolev.WithBoundary.Intrinsic.Lp (4.2s)
✔ [13317/26417] Built DifferentialGeometry.Analysis.Sobolev.Euclidean.WeakPartialWkpTwo (3.7s)
✔ [13329/26417] Built DifferentialGeometry.Analysis.Integration.Measure.Chart.L2TargetBound (6.3s)
✔ [13333/26417] Built DifferentialGeometry.Topology.ProjectiveSpace.SimplexAttachment (1.9s)
⚠ [13335/26417] Built DifferentialGeometry.External.GraphCoveringTheory.KuroshKernel (1.3s)
warning: DifferentialGeometry/External/GraphCoveringTheory/KuroshKernel.lean:183:8: try 'simp' instead of 'simpa'

Note: This linter can be disabled with `set_option linter.unnecessarySimpa false`
warning: DifferentialGeometry/External/GraphCoveringTheory/KuroshKernel.lean:204:8: Unused tactic linter: `change (x.1 : FreeProduct G) ∈ intersectionFactor H i (Quotient.out c)` does nothing

Note: This linter can be disabled with `set_option linter.unusedTactic false`
✔ [13339/26417] Built DifferentialGeometry.Analysis.Schauder.Elliptic.VariableCoefficient.Interior (3.3s)
✔ [13359/26417] Built DifferentialGeometry.Topology.SimplicialComplex.MaximalFaceChart (1.8s)
✔ [13361/26417] Built DifferentialGeometry.Analysis.Sobolev.Euclidean.TwoTermSource (5.4s)
✔ [13363/26417] Built DifferentialGeometry.Topology.PiecewiseLinear.TriangleRelBoundary (2.0s)
✔ [13364/26417] Built DifferentialGeometry.Geometry.Coordinates.NablaComponents.CoordFrameStep (2.3s)
✔ [13369/26417] Built DifferentialGeometry.Analysis.Elliptic.Regularity.H1Compl.Submodule (1.9s)
✔ [13383/26417] Built DifferentialGeometry.Topology.Homology.Local.FiniteSetEuler (1.7s)
✔ [13385/26417] Built DifferentialGeometry.Analysis.Integration.DivergenceTheorem.WithBoundary.BoundaryContribution.GreenWithBoundary (2.7s)
✔ [13397/26417] Built DifferentialGeometry.Topology.Homology.Local.FiniteSetDecomposition (1.7s)
✔ [13402/26417] Built DifferentialGeometry.Analysis.Parabolic.Euclidean.Cutoff.ClassicalSchauder (3.1s)
✔ [13403/26417] Built DifferentialGeometry.Analysis.Elliptic.Regularity.EllipticRegularity (4.3s)
✔ [13404/26417] Built DifferentialGeometry.External.DeGiorgi.SobolevSpace.PositiveTestDensity (5.8s)
✔ [13414/26417] Built DifferentialGeometry.Topology.VanKampen.ProjectiveConnectedSum (2.1s)
✔ [13415/26417] Built DifferentialGeometry.Analysis.Parabolic.TimeSobolev.TimeWeakDerivativeProduct (6.6s)
✔ [13416/26417] Built DifferentialGeometry.Topology.SphereSeparation.DualityAssembly (1.8s)
✔ [13439/26417] Built DifferentialGeometry.Topology.LocalDegree.TriangularCoordinateLinear (2.3s)
✔ [13440/26417] Built DifferentialGeometry.Topology.VanKampen.ParenthesizedFiniteConnectedSum (2.9s)
⚠ [13460/26417] Built DifferentialGeometry.External.GraphCoveringTheory.KuroshActive (1.4s)
warning: DifferentialGeometry/External/GraphCoveringTheory/KuroshActive.lean:217:8: Try this: 
  letI̵

The goal is a proposition, so `let` is preferred over `letI`.
The difference between `let` and `letI` is that `letI` inlines the value.
But this is not relevant for proofs because of proof irrelevance.

Note: This linter can be disabled with `set_option linter.style.haveILetI false`
✔ [13465/26417] Built DifferentialGeometry.Geometry.Boundary.PullbackNormal (2.5s)
✔ [13469/26417] Built DifferentialGeometry.Geometry.Boundary.DefiningFunction.Curve (2.6s)
✔ [13470/26417] Built DifferentialGeometry.Analysis.Schauder.Elliptic.VariableCoefficient.BallInterior (3.3s)
✔ [13472/26417] Built DifferentialGeometry.Analysis.Integration.DivergenceTheorem.WithBoundary.BoundaryContribution.SurfaceIntegralIdentification (2.7s)
✔ [13481/26417] Built DifferentialGeometry.Analysis.Parabolic.Euclidean.Cutoff.LocalSource (2.1s)
✔ [13485/26417] Built DifferentialGeometry.Topology.LocalDegree.Negation (2.1s)
✔ [13487/26417] Built DifferentialGeometry.Topology.LocalDegree.PositiveFactor (2.1s)
✔ [13489/26417] Built DifferentialGeometry.Analysis.Parabolic.Euclidean.BallInterior.Schauder (4.6s)
✔ [13490/26417] Built DifferentialGeometry.Analysis.Sobolev.Solutions.H2WeakSolution (4.5s)
✔ [13495/26417] Built DifferentialGeometry.Topology.LocalDegree.EuclideanReal (1.8s)
✔ [13508/26417] Built DifferentialGeometry.Topology.LocalDegree.LinearComposition (1.0s)
✔ [13520/26417] Built DifferentialGeometry.Topology.VanKampen.PoincareStandardConnectedSum (2.2s)
✔ [13522/26417] Built DifferentialGeometry.Geometry.Metric.QuadraticBounds.Nullspace (2.3s)
✔ [13533/26417] Built DifferentialGeometry.External.GraphCoveringTheory.KuroshTheorem (1.1s)
✔ [13545/26417] Built DifferentialGeometry.Geometry.Metric.SharpScaling (2.2s)
✔ [13546/26417] Built DifferentialGeometry.Analysis.Parabolic.TimeSobolev.TimeSecondWeakDerivative (3.7s)
✔ [13547/26417] Built DifferentialGeometry.Analysis.Sobolev.Euclidean.Embedding.Derivative.IteratedSobolevNorm (4.1s)
✔ [13558/26417] Built DifferentialGeometry.Analysis.Sobolev.Tools.DifferenceQuotient.CutoffWeakLimit (4.1s)
✔ [13562/26417] Built DifferentialGeometry.Analysis.ODE.Flow.HigherRegularity.ChartLocalInfiniteOrder (6.1s)
✔ [13571/26417] Built DifferentialGeometry.Analysis.Parabolic.TimeSobolev.CoerciveMassUniqueness (4.0s)
✔ [13573/26417] Built DifferentialGeometry.Topology.PlanarJordan.PathConnected (1.6s)
✔ [13574/26417] Built DifferentialGeometry.Topology.SphereSeparation.CochainMayerVietoris (2.4s)
✔ [13575/26417] Built DifferentialGeometry.Analysis.Integration.DivergenceTheorem.WithBoundary.BoundaryContribution.GreenBoundaryIntegral (3.5s)
✔ [13579/26417] Built DifferentialGeometry.Analysis.Parabolic.Euclidean.BallInterior.LowerOrder (2.3s)
✔ [13612/26417] Built DifferentialGeometry.Topology.LocalDegree.CoordinateInvariance (3.9s)
✔ [13615/26417] Built DifferentialGeometry.Topology.Manifold.ZeroDimensionalProduct (1.9s)
✔ [13620/26417] Built DifferentialGeometry.Geometry.Metric.TensorInner.Tensor0S.TimeDifference (2.2s)
✔ [13621/26417] Built DifferentialGeometry.Geometry.Metric.GluingRestriction (3.5s)
✔ [13622/26417] Built DifferentialGeometry.Geometry.Metric.OnDomain (3.7s)
✔ [13627/26417] Built DifferentialGeometry.Analysis.Parabolic.Euclidean.BallInterior.LocalSource (5.0s)
✔ [13628/26417] Built DifferentialGeometry.Geometry.Metric.QuadraticBounds.ContractionKernelSubbundle (2.9s)
⚠ [13633/26417] Built DifferentialGeometry.Topology.Algebra.Group.FreeProduct.FiniteKurosh (1.3s)
warning: DifferentialGeometry/Topology/Algebra/Group/FreeProduct/FiniteKurosh.lean:93:4: try 'simp' instead of 'simpa'

Note: This linter can be disabled with `set_option linter.unnecessarySimpa false`
✔ [13634/26417] Built DifferentialGeometry.Analysis.Convex.Tensor02PositiveSemidefiniteCone (2.1s)
✔ [13658/26417] Built DifferentialGeometry.Analysis.ODE.TimeDependentFlow.SmoothDependence.Parameter (2.1s)
✔ [13663/26417] Built DifferentialGeometry.Analysis.ODE.TimeDependentFlow.SmoothDependence.EuclideanCk (2.0s)
✔ [13664/26417] Built DifferentialGeometry.Geometry.Geodesic.Minimizing.Line.Basic (2.3s)
✔ [13676/26417] Built DifferentialGeometry.Topology.Homology.Local.FiniteSetManifold (1.8s)
✔ [13680/26417] Built DifferentialGeometry.Topology.SimplicialComplex.GeometricManifoldDimension (1.8s)
✔ [13687/26417] Built DifferentialGeometry.Topology.SphereSeparation.CircleCellularComparison (3.9s)
✔ [13690/26417] Built DifferentialGeometry.Topology.VectorField.Index (2.3s)
✔ [13691/26417] Built DifferentialGeometry.Geometry.Metric.Completeness.Transport (1.9s)
✔ [13706/26417] Built DifferentialGeometry.Geometry.Metric.RiemannianPointPicking (1.8s)
✔ [13710/26417] Built DifferentialGeometry.Analysis.Elliptic.WithBoundary.Neumann.Reilly (4.0s)
✔ [13714/26417] Built DifferentialGeometry.Geometry.Metric.Distance.ClosedBall (2.1s)
ℹ [13715/26417] Built DifferentialGeometry.Geometry.Metric.Scaling.RiemannianBalls (1.8s)
info: DifferentialGeometry/Geometry/Metric/Scaling/RiemannianBalls.lean:38:0: DifferentialGeometry.edistOf_scale.{u_1, u_2, u_3} {E : Type u_1} [NormedAddCommGroup E] [NormedSpace ℝ E]
  {H : Type u_2} [TopologicalSpace H] {I : ModelWithCorners ℝ E H} {M : Type u_3} [TopologicalSpace M]
  [ChartedSpace H M] [IsManifold I ∞ M] (c : ℝ) (hc : 0 < c) (g : SmoothRiemannianMetric I M) (x y : M) :
  riemannianEDistOf (scaleMetric c hc g) x y = ENNReal.ofReal √c * riemannianEDistOf g x y
info: DifferentialGeometry/Geometry/Metric/Scaling/RiemannianBalls.lean:39:0: DifferentialGeometry.riemannianClosedBallOf_scaleMetric.{u_1, u_2, u_3} {E : Type u_1} [NormedAddCommGroup E]
  [NormedSpace ℝ E] {H : Type u_2} [TopologicalSpace H] {I : ModelWithCorners ℝ E H} {M : Type u_3} [TopologicalSpace M]
  [ChartedSpace H M] [IsManifold I ∞ M] (c : ℝ) (hc : 0 < c) (g : SmoothRiemannianMetric I M) (x : M) (r : ℝ) :
  riemannianClosedBallOf (scaleMetric c hc g) x (√c * r) = riemannianClosedBallOf g x r
info: DifferentialGeometry/Geometry/Metric/Scaling/RiemannianBalls.lean:40:0: GC.MetricGeometry.normalized_closedBall.{u_1, u_2, u_3} {E : Type u_1} [NormedAddCommGroup E] [NormedSpace ℝ E]
  {H : Type u_2} [TopologicalSpace H] {I : ModelWithCorners ℝ E H} {M : Type u_3} [TopologicalSpace M]
  [ChartedSpace H M] [IsManifold I ∞ M] (g : SmoothRiemannianMetric I M) (p : M) (r : ℝ) (hr : 0 < r) :
  riemannianClosedBallOf (scaleMetric (r⁻¹ ^ 2) ⋯ g) p 1 = riemannianClosedBallOf g p r
info: DifferentialGeometry/Geometry/Metric/Scaling/RiemannianBalls.lean:41:0: GC.MetricGeometry.normalized_buffer_inclusion.{u_1, u_2, u_3} {E : Type u_1} [NormedAddCommGroup E] [NormedSpace ℝ E]
  {H : Type u_2} [TopologicalSpace H] {I : ModelWithCorners ℝ E H} {M : Type u_3} [TopologicalSpace M]
  [ChartedSpace H M] [IsManifold I ∞ M] (g : SmoothRiemannianMetric I M) (p : M) (r : ℝ) (hr : 0 < r) {R S : ℝ}
  (hRS : R ≤ S) : riemannianClosedBallOf (scaleMetric (r⁻¹ ^ 2) ⋯ g) p R ⊆ riemannianClosedBallOf g p (r * S)
✔ [13716/26417] Built DifferentialGeometry.Analysis.Integration.Measure.Conformal (2.3s)
✔ [13718/26417] Built DifferentialGeometry.Analysis.ODE.TimeDependentFlow.DiffeomorphismFamily.MFDeriv (1.7s)
✔ [13724/26417] Built DifferentialGeometry.Analysis.ODE.TimeDependentFlow.SmoothDependence.VariationalEquation (1.9s)
✔ [13734/26417] Built DifferentialGeometry.Analysis.Parabolic.Euclidean.Nondivergence.Schauder (3.7s)
✔ [13735/26417] Built DifferentialGeometry.Geometry.Boundary.ModelFlow (1.9s)
✔ [13741/26417] Built DifferentialGeometry.Analysis.ODE.Flow.Planar.BoundaryFlow (1.9s)
✔ [13749/26417] Built DifferentialGeometry.Analysis.Elliptic.WithBoundary.Neumann.H1Compl (1.0s)
✔ [13781/26417] Built DifferentialGeometry.Topology.Algebra.Group.FreeProduct.KuroshFreeFactors (1.1s)
✔ [13782/26417] Built DifferentialGeometry.Geometry.Operator.MetricTracePullback (2.6s)
✔ [13785/26417] Built DifferentialGeometry.Topology.LocalDegree.DomainComposition (3.1s)
✔ [13786/26417] Built DifferentialGeometry.Analysis.Schauder.Parabolic.Chart.Transition (4.5s)
✔ [13787/26417] Built DifferentialGeometry.Topology.LoopSpace.RegularMetricNearby (2.1s)
✔ [13788/26417] Built DifferentialGeometry.Topology.VectorField.InteriorIndex (2.0s)
✔ [13789/26417] Built DifferentialGeometry.Topology.VectorField.IndexNegation (1.7s)
✔ [13791/26417] Built DifferentialGeometry.Topology.VectorField.IndexModel (1.8s)
✔ [13794/26417] Built DifferentialGeometry.Topology.VectorField.IndexTransport (2.1s)
✔ [13795/26417] Built DifferentialGeometry.Analysis.Sobolev.Chart.CrossChartBounds.CrossChartTransfer (7.9s)
✔ [13810/26417] Built DifferentialGeometry.Geometry.Metric.PointPickingSequence (2.4s)
⚠ [13812/26417] Built DifferentialGeometry.Geometry.Thurston.ModelAtlas (2.2s)
warning: DifferentialGeometry/Geometry/Thurston/ModelAtlas.lean:36:0: Please, write a comment here or remove this line, but do not place empty lines within commands!
Context:
                                                          ↓
  ⏎omit [FiniteDimensional ℝ F] [FiniteDimensional ℝ G] in⏎⏎theorem ModelAtlas.pullback [T2Space M] [T2Space N]⏎

Note: This linter can be disabled with `set_option linter.style.emptyLine false`
✔ [13815/26417] Built DifferentialGeometry.Geometry.Metric.LocalPullDistance (2.0s)
✔ [13816/26417] Built DifferentialGeometry.Analysis.Integration.DivergenceTheorem.WithBoundary.Divergence.Family (2.5s)
✔ [13818/26417] Built DifferentialGeometry.Geometry.Metric.UniversalCover.DeckIsometryGlobal (2.8s)
✔ [13823/26417] Built DifferentialGeometry.Analysis.Parabolic.Moser.Core.Cutoff (3.3s)
✔ [13830/26417] Built DifferentialGeometry.Geometry.Metric.Scaling.EuclideanBalls (2.1s)
✔ [13852/26417] Built DifferentialGeometry.Geometry.Connection.ParallelTransport.LocalTrivialization (3.4s)
✔ [13853/26417] Built DifferentialGeometry.Geometry.Connection.ParallelTransport.OrthonormalFrame (2.4s)
✔ [13862/26417] Built DifferentialGeometry.Topology.ProjectiveSpace.EulerCharacteristic (1.9s)
✔ [13864/26417] Built DifferentialGeometry.Geometry.Boundary.LocalFlow (2.4s)
✔ [13871/26417] Built DifferentialGeometry.Geometry.Geodesic.Naturality.GramPullback (2.2s)
✔ [13873/26417] Built DifferentialGeometry.Topology.Homology.Local.ClosedBall (2.3s)
✔ [13875/26417] Built DifferentialGeometry.Topology.Algebra.Group.FreeProduct.InheritedFreeFactor (1.2s)
✔ [13881/26417] Built DifferentialGeometry.Topology.VectorField.CollarIndex (2.5s)
✔ [13882/26417] Built DifferentialGeometry.Topology.LoopSpace.RegularContractibleNearby (2.2s)
✔ [13898/26417] Built DifferentialGeometry.Topology.VectorField.IndexLinearization (2.8s)
✔ [13904/26417] Built DifferentialGeometry.Topology.VectorField.InteriorIndexTransport (1.9s)
✔ [13906/26417] Built DifferentialGeometry.Analysis.Integration.Measure.Parametric.Euclidean (2.1s)
✔ [13908/26417] Built DifferentialGeometry.Geometry.Connection.ParallelTransport.ConvexFamily (1.0s)
✔ [13931/26417] Built DifferentialGeometry.Geometry.Metric.RoundCylindrical (3.5s)
✔ [13932/26417] Built DifferentialGeometry.Analysis.ODE.TimeDependentFlow.DiffeomorphismFamily.ChartLocalFlow (1.8s)
✔ [13937/26417] Built DifferentialGeometry.Analysis.Elliptic.MetricEllipticCoeff (5.1s)
✔ [13941/26417] Built DifferentialGeometry.Geometry.Curvature.Naturality.Pullback.Immersion (1.8s)
✔ [13942/26417] Built DifferentialGeometry.Analysis.Parabolic.Moser.FixedMetric.BombieriGiusti.Cylinder (2.8s)
✔ [13948/26417] Built DifferentialGeometry.Geometry.Connection.ParallelTransport.Derivative.Euclidean (1.0s)
✔ [13952/26417] Built DifferentialGeometry.Geometry.Connection.ParallelTransport.HorizontalLift (2.2s)
✔ [13960/26417] Built DifferentialGeometry.Geometry.Metric.BundleSetDistance (2.1s)
✔ [13966/26417] Built DifferentialGeometry.Analysis.Sobolev.Euclidean.Embedding.Jet.CompactBound (4.1s)
✔ [13971/26417] Built DifferentialGeometry.Topology.PiecewiseLinear.PrismCornerChart (2.1s)
✔ [13972/26417] Built DifferentialGeometry.Topology.LocalDegree.FiniteSetLocal (2.0s)
✔ [13973/26417] Built DifferentialGeometry.Analysis.Sobolev.Euclidean.Embedding.Derivative.SobolevNorm (4.9s)
✔ [13974/26417] Built DifferentialGeometry.Geometry.Boundary.UniformFlow (1.8s)
✔ [13975/26417] Built DifferentialGeometry.Topology.Homology.Local.ClosedBallFiniteSet (1.9s)
✔ [13976/26417] Built DifferentialGeometry.Topology.LocalDegree.ClosedBall (1.0s)
✔ [13977/26417] Built DifferentialGeometry.Topology.Algebra.Group.FreeProduct.FixedFactorComparison (1.8s)
✔ [13982/26417] Built DifferentialGeometry.Topology.VectorField.CollarIndexIntrinsic (1.8s)
✔ [13983/26417] Built DifferentialGeometry.Topology.VectorField.InteriorIndexLinearization (2.1s)
✔ [13984/26417] Built DifferentialGeometry.Topology.VectorField.GradientIndex (2.2s)
✔ [13993/26417] Built DifferentialGeometry.Topology.VectorField.CollarIndexCoordinates (2.9s)
✔ [13997/26417] Built DifferentialGeometry.Topology.VectorField.CollarIndexZeroDimensional (1.8s)
✔ [14004/26417] Built DifferentialGeometry.Topology.VectorField.ChartPatchIndex (2.0s)
✔ [14010/26417] Built DifferentialGeometry.Topology.Manifold.PlanarFieldDeformation (1.8s)
✔ [14011/26417] Built DifferentialGeometry.Topology.VectorField.IndexSum (2.5s)
✔ [14012/26417] Built DifferentialGeometry.Analysis.Elliptic.TensorRegularity.CovariantDerivativeBounds.SlotCorrection.OperatorNorm (2.7s)
✔ [14030/26417] Built DifferentialGeometry.Analysis.Spectral.Tensor.UniformChartBounds.Tensor.IntrinsicDerivative (2.7s)
✔ [14036/26417] Built DifferentialGeometry.Geometry.MinimalSurface.Plateau.DomainVariation (2.9s)
✔ [14037/26417] Built DifferentialGeometry.Geometry.Connection.ParallelTransport.Associated (6.3s)
✔ [14045/26417] Built DifferentialGeometry.Topology.PiecewiseLinear.PrismAnnulusTransport (2.0s)
✔ [14046/26417] Built DifferentialGeometry.Geometry.Connection.ParallelTransport.FrameConnection (2.7s)
✔ [14047/26417] Built DifferentialGeometry.Geometry.Connection.ParallelTransport.Support (2.6s)
✔ [14052/26417] Built DifferentialGeometry.Topology.PiecewiseLinear.PrismCornerTransport (1.8s)
✔ [14056/26417] Built DifferentialGeometry.Topology.LocalDegree.BallBoundaryHomotopy (1.8s)
✔ [14061/26417] Built DifferentialGeometry.Topology.LocalDegree.FiniteAdditivity (1.9s)
✔ [14066/26417] Built DifferentialGeometry.Topology.VectorField.CollarIndexTransport (2.5s)
✔ [14069/26417] Built DifferentialGeometry.Topology.Manifold.RegularLevel.Collar.TransverseFlow (2.2s)
✔ [14070/26417] Built DifferentialGeometry.Topology.Ehresmann.RelatedFlows (2.2s)
✔ [14071/26417] Built DifferentialGeometry.Analysis.ODE.TimeDependentFlow.SmoothDependence.MovingMfderivContinuity (1.8s)
✔ [14077/26417] Built DifferentialGeometry.Topology.VectorField.InwardCollarIndexZeroDimensional (1.9s)
✔ [14078/26417] Built DifferentialGeometry.Topology.VectorField.RiemannianGradientIndex (6.3s)
✔ [14079/26417] Built DifferentialGeometry.Topology.VectorField.ChartPerturbation (2.0s)
✔ [14080/26417] Built DifferentialGeometry.Topology.VectorField.IndexSumZeroGerm (1.7s)
✔ [14082/26417] Built DifferentialGeometry.Topology.VectorField.RegularChartSplice (3.4s)
✔ [14087/26417] Built DifferentialGeometry.Topology.VectorField.ChartIndexSum (1.9s)
✔ [14098/26417] Built DifferentialGeometry.Topology.VectorField.IndexSumAddedZeros (1.8s)
✔ [14099/26417] Built DifferentialGeometry.Geometry.VectorField.PlanarDeformation (1.9s)
✔ [14106/26417] Built DifferentialGeometry.Analysis.Spectral.Tensor.NormEstimates.Gradient.NormComparison (2.3s)
✔ [14110/26417] Built DifferentialGeometry.Topology.PiecewiseLinear.ManifoldHomeomorphTriangulation (1.9s)
✔ [14115/26417] Built DifferentialGeometry.Topology.SimplicialComplex.GeometricBoundaryIncidence (1.0s)
✔ [14118/26417] Built DifferentialGeometry.Topology.SimplicialComplex.GeometricBoundaryEuler (1.9s)
✔ [14119/26417] Built DifferentialGeometry.Analysis.Parabolic.Moser.Core.Iteration (4.2s)
✔ [14120/26417] Built DifferentialGeometry.Topology.LocalDegree.BallPerturbation (1.7s)
✔ [14122/26417] Built DifferentialGeometry.Topology.LocalDegree.FiniteHomotopy (1.7s)
✔ [14124/26417] Built DifferentialGeometry.Topology.Manifold.RegularSublevel (1.9s)
✔ [14125/26417] Built DifferentialGeometry.Topology.Morse.LevelSetInclusion (2.1s)
✔ [14129/26417] Built DifferentialGeometry.Topology.Morse.SublevelInclusion (2.4s)
✔ [14131/26417] Built DifferentialGeometry.Topology.Manifold.FlowSection (2.6s)
✔ [14132/26417] Built DifferentialGeometry.Topology.Morse.CompactDescent (2.6s)
✔ [14133/26417] Built DifferentialGeometry.Topology.Morse.ConnectingFlow (2.0s)
✔ [14134/26417] Built DifferentialGeometry.Topology.Morse.RegularLevel.Band (2.3s)
✔ [14137/26417] Built DifferentialGeometry.Topology.VectorField.InwardCollarIndex (1.9s)
✔ [14143/26417] Built DifferentialGeometry.Topology.Diffeomorph.BoundaryFlow (2.4s)
✔ [14144/26417] Built DifferentialGeometry.Topology.Diffeomorph.CompactIsotopy (2.0s)
✔ [14146/26417] Built DifferentialGeometry.Topology.Manifold.RegularLevel.Collar.ManifoldFlow (2.0s)
✔ [14151/26417] Built DifferentialGeometry.Topology.Manifold.RegularLevel.Collar.Smooth (2.0s)
✔ [14154/26417] Built DifferentialGeometry.Topology.Morse.RegularLevel.Isotopy (15s)
✔ [14157/26417] Built DifferentialGeometry.Topology.Ehresmann.ProperSubmersion (1.0s)
✔ [14164/26417] Built DifferentialGeometry.Topology.VectorField.FinitePerturbation (2.3s)
✔ [14166/26417] Built DifferentialGeometry.Topology.VectorField.ChartIndexHomotopy (2.3s)
✔ [14180/26417] Built DifferentialGeometry.Topology.VectorField.InwardCollarIndexSumZeroDimensional (2.1s)
✔ [14195/26417] Built DifferentialGeometry.External.Schoenflies.InitialReverseTransfer (1.5s)
✔ [14200/26417] Built DifferentialGeometry.Topology.PiecewiseLinear.PLPieceWithBoundary (1.6s)
✔ [14202/26417] Built DifferentialGeometry.Geometry.Operator.HessianPullback (2.2s)
✔ [14206/26417] Built DifferentialGeometry.Topology.SimplicialComplex.GeometricBoundaryFormula (1.8s)
✔ [14207/26417] Built DifferentialGeometry.Topology.Manifold.BoundaryCollar.LocalFlowFamily (1.8s)
✔ [14208/26417] Built DifferentialGeometry.Topology.Morse.SublevelEuclidean (1.9s)
✔ [14209/26417] Built DifferentialGeometry.Topology.Morse.SaddleBranch (2.1s)
✔ [14211/26417] Built DifferentialGeometry.Topology.Ehresmann.RegularFiber (3.7s)
✔ [14214/26417] Built DifferentialGeometry.Topology.Morse.SaddleMinimumStrip (2.3s)
✔ [14215/26417] Built DifferentialGeometry.Topology.Morse.SaddleMinimumCoordinates (3.5s)
✔ [14221/26417] Built DifferentialGeometry.Topology.VectorField.InwardCollarIndexSum (2.3s)
✔ [14226/26417] Built DifferentialGeometry.Topology.Handle.Isotopy (2.1s)
✔ [14236/26417] Built DifferentialGeometry.Topology.Manifold.BoundaryTransitionFlow (2.5s)
✔ [14237/26417] Built DifferentialGeometry.Topology.Morse.BoundaryIsotopy (3.1s)
✔ [14246/26417] Built DifferentialGeometry.Topology.Manifold.RegularLevel.Collar.ManifoldSmooth (1.0s)
✔ [14247/26417] Built DifferentialGeometry.Topology.Ehresmann.SmoothIntervalFlow (2.0s)
✔ [14250/26417] Built DifferentialGeometry.Topology.Ehresmann.LocalTriviality (2.3s)
✔ [14269/26417] Built DifferentialGeometry.Topology.PiecewiseLinear.ConeFanCarrier (1.8s)
✔ [14271/26417] Built DifferentialGeometry.Topology.VectorField.RegularChartIndexSum (2.6s)
✔ [14274/26417] Built DifferentialGeometry.Topology.VectorField.FinitePerturbationIndexSum (2.9s)
✔ [14275/26417] Built DifferentialGeometry.Topology.VanKampen.SphericalBoundaryChain (2.0s)
✔ [14278/26417] Built DifferentialGeometry.Topology.Manifold.SeparatingCollar (2.3s)
✔ [14279/26417] Built DifferentialGeometry.Analysis.Elliptic.Regularity.ChartHk.H3NonSmooth (4.4s)
✔ [14280/26417] Built DifferentialGeometry.Analysis.Elliptic.Regularity.NirenbergCrossBound (5.0s)
✔ [14281/26417] Built DifferentialGeometry.Topology.Morse.RelativeHandleAttachment (2.4s)
✔ [14282/26417] Built DifferentialGeometry.Geometry.Curvature.DimensionThree.HamiltonIvey.AssociatedRegion (43s)
✔ [14283/26417] Built DifferentialGeometry.Topology.Morse.Minimum (3.2s)
✔ [14288/26417] Built DifferentialGeometry.Topology.Morse.Attachment.SublevelTransport (6.1s)
✔ [14289/26417] Built DifferentialGeometry.Topology.Morse.HandleCollar (8.1s)
✔ [14291/26417] Built DifferentialGeometry.Topology.Manifold.Boundary.GeometricProjectiveObstruction (2.0s)
✔ [14292/26417] Built DifferentialGeometry.Topology.Manifold.BoundaryCollar.StripNeighborhood (2.1s)
✔ [14293/26417] Built DifferentialGeometry.Topology.Manifold.BoundaryCollar.UniformFlow (2.4s)
✔ [14294/26417] Built DifferentialGeometry.Topology.Morse.Attachment.SmoothHandle (11s)
✔ [14296/26417] Built DifferentialGeometry.Topology.Manifold.RegularDomain (2.1s)
✔ [14297/26417] Built DifferentialGeometry.Topology.Morse.SublevelTangentSection (2.8s)
✔ [14298/26417] Built DifferentialGeometry.Topology.Morse.HandleEmbedding (15s)
✔ [14299/26417] Built DifferentialGeometry.Topology.Morse.SublevelBoundaryDiffeomorph (2.2s)
✔ [14316/26417] Built DifferentialGeometry.Topology.Manifold.RelativeCollarUniqueness (2.3s)
✔ [14322/26417] Built DifferentialGeometry.Topology.Manifold.RelativeCollarSupport (2.6s)
✔ [14328/26417] Built DifferentialGeometry.Topology.Ehresmann.Interval (3.3s)
✔ [14331/26417] Built DifferentialGeometry.Geometry.Boundary.NestedBallAnnulus (1.0s)
✔ [14335/26417] Built DifferentialGeometry.Topology.Manifold.DoubleSeamTransitionFlow (2.0s)
✔ [14336/26417] Built DifferentialGeometry.Topology.Morse.BoundaryChart (2.2s)
✔ [14338/26417] Built DifferentialGeometry.Topology.Manifold.EmbeddedHypersurface.Collar (2.1s)
✔ [14340/26417] Built DifferentialGeometry.Topology.Ehresmann.SmoothIntervalTrivialization (2.1s)
✔ [14348/26417] Built DifferentialGeometry.Topology.Ehresmann.FiberType (2.1s)
✔ [14357/26417] Built DifferentialGeometry.Topology.SphereSeparation.ProductLevels (1.9s)
✔ [14359/26417] Built DifferentialGeometry.Topology.PiecewiseLinear.RelativeSquareApproximation (2.1s)
✔ [14360/26417] Built DifferentialGeometry.Topology.Morse.SaddleMinimumEndTransitions (8.2s)
✔ [14366/26417] Built DifferentialGeometry.Geometry.Boundary.Gradient (2.5s)
✔ [14369/26417] Built DifferentialGeometry.Geometry.Boundary.ExtremumNormal (2.9s)
✔ [14370/26417] Built DifferentialGeometry.Geometry.Boundary.LevelComponents (2.3s)
✔ [14372/26417] Built DifferentialGeometry.Topology.Manifold.BoundaryOrder (2.2s)
✔ [14375/26417] Built DifferentialGeometry.Geometry.Neck.CylindricalChainSimpleConnected (1.0s)
✔ [14376/26417] Built DifferentialGeometry.Topology.VectorField.RegularIndexComparison (2.9s)
✔ [14377/26417] Built DifferentialGeometry.Topology.Manifold.SeparatingCollarBoundary (3.2s)
✔ [14379/26417] Built DifferentialGeometry.Topology.Morse.HandleIsotopy (2.5s)
✔ [14380/26417] Built DifferentialGeometry.Analysis.Elliptic.Regularity.ChartHk.H4NonSmooth (4.4s)
✔ [14381/26417] Built DifferentialGeometry.Topology.Morse.BoundaryHandle (3.5s)
✔ [14382/26417] Built DifferentialGeometry.Topology.Manifold.Boundary.GeometricMorseBoundary (2.0s)
✔ [14387/26417] Built DifferentialGeometry.Topology.Manifold.BoundaryCollar.FlowStrip (2.0s)
✔ [14394/26417] Built DifferentialGeometry.Topology.Manifold.RegularSuperlevel (1.9s)
✔ [14395/26417] Built DifferentialGeometry.Topology.Manifold.RelativeCollarStraightening (2.2s)
✔ [14396/26417] Built DifferentialGeometry.Geometry.Boundary.SublevelMetric (3.4s)
✔ [14397/26417] Built DifferentialGeometry.Topology.Morse.HeightCompression (2.3s)
✔ [14407/26417] Built DifferentialGeometry.Topology.Ehresmann.RegularBand (3.6s)
✔ [14408/26417] Built DifferentialGeometry.Topology.ThreeManifold.SmoothSchoenfliesTransitivity (2.5s)
✔ [14410/26417] Built DifferentialGeometry.Topology.ThreeManifold.SmoothSchoenfliesRoundSphereBall (2.2s)
✔ [14413/26417] Built DifferentialGeometry.Topology.ThreeManifold.SmoothSchoenfliesFrontier (2.5s)
✔ [14420/26417] Built DifferentialGeometry.Topology.Manifold.EmbeddedHypersurface.TopFormCollar (2.2s)
✔ [14435/26417] Built DifferentialGeometry.Topology.SphereSeparation.SmoothSchoenfliesBallFillingClosedBall (2.4s)
✔ [14436/26417] Built DifferentialGeometry.Topology.PiecewiseLinear.ThreeCellExtension (1.8s)
✔ [14441/26417] Built DifferentialGeometry.Topology.Manifold.EmbeddedHypersurface.NormalTriviality (2.9s)
✔ [14442/26417] Built DifferentialGeometry.Geometry.Boundary.UniformGradientFlow (2.4s)
✔ [14443/26417] Built DifferentialGeometry.Geometry.Boundary.GradientFlow (2.3s)
✔ [14444/26417] Built DifferentialGeometry.Geometry.Boundary.SmoothFactorization (2.1s)
✔ [14445/26417] Built DifferentialGeometry.Topology.Manifold.SphereBoundarySimplyConnected (2.1s)
✔ [14447/26417] Built DifferentialGeometry.Topology.Ehresmann.BoundaryPartition (2.1s)
✔ [14454/26417] Built DifferentialGeometry.Topology.Manifold.ShearedCylinder (2.3s)
✔ [14458/26417] Built DifferentialGeometry.Topology.Morse.SaddleMinimumHeightCoordinates (6.2s)
✔ [14459/26417] Built DifferentialGeometry.Topology.Manifold.EndpointShift (2.2s)
✔ [14460/26417] Built DifferentialGeometry.Topology.VectorField.IndexComparison (2.2s)
✔ [14461/26417] Built DifferentialGeometry.Geometry.Boundary.RegularSuperlevelMetric (2.0s)
✔ [14462/26417] Built DifferentialGeometry.Geometry.Boundary.TwoSphereAnnulus (2.0s)
✔ [14463/26417] Built DifferentialGeometry.Geometry.Boundary.SublevelNormal (2.4s)
✔ [14467/26417] Built DifferentialGeometry.Analysis.Integration.Measure.SublevelSurface (2.2s)
✔ [14468/26417] Built DifferentialGeometry.Analysis.Integration.Measure.SublevelVolume (3.4s)
✔ [14474/26417] Built DifferentialGeometry.Topology.Manifold.CollarStraighteningProducer (3.9s)
✔ [14475/26417] Built DifferentialGeometry.Topology.Ehresmann.BandConsequences (1.0s)
✔ [14506/26417] Built DifferentialGeometry.Topology.Manifold.EmbeddedHypersurface.OrientedCollar (2.2s)
✔ [14534/26417] Built DifferentialGeometry.Topology.PiecewiseLinear.CornerBandSmoothing (2.0s)
✔ [14536/26417] Built DifferentialGeometry.Topology.PiecewiseLinear.ManifoldPieceInclusion (1.9s)
✔ [14539/26417] Built DifferentialGeometry.External.DeGiorgi.MoserIteration.CutoffPrep.Profiles (5.1s)
✔ [14544/26417] Built DifferentialGeometry.Analysis.Sobolev.Chart.CrossChartBounds.CrossChartAe (5.4s)
✔ [14547/26417] Built DifferentialGeometry.Topology.ThreeManifold.SmoothSchoenfliesBallFillingFrontier (2.2s)
✔ [14549/26417] Built DifferentialGeometry.Topology.ThreeManifold.SmoothSchoenfliesCore (2.9s)
✔ [14550/26417] Built DifferentialGeometry.Geometry.Connection.LeviCivita.PullbackScaling (2.5s)
✔ [14551/26417] Built DifferentialGeometry.Topology.Ehresmann.ProductBoundary (2.4s)
✔ [14552/26417] Built DifferentialGeometry.Geometry.Boundary.EndpointStrips (2.8s)
✔ [14554/26417] Built DifferentialGeometry.Geometry.Curvature.Riemann.HigherOrder (3.0s)
✔ [14555/26417] Built DifferentialGeometry.Geometry.Boundary.ChartCrossSection (2.3s)
✔ [14556/26417] Built DifferentialGeometry.Geometry.Boundary.EmbeddedParametrization (2.4s)
✔ [14559/26417] Built DifferentialGeometry.Topology.Manifold.BoundaryCollar.SmoothAttachment (2.0s)
✔ [14563/26417] Built DifferentialGeometry.Topology.VectorField.BoundaryCollarPullback (3.7s)
✔ [14567/26417] Built DifferentialGeometry.Topology.Manifold.BoundaryCollar.SeamAtlas (3.3s)
✔ [14568/26417] Built DifferentialGeometry.Topology.Manifold.BoundaryCollar.HeightStrip (2.3s)
✔ [14569/26417] Built DifferentialGeometry.Topology.Manifold.Boundary.SublevelDiffeomorph (3.3s)
✔ [14576/26417] Built DifferentialGeometry.Geometry.Boundary.EuclideanCoverAnnulus (2.0s)
✔ [14580/26417] Built DifferentialGeometry.Topology.VectorField.BoundarySplice (3.1s)
✔ [14582/26417] Built DifferentialGeometry.Geometry.Boundary.ChartAnnulus (2.1s)
✔ [14585/26417] Built DifferentialGeometry.Topology.Manifold.RelativeCollarAssembly (2.3s)
✔ [14588/26417] Built DifferentialGeometry.Topology.Manifold.PrescribedCollarStraightening (3.1s)
✔ [14600/26417] Built DifferentialGeometry.Topology.PiecewiseLinear.ConicalGermPattern (1.0s)
✔ [14603/26417] Built DifferentialGeometry.Topology.PiecewiseLinear.RelativeSimplexNeighborhood (2.5s)
✔ [14604/26417] Built DifferentialGeometry.Topology.PiecewiseLinear.SlabWedgeEndpointPush (2.1s)
✔ [14620/26417] Built DifferentialGeometry.Topology.PiecewiseLinear.ChartSlide (2.1s)
✔ [14623/26417] Built DifferentialGeometry.Topology.PiecewiseLinear.SingularPointEmbedding (1.9s)
✔ [14624/26417] Built DifferentialGeometry.Topology.PiecewiseLinear.HalfSpacePerturbation (3.1s)
✔ [14625/26417] Built DifferentialGeometry.Topology.PiecewiseLinear.LoopTheorem.GeneralPositionInDoubleRelativeHalfSpaceCollar (2.9s)
✔ [14627/26417] Built DifferentialGeometry.Topology.PiecewiseLinear.CarrierPerturbation (2.1s)
✔ [14628/26417] Built DifferentialGeometry.Topology.PiecewiseLinear.SingularChart (2.6s)
✔ [14629/26417] Built DifferentialGeometry.Topology.PiecewiseLinear.TriangleCornerSmoothing (6.4s)
✔ [14632/26417] Built DifferentialGeometry.Topology.PiecewiseLinear.LoopTheorem.GeneralPositionInDoubleRelative (2.1s)
✔ [14645/26417] Built DifferentialGeometry.Topology.Morse.SaddleMinimumAlignedCoordinates (16s)
✔ [14649/26417] Built DifferentialGeometry.Topology.PiecewiseLinear.RelativeGeneralPositionSubcomplex (2.2s)
✔ [14652/26417] Built DifferentialGeometry.Topology.PiecewiseLinear.SingularPasting (2.3s)
✔ [14663/26417] Built DifferentialGeometry.Topology.PiecewiseLinear.SlabWedgeDoublePoint (1.9s)
✔ [14664/26417] Built DifferentialGeometry.Geometry.Metric.Convergence.Coordinates.ConnectionEvaluation (2.4s)
✔ [14666/26417] Built DifferentialGeometry.Geometry.Metric.Family.TimeDerivative (4.6s)
✔ [14670/26417] Built DifferentialGeometry.Analysis.Sobolev.Chart.BanachCompleteness.ManifoldLimitRegularity (4.8s)
✔ [14671/26417] Built DifferentialGeometry.Geometry.Operator.Laplacian.Barrier (2.3s)
✔ [14672/26417] Built DifferentialGeometry.External.DeGiorgi.MoserIteration.CutoffPrep.ExactRegularization (6.6s)
✔ [14673/26417] Built DifferentialGeometry.Analysis.Elliptic.Barrier.CompactUpperSupportComparison (2.5s)
✔ [14675/26417] Built DifferentialGeometry.Topology.ThreeManifold.SmoothSchoenfliesTwoSided (2.3s)
✔ [14676/26417] Built DifferentialGeometry.Topology.ThreeManifold.SmoothSchoenfliesReduction (2.6s)
✔ [14677/26417] Built DifferentialGeometry.Geometry.Boundary.SmoothEndpointStrips (2.6s)
✔ [14679/26417] Built DifferentialGeometry.Geometry.Boundary.EndpointCollars (3.1s)
✔ [14684/26417] Built DifferentialGeometry.Topology.Ehresmann.SphereProductData (2.5s)
✔ [14685/26417] Built DifferentialGeometry.Topology.Manifold.BoundaryCollar.AttachmentHomeomorph (2.3s)
✔ [14688/26417] Built DifferentialGeometry.Topology.Double.Manifold (2.4s)
✔ [14689/26417] Built DifferentialGeometry.Topology.Manifold.BoundaryCollar.AttachmentAtlas (2.8s)
✔ [14693/26417] Built DifferentialGeometry.Topology.Manifold.Boundary.Superlevel (2.3s)
✔ [14700/26417] Built DifferentialGeometry.Topology.Morse.BoundaryExcellentDiffeomorph (2.4s)
✔ [14701/26417] Built DifferentialGeometry.Geometry.Boundary.SphereDomainAnnulus (2.5s)
✔ [14703/26417] Built DifferentialGeometry.Geometry.Boundary.EuclideanOpenCoverAnnulus (2.2s)
✔ [14711/26417] Built DifferentialGeometry.Analysis.Sobolev.Manifold.Algebra.SmoothExtension (6.8s)
✔ [14712/26417] Built DifferentialGeometry.Analysis.Sobolev.Chart.AtlasNorm.HolderMonoExponent (6.0s)
✔ [14713/26417] Built DifferentialGeometry.Analysis.Sobolev.Manifold.Algebra.SmoothMultiplierWkpBound (6.7s)
✔ [14722/26417] Built DifferentialGeometry.Topology.PiecewiseLinear.CofaceTransport (2.2s)
✔ [14729/26417] Built DifferentialGeometry.Topology.PiecewiseLinear.SlabWedgeEndpointHomotopy (2.2s)
✔ [14744/26417] Built DifferentialGeometry.Topology.PiecewiseLinear.RelativeNormalForm (2.6s)
✔ [14745/26417] Built DifferentialGeometry.Topology.PiecewiseLinear.ArcPatternStraighteningJunction (2.7s)
✔ [14748/26417] Built DifferentialGeometry.Topology.PiecewiseLinear.BigonDragHomeomorph (1.9s)
✔ [14749/26417] Built DifferentialGeometry.Topology.PiecewiseLinear.SingularPointComparison (2.1s)
✔ [14750/26417] Built DifferentialGeometry.Topology.PiecewiseLinear.LoopTheorem.GeneralPositionInDoubleRelativeHalfSpaceCollarProducer (2.4s)
✔ [14761/26417] Built DifferentialGeometry.Topology.PiecewiseLinear.ConeStarCover (2.5s)
✔ [14766/26417] Built DifferentialGeometry.Topology.PiecewiseLinear.HalfSpaceGeneralPosition (3.5s)
✔ [14772/26417] Built DifferentialGeometry.Topology.PiecewiseLinear.TriangleAnnulusSmoothing (2.5s)
✔ [14773/26417] Built DifferentialGeometry.Topology.PiecewiseLinear.LoopTheorem.GeneralPositionInDoubleBufferedInduction (1.8s)
✔ [14777/26417] Built DifferentialGeometry.Analysis.Parabolic.MaximumPrinciple.Scalar.AffineBarrier (2.5s)
✔ [14781/26417] Built DifferentialGeometry.Topology.PiecewiseLinear.SingularLocal (2.3s)
✔ [14782/26417] Built DifferentialGeometry.Analysis.Parabolic.MaximumPrinciple.Scalar.DriftComparison (2.9s)
✔ [14797/26417] Built DifferentialGeometry.Topology.PiecewiseLinear.SlabWedgeEndpointDoublePoint (1.8s)
✔ [14802/26417] Built DifferentialGeometry.Analysis.Parabolic.Energy.Supersolution (2.0s)
✔ [14803/26417] Built DifferentialGeometry.Analysis.Parabolic.Energy.EvolvingCaccioppoli (4.0s)
✔ [14804/26417] Built DifferentialGeometry.Geometry.Operator.Laplacian.Viscosity (2.3s)
✔ [14805/26417] Built DifferentialGeometry.Analysis.Sobolev.Chart.BanachCompleteness.ManifoldLimitConvergence (4.7s)
✔ [14806/26417] Built DifferentialGeometry.Topology.ThreeManifold.SmoothSchoenfliesCanonicalForm (2.5s)
✔ [14808/26417] Built DifferentialGeometry.Topology.VectorField.ClosedMorseReference (2.8s)
✔ [14810/26417] Built DifferentialGeometry.External.DeGiorgi.MoserIteration.CutoffPrep.RegularizedWitnesses (4.1s)
✔ [14819/26417] Built DifferentialGeometry.Topology.Homology.ClosedManifold (1.9s)
✔ [14824/26417] Built DifferentialGeometry.Topology.Ehresmann.CompletionAtlas (3.2s)
✔ [14827/26417] Built DifferentialGeometry.Analysis.Parabolic.TimeSobolev.WeakPartialRegularity (4.1s)
✔ [14829/26417] Built DifferentialGeometry.Topology.Morse.BoundaryExcellentHomeomorph (2.8s)
✔ [14831/26417] Built DifferentialGeometry.Topology.Manifold.DoubleSeamTransport (6.5s)
✔ [14834/26417] Built DifferentialGeometry.Geometry.Boundary.SphericalCoverAnnulus (2.1s)
✔ [14844/26417] Built DifferentialGeometry.Topology.PiecewiseLinear.ArcPatternStraighteningBase (2.2s)
✔ [14846/26417] Built DifferentialGeometry.Topology.PiecewiseLinear.LoopTheorem.GeneralPositionInDoubleCutOutWithBoundary (2.0s)
✔ [14851/26417] Built DifferentialGeometry.Topology.PiecewiseLinear.FoldPlaneCrossing (2.2s)
✔ [14855/26417] Built DifferentialGeometry.Topology.PiecewiseLinear.ArrangementConstraints (1.0s)
✔ [14856/26417] Built DifferentialGeometry.Analysis.Sobolev.Manifold.Algebra.ChartSmoothFactors (6.5s)
✔ [14857/26417] Built DifferentialGeometry.Topology.PiecewiseLinear.TriangleComplexBoundary (2.4s)
✔ [14862/26417] Built DifferentialGeometry.Topology.Morse.SaddleMinimumCommonCoordinates (26s)
✔ [14878/26417] Built DifferentialGeometry.Topology.PiecewiseLinear.ArcPatternStraighteningStep (4.3s)
✔ [14879/26417] Built DifferentialGeometry.Topology.PiecewiseLinear.TwoSidedCrossingProducer (2.2s)
✔ [14881/26417] Built DifferentialGeometry.Topology.PiecewiseLinear.BoundaryDoubleCrossingChart (1.0s)
✔ [14906/26417] Built DifferentialGeometry.Topology.PiecewiseLinear.LoopTheorem.ProjectedBoundaryPosition (2.9s)
✔ [14907/26417] Built DifferentialGeometry.Geometry.Connection.ParallelTransport.Cone.PositiveSemidefinite (3.9s)
✔ [14909/26417] Built DifferentialGeometry.Topology.PiecewiseLinear.SingularManifoldLocal (2.7s)
✔ [14910/26417] Built DifferentialGeometry.Geometry.Connection.ParallelTransport.Cone.SectionalNonnegative (3.7s)
✔ [14913/26417] Built DifferentialGeometry.Analysis.Sobolev.Chart.BanachCompleteness.WkpForcingBridge (3.9s)
✔ [14919/26417] Built DifferentialGeometry.Topology.VectorField.ClosedPoincareHopf (2.6s)
✔ [14920/26417] Built DifferentialGeometry.Topology.Homology.ManifoldBoundary (2.2s)
✔ [14923/26417] Built DifferentialGeometry.Topology.Ehresmann.LevelCompatibleCompletion (2.9s)
✔ [14925/26417] Built DifferentialGeometry.Topology.Ehresmann.BoundaryInterval (3.1s)
✔ [14926/26417] Built DifferentialGeometry.Analysis.Sobolev.Euclidean.DirichletEnergy.HarmonicRegularity (4.5s)
✔ [14930/26417] Built DifferentialGeometry.Topology.Morse.EulerCharacteristic (2.5s)
✔ [14932/26417] Built DifferentialGeometry.Geometry.Neck.CylindricalChainAnnulus (2.3s)
✔ [14941/26417] Built DifferentialGeometry.External.DeGiorgi.MoserIteration.CutoffPrep.RegularizedEnergy (10s)
✔ [14946/26417] Built DifferentialGeometry.Topology.PiecewiseLinear.BigonDrag (2.4s)
✔ [14953/26417] Built DifferentialGeometry.Topology.Manifold.RelativeCollarTransitionProducer (5.1s)
✔ [14957/26417] Built DifferentialGeometry.Analysis.Parabolic.MaximumPrinciple.Tensor.Strong (2.8s)
✔ [14962/26417] Built DifferentialGeometry.Topology.PiecewiseLinear.ArcPatternStraightening (2.8s)
✔ [14968/26417] Built DifferentialGeometry.Geometry.Comparison.Variation.EndpointInterpolation (2.8s)
✔ [14976/26417] Built DifferentialGeometry.Geometry.Metric.Conformal.Laplacian (2.8s)
✔ [14977/26417] Built DifferentialGeometry.Geometry.Connection.MetricCompatibility.AlongCurveJets (3.7s)
✔ [14981/26417] Built DifferentialGeometry.Geometry.Connection.ParallelTransport.Cone.AlgebraicSectionalNonnegative (3.3s)
✔ [14988/26417] Built DifferentialGeometry.Analysis.Sobolev.Manifold.Algebra.Basic (8.6s)
✔ [14990/26417] Built DifferentialGeometry.Topology.Homology.ManifoldEulerParity (2.4s)
✔ [14991/26417] Built DifferentialGeometry.Topology.VectorField.ClopenPoincareHopf (3.5s)
✔ [14994/26417] Built DifferentialGeometry.Analysis.Spectral.Tensor.ChartTensor.Components.POUFDerivBound (5.5s)
✔ [14995/26417] Built DifferentialGeometry.Topology.Ehresmann.BoundaryFiberTransport (3.6s)
✔ [14996/26417] Built DifferentialGeometry.Topology.Ehresmann.BoundaryEndpointTransport (2.5s)
✔ [15003/26417] Built DifferentialGeometry.Topology.Homology.Manifold (2.2s)
✔ [15014/26417] Built DifferentialGeometry.Topology.PiecewiseLinear.SlabWedgeEndpointConjugation (2.5s)
✔ [15016/26417] Built DifferentialGeometry.Topology.PiecewiseLinear.BigonDragCrossings (2.5s)
✔ [15019/26417] Built DifferentialGeometry.Topology.VectorField.MorseReferenceField (3.8s)
✔ [15032/26417] Built DifferentialGeometry.Geometry.Operator.Laplacian.AddCircleScaling (2.6s)
✔ [15037/26417] Built DifferentialGeometry.Geometry.Geodesic.ParallelOrientation (3.4s)
✔ [15038/26417] Built DifferentialGeometry.Geometry.Curvature.CurvatureOperator.ConnectionDifference.RicciTelescope (3.2s)
✔ [15045/26417] Built DifferentialGeometry.Geometry.Connection.ParallelTransport.Cone.AlgebraicCurvatureOperator (3.8s)
✔ [15047/26417] Built DifferentialGeometry.Analysis.Parabolic.Moser.Core.Sobolev (6.4s)
✔ [15048/26417] Built DifferentialGeometry.Topology.Homology.BoundaryPartition (2.6s)
✔ [15050/26417] Built DifferentialGeometry.Analysis.Sobolev.WithBoundary.Intrinsic.ChartEquivalence (7.0s)
✔ [15051/26417] Built DifferentialGeometry.Topology.Ehresmann.BoundaryAnnulus (2.8s)
✔ [15053/26417] Built DifferentialGeometry.Topology.Ehresmann.BoundaryMatching (2.8s)
✔ [15059/26417] Built DifferentialGeometry.Topology.Homology.Relative.ManifoldBoundary (2.3s)
✔ [15061/26417] Built DifferentialGeometry.Topology.Homology.ManifoldDoubleEuler (2.4s)
✔ [15064/26417] Built DifferentialGeometry.External.DeGiorgi.MoserIteration.CutoffPrep.WitnessConstruction (16s)
✔ [15109/26417] Built DifferentialGeometry.Topology.Homology.RelativeChainCut (2.2s)
✔ [15115/26417] Built DifferentialGeometry.Geometry.Connection.RicciIdentity.OneForm.Identity (2.6s)
✔ [15125/26417] Built DifferentialGeometry.Analysis.Parabolic.MaximumPrinciple.Cone.Parallel.Basic (2.0s)
✔ [15135/26417] Built DifferentialGeometry.Topology.VectorField.MorseReferenceIndexSum (2.8s)
✔ [15136/26417] Built DifferentialGeometry.Geometry.Metric.Convergence.CovariantDerivative.Coordinates (3.0s)
✔ [15137/26417] Built DifferentialGeometry.Geometry.Connection.ParallelTransport.HessianSupport (3.9s)
✔ [15139/26417] Built DifferentialGeometry.Analysis.Parabolic.Moser.EvolvingMetric.Sobolev (5.7s)
✔ [15152/26417] Built DifferentialGeometry.Geometry.Connection.Laplacian.Pullback (3.3s)
✔ [15157/26417] Built DifferentialGeometry.External.DeGiorgi.MoserIteration.CutoffPrep.PreEstimate (9.7s)
✔ [15172/26417] Built DifferentialGeometry.Geometry.Connection.MetricCompatibility.AlternatingEndomorphism (6.0s)
✔ [15189/26417] Built DifferentialGeometry.Geometry.Connection.LeviCivita.Variation.ScalarHessian (4.0s)
✔ [15201/26417] Built DifferentialGeometry.Topology.VectorField.OutwardPoincareHopf (2.0s)
✔ [15202/26417] Built DifferentialGeometry.Analysis.Heat.MaximumPrinciple (6.8s)
✔ [15208/26417] Built DifferentialGeometry.Geometry.Connection.Laplacian.ExteriorPowerEndomorphismPullback (12s)
✔ [15209/26417] Built DifferentialGeometry.Geometry.Connection.Laplacian.Scaling (2.9s)
✔ [15225/26417] Built DifferentialGeometry.Geometry.Connection.Laplacian.Congruence (2.5s)
✔ [15246/26417] Built DifferentialGeometry.Analysis.Parabolic.MaximumPrinciple.ParallelConvex (4.0s)
✔ [15251/26417] Built DifferentialGeometry.External.DeGiorgi.MoserIteration.CutoffPrep (3.6s)
✔ [15253/26417] Built DifferentialGeometry.Geometry.Geodesic.ParallelNormal (2.9s)
✔ [15254/26417] Built DifferentialGeometry.Geometry.Metric.TensorInner.Estimates.LoweringNorm (3.4s)
✔ [15255/26417] Built DifferentialGeometry.Topology.VectorField.RelativePoincareHopf (4.5s)
✔ [15256/26417] Built DifferentialGeometry.Topology.VectorField.PrescribedOutwardBoundary (2.0s)
✔ [15259/26417] Built DifferentialGeometry.External.DeGiorgi.MoserIteration.Iteration (7.3s)
✔ [15269/26417] Built DifferentialGeometry.Topology.VectorField.RelativePoincareHopfOne (4.2s)
✔ [15270/26417] Built DifferentialGeometry.Topology.VectorField.PrescribedBoundaryComponents (3.5s)
✔ [15272/26417] Built DifferentialGeometry.Analysis.Schauder.Parabolic.Chart.Operator (3.5s)
✔ [15278/26417] Built DifferentialGeometry.Analysis.Sobolev.Hs.Density.FiniteSupport (5.3s)
✔ [15297/26417] Built DifferentialGeometry.Topology.PlanarJordan.SmoothDiskExtension (1.9s)
✔ [15300/26417] Built DifferentialGeometry.External.CanonicalTopology.Topology.Homology.RealLocalDuality (2.3s)
✔ [15311/26417] Built DifferentialGeometry.Geometry.Connection.LeviCivita.Hessian.LocalFrame (2.7s)
✔ [15317/26417] Built DifferentialGeometry.Geometry.Connection.Laplacian.SelfAdjointScaling (5.3s)
✔ [15318/26417] Built DifferentialGeometry.Geometry.Connection.LeviCivita.Hessian.ScalarBochner (3.1s)
✔ [15319/26417] Built DifferentialGeometry.Geometry.Metric.DeTurck.Naturality (2.7s)
✔ [15321/26417] Built DifferentialGeometry.Geometry.Geodesic.NormalReturnMap (2.9s)
✔ [15322/26417] Built DifferentialGeometry.Geometry.Connection.Laplacian.SelfAdjointConjugate (11s)
✔ [15323/26417] Built DifferentialGeometry.Topology.VectorField.RelativeChosenCollar (3.0s)
✔ [15330/26417] Built DifferentialGeometry.Topology.VectorField.MixedPoincareHopfCollarOne (2.8s)
✔ [15331/26417] Built DifferentialGeometry.Topology.VectorField.RelativeChosenCollarOne (3.1s)
✔ [15333/26417] Built DifferentialGeometry.Topology.VectorField.BoundaryEulerFromIndex (3.9s)
✔ [15334/26417] Built DifferentialGeometry.Topology.VectorField.BoundaryEulerFromIndexOne (3.1s)
✔ [15354/26417] Built DifferentialGeometry.Topology.VectorField.MixedPoincareHopfCollar (3.8s)
✔ [15358/26417] Built DifferentialGeometry.Geometry.Metric.Conformal.VectorField (5.4s)
✔ [15363/26417] Built DifferentialGeometry.External.DeGiorgi.MoserIteration.Linfty (5.8s)
✔ [15375/26417] Built DifferentialGeometry.External.CanonicalTopology.Topology.Homology.LocalZeroNaturality (1.8s)
✔ [15382/26417] Built DifferentialGeometry.Analysis.Schauder.Parabolic.EvolvingMetric (3.7s)
✔ [15384/26417] Built DifferentialGeometry.Geometry.Curvature.ScalarPointPicking (2.4s)
✔ [15385/26417] Built DifferentialGeometry.Geometry.Submanifold.IsometricImmersionGauss (2.9s)
✔ [15386/26417] Built DifferentialGeometry.Geometry.Curvature.Riemann.Conventions (2.8s)
✔ [15391/26417] Built DifferentialGeometry.Geometry.Flow.RicciFlow.Compactness.Bounds.Ricci.Intrinsic (3.1s)
✔ [15407/26417] Built DifferentialGeometry.Geometry.Flow.RicciFlow.Perelman.CanonicalNeighborhood.SlabCovariantChangeBound (2.7s)
✔ [15408/26417] Built DifferentialGeometry.Geometry.Flow.RicciFlow.Perelman.CanonicalNeighborhood.SlabFrameControl (2.8s)
✔ [15409/26417] Built DifferentialGeometry.Geometry.Connection.Flow (2.8s)
✔ [15417/26417] Built DifferentialGeometry.Geometry.Connection.ParallelTransport.Derivative.AlongCurveKato (2.7s)
✔ [15425/26417] Built DifferentialGeometry.Geometry.Operator.HessianDivergence (2.5s)
✔ [15426/26417] Built DifferentialGeometry.Geometry.Metric.DeTurck.HarmonicMapTension (2.0s)
✔ [15429/26417] Built DifferentialGeometry.Topology.Homology.BoundaryEulerIndex (3.1s)
✔ [15431/26417] Built DifferentialGeometry.Analysis.Elliptic.WithBoundary.Neumann.Unrestricted.SmoothScalar (4.0s)
✔ [15433/26417] Built DifferentialGeometry.Analysis.Parabolic.ScalarHeat.ExponentialRescaling (4.7s)
✔ [15435/26417] Built DifferentialGeometry.Analysis.Parabolic.Moser.Core.Power (8.2s)
✔ [15439/26417] Built DifferentialGeometry.Analysis.Elliptic.Barrier.ChartAnnulusComparison (6.7s)
✔ [15441/26417] Built DifferentialGeometry.Topology.Homology.BoundaryEulerIndexOne (3.4s)
✔ [15443/26417] Built DifferentialGeometry.Topology.VectorField.MixedPoincareHopf (3.9s)
✔ [15447/26417] Built DifferentialGeometry.Analysis.Elliptic.WeakLaplacian (5.1s)
✔ [15460/26417] Built DifferentialGeometry.Topology.PlanarJordan.JordanDiskReplacementDraftC23 (2.4s)
✔ [15461/26417] Built DifferentialGeometry.Geometry.Flow.RicciFlow.Entropy.ConjugateHeat.WeakPositiveApproximation (4.5s)
✔ [15464/26417] Built DifferentialGeometry.Geometry.Metric.Conformal.LieDerivative (4.5s)
✔ [15477/26417] Built DifferentialGeometry.Geometry.Metric.Conformal.Naturality (4.2s)
✔ [15478/26417] Built DifferentialGeometry.External.DeGiorgi.MoserIteration (3.6s)
✔ [15491/26417] Built DifferentialGeometry.Analysis.Integration.DivergenceTheorem.Rellich (4.9s)
✔ [15497/26417] Built DifferentialGeometry.External.CanonicalTopology.Topology.Homology.ZeroSphereOrientation (3.1s)
✔ [15512/26417] Built DifferentialGeometry.Geometry.Curvature.DimensionThree.RicciNotDeterminedByScalarAndRmNormBounds (2.4s)
✔ [15522/26417] Built DifferentialGeometry.Analysis.Schauder.Parabolic.Chart.Regularity (4.1s)
✔ [15538/26417] Built DifferentialGeometry.Geometry.Metric.FamilyCurveDerivative (2.5s)
✔ [15540/26417] Built DifferentialGeometry.Analysis.Spectral.Tensor.ChartTensor.Components.ComponentScalarFderivLeibniz (4.5s)
✔ [15544/26417] Built DifferentialGeometry.Geometry.Metric.ParallelFlow (2.6s)
✔ [15545/26417] Built DifferentialGeometry.Analysis.Elliptic.ConnectionLaplacian.PointwiseBounds.Locality (3.2s)
✔ [15553/26417] Built DifferentialGeometry.Geometry.Connection.Laplacian.TensorConnLaplacianChart (3.2s)
✔ [15567/26417] Built DifferentialGeometry.Geometry.Operator.HarmonicParallelGradient (4.6s)
✔ [15568/26417] Built DifferentialGeometry.Topology.Manifold.Boundary.ProjectiveObstruction (2.7s)
✔ [15569/26417] Built DifferentialGeometry.Analysis.Parabolic.Dirichlet.SmoothTimeMultiplier (6.4s)
✔ [15570/26417] Built DifferentialGeometry.Analysis.Elliptic.WithBoundary.Neumann.Unrestricted.H1 (4.7s)
✔ [15573/26417] Built DifferentialGeometry.Analysis.Parabolic.Moser.Logarithmic.Oscillation (5.3s)
✔ [15574/26417] Built DifferentialGeometry.Analysis.Parabolic.MaximumPrinciple.Scalar.Hopf.CompactAnnulus (5.5s)
✔ [15577/26417] Built DifferentialGeometry.Analysis.Parabolic.Moser.Core.ReverseHolder (4.5s)
✔ [15578/26417] Built DifferentialGeometry.Analysis.Parabolic.Moser.EvolvingMetric.Power (5.4s)
✔ [15579/26417] Built DifferentialGeometry.Analysis.Heat.Parametrix.CoordinateCoefficient (4.5s)
✔ [15582/26417] Built DifferentialGeometry.Geometry.Operator.GradientPairingRegularity (4.3s)
✔ [15583/26417] Built DifferentialGeometry.Analysis.Elliptic.Barrier.StrongMinimumUpperSupport (4.0s)
✔ [15634/26417] Built DifferentialGeometry.Topology.Homology.BoundaryEuler (2.4s)
✔ [15640/26417] Built DifferentialGeometry.Geometry.Flow.RicciFlow.Solution.ScalarBlowup (2.2s)
✔ [15641/26417] Built DifferentialGeometry.Analysis.Elliptic.Barrier.LocalStrictSubharmonic (5.1s)
✔ [15652/26417] Built DifferentialGeometry.Geometry.Curvature.CurvatureOperator.RicciUpperBound (3.4s)
✔ [15661/26417] Built DifferentialGeometry.Geometry.Metric.JoinJets (2.0s)
✔ [15680/26417] Built DifferentialGeometry.Geometry.Curvature.RicciPullbackDerivative (3.4s)
✔ [15689/26417] Built DifferentialGeometry.External.DeGiorgi.Supersolutions.TestFunctions (8.2s)
✔ [15693/26417] Built DifferentialGeometry.Analysis.Elliptic.Liouville (4.9s)
✔ [15704/26417] Built DifferentialGeometry.Analysis.Sobolev.Tensor.Chart.RawNorm (5.3s)
✔ [15707/26417] Built DifferentialGeometry.Analysis.Schauder.Parabolic.Chart.Extension (2.7s)
✔ [15712/26417] Built DifferentialGeometry.Geometry.Comparison.Variation.JacobiJets (5.2s)
✔ [15720/26417] Built DifferentialGeometry.Geometry.Comparison.Variation.SmoothEnergy (2.6s)
✔ [15728/26417] Built DifferentialGeometry.Geometry.Metric.Comparison.GeometricCurveEnergy (2.5s)
✔ [15732/26417] Built DifferentialGeometry.Geometry.Curvature.CurvatureOperator.Bounds.CovariantTwoTensor.Pointwise (5.1s)
✔ [15733/26417] Built DifferentialGeometry.Analysis.Parabolic.Dirichlet.LocalCoefficientBounds (4.0s)
✔ [15736/26417] Built DifferentialGeometry.Geometry.Connection.LeviCivita.Hessian.TwoJetVanishingExtension (9.9s)
✔ [15737/26417] Built DifferentialGeometry.Analysis.Parabolic.Dirichlet.WeakDensityMixedDerivative (7.2s)
✔ [15738/26417] Built DifferentialGeometry.Analysis.Parabolic.Dirichlet.WeakDensityGradientSource (8.3s)
✔ [15743/26417] Built DifferentialGeometry.Analysis.Parabolic.Dirichlet.VariableMassUniqueness (5.6s)
✔ [15744/26417] Built DifferentialGeometry.Topology.Manifold.Boundary.MorseProjectiveObstruction (2.3s)
✔ [15745/26417] Built DifferentialGeometry.Analysis.Elliptic.WithBoundary.DirichletSobolev (5.2s)
✔ [15746/26417] Built DifferentialGeometry.Geometry.Connection.Laplacian.ExteriorPowerSelfAdjointPullback (84s)
✔ [15748/26417] Built DifferentialGeometry.Analysis.Elliptic.WithBoundary.DirichletWeightedResolvent (6.2s)
✔ [15750/26417] Built DifferentialGeometry.Analysis.Elliptic.WithBoundary.Neumann.Unrestricted.InteriorSupport (3.6s)
✔ [15751/26417] Built DifferentialGeometry.Analysis.Parabolic.MaximumPrinciple.Scalar.Hopf.HeatPotentialBoundary (4.6s)
✔ [15752/26417] Built DifferentialGeometry.Analysis.Parabolic.MaximumPrinciple.Cone.DualStrong (4.8s)
✔ [15753/26417] Built DifferentialGeometry.Analysis.Parabolic.MaximumPrinciple.Scalar.MetricFamily (5.2s)
✔ [15754/26417] Built DifferentialGeometry.Analysis.Parabolic.Moser.Logarithmic.Tail (6.2s)
✔ [15758/26417] Built DifferentialGeometry.Analysis.Parabolic.Moser.EvolvingMetric.Oscillation (5.4s)
✔ [15761/26417] Built DifferentialGeometry.Analysis.Parabolic.Moser.Spacetime.Measure (5.7s)
✔ [15772/26417] Built DifferentialGeometry.Analysis.Parabolic.MaximumPrinciple.Scalar.Hopf.HeatPotential (5.3s)
✔ [15774/26417] Built DifferentialGeometry.Geometry.Flow.RicciFlow.Estimates.Uhlenbeck.GaugeCovariance (2.9s)
✔ [15781/26417] Built DifferentialGeometry.Analysis.Parabolic.Moser.EvolvingMetric.ReverseHolder (5.0s)
✔ [15789/26417] Built DifferentialGeometry.Topology.Homology.RelativeBoundaryDuality (2.6s)
✔ [15790/26417] Built DifferentialGeometry.Analysis.Elliptic.Regularity.ChartPushed.RawWeakPartialOnVolume (6.5s)
✔ [15791/26417] Built DifferentialGeometry.Geometry.Flow.RicciFlow.Perelman.LGeometry.Segment.Defs (2.3s)
✔ [15808/26417] Built DifferentialGeometry.Geometry.Flow.RicciFlow.Extinction.CurveShortening.ProductProjection (2.0s)
✔ [15810/26417] Built DifferentialGeometry.Geometry.Flow.RicciFlow.Perelman.LGeometry.Action.Estimates.ScalarLowerBound (2.4s)
✔ [15812/26417] Built DifferentialGeometry.Geometry.Flow.RicciFlow.Perelman.LGeometry.Action.Estimates.Crossing (2.8s)
✔ [15816/26417] Built DifferentialGeometry.Geometry.Flow.RicciFlow.Perelman.LGeometry.Action.Concatenation (2.4s)
✔ [15818/26417] Built DifferentialGeometry.Geometry.Flow.RicciFlow.Perelman.LGeometry.Action.Regularity (2.8s)
✔ [15833/26417] Built DifferentialGeometry.Geometry.Curvature.RescaledPointPicking (2.7s)
✔ [15835/26417] Built DifferentialGeometry.Geometry.Curvature.CurvatureOperator.Rank (2.4s)
✔ [15836/26417] Built DifferentialGeometry.Geometry.Comparison.ScalarNormalizedRadius (2.6s)
✔ [15853/26417] Built DifferentialGeometry.Geometry.Curvature.CurvatureOperator.ExteriorScaling (3.7s)
✔ [15862/26417] Built DifferentialGeometry.Topology.ProjectiveSpace.AntipodalSurfaceOrientation (3.2s)
✔ [15867/26417] Built DifferentialGeometry.Geometry.Metric.LocalJoinJets (2.9s)
✔ [15883/26417] Built DifferentialGeometry.Geometry.Flow.RicciFlow.HamiltonHarnack.UhlenbeckP (4.5s)
✔ [15889/26417] Built DifferentialGeometry.Analysis.Spectral.Tensor.TrivProj.TchrAtomBound (5.1s)
✔ [15894/26417] Built DifferentialGeometry.External.DeGiorgi.Supersolutions.RegularizationSupport (4.4s)
✔ [15895/26417] Built DifferentialGeometry.Geometry.Comparison.Variation.LocalEnergyDerivatives (2.3s)
✔ [15898/26417] Built DifferentialGeometry.Analysis.Schauder.Parabolic.Chart.Estimate (4.3s)
✔ [15899/26417] Built DifferentialGeometry.Analysis.Elliptic.ConnectionLaplacian.L2Operator.DirichletForm (2.3s)
✔ [15906/26417] Built DifferentialGeometry.External.DeGiorgi.Supersolutions.Caccioppoli (8.8s)
✔ [15908/26417] Built DifferentialGeometry.Topology.Manifold.ProjectiveNonseparation (2.6s)
✔ [15909/26417] Built DifferentialGeometry.Analysis.Elliptic.ConnectionLaplacian.IntegrationByParts.SecondOrder.Weighted (4.0s)
✔ [15911/26417] Built DifferentialGeometry.Analysis.Parabolic.Dirichlet.LocalCoefficientDerivativeBounds (5.4s)
✔ [15912/26417] Built DifferentialGeometry.Analysis.Elliptic.WithBoundary.Neumann.Unrestricted.BoundaryCondition (4.2s)
✔ [15913/26417] Built DifferentialGeometry.Analysis.Elliptic.WithBoundary.DirichletSemilinear (5.5s)
✔ [15914/26417] Built DifferentialGeometry.Analysis.Parabolic.MaximumPrinciple.HarmonicDirichlet (8.4s)
✔ [15918/26417] Built DifferentialGeometry.Analysis.Parabolic.MaximumPrinciple.Cone.InnerDualStrong (4.2s)
✔ [15919/26417] Built DifferentialGeometry.Analysis.Parabolic.MaximumPrinciple.Cone.Parallel.DualStrong (4.5s)
✔ [15920/26417] Built DifferentialGeometry.Analysis.Parabolic.MaximumPrinciple.Tensor.ParallelNullDistribution (5.5s)
✔ [15921/26417] Built DifferentialGeometry.Analysis.Parabolic.Moser.EvolvingMetric.LogEnergy (5.8s)
✔ [15922/26417] Built DifferentialGeometry.Analysis.Parabolic.Moser.BombieriGiusti.Basic (5.4s)
✔ [15924/26417] Built DifferentialGeometry.Analysis.Parabolic.Moser.Spacetime.Supremum (4.5s)
✔ [15928/26417] Built DifferentialGeometry.Analysis.Parabolic.Moser.Logarithmic.Crossover (5.2s)
✔ [15932/26417] Built DifferentialGeometry.Analysis.Parabolic.Moser.FixedMetric.LocalBoundedness (6.6s)
✔ [15944/26417] Built DifferentialGeometry.Analysis.Parabolic.Moser.FixedMetric.ForwardIteration (7.0s)
✔ [15964/26417] Built DifferentialGeometry.Topology.ThreeManifold.SphereTwoTimesCircleCohomology (2.2s)
✔ [15965/26417] Built DifferentialGeometry.Topology.VectorField.MixedRelativeEuler (2.6s)
✔ [15970/26417] Built DifferentialGeometry.Geometry.Flow.RicciFlow.Perelman.LGeometry.Segment.Regularity (2.2s)
✔ [15971/26417] Built DifferentialGeometry.Geometry.Curvature.AncientSplitting (2.0s)
✔ [15972/26417] Built DifferentialGeometry.Geometry.Curvature.LocalPullback (2.5s)
✔ [15977/26417] Built DifferentialGeometry.Topology.Covering.CylinderQuotientModels (2.6s)
✔ [15980/26417] Built DifferentialGeometry.Geometry.Connection.ParallelTransport.Naturality.VariationPairing (2.7s)
✔ [15981/26417] Built DifferentialGeometry.Geometry.Operator.DivergenceMetricChange (4.9s)
✔ [15982/26417] Built DifferentialGeometry.Analysis.Integration.DivergenceTheorem.SublevelDivergence (5.5s)
✔ [15985/26417] Built DifferentialGeometry.Geometry.Metric.UniversalCover.Basepoint (2.2s)
✔ [15995/26417] Built DifferentialGeometry.Geometry.Flow.RicciFlow.Estimates.Uhlenbeck.GaugeEvolution (14s)
✔ [15996/26417] Built DifferentialGeometry.Topology.Manifold.UniversalCoverOrientation (3.0s)
✔ [16008/26417] Built DifferentialGeometry.Geometry.Metric.Convergence.Metric.Closeness (2.2s)
✔ [16009/26417] Built DifferentialGeometry.Geometry.Flow.RicciFlow.HamiltonHarnack.UhlenbeckTestJets (6.6s)
✔ [16017/26417] Built DifferentialGeometry.Geometry.Connection.Convergence.DifferenceBounds (2.4s)
✔ [16029/26417] Built DifferentialGeometry.Geometry.Comparison.Variation.GeodesicEndpoints (2.4s)
✔ [16037/26417] Built DifferentialGeometry.Geometry.Metric.HalfClosedJets (3.8s)
✔ [16043/26417] Built DifferentialGeometry.Geometry.Flow.RicciFlow.Entropy.F.Variation.Terms (2.4s)
✔ [16044/26417] Built DifferentialGeometry.External.DeGiorgi.Supersolutions.ForwardIteration.Basics (4.1s)
✔ [16045/26417] Built DifferentialGeometry.Analysis.Sobolev.Tensor.Chart.Wkp.Basic (9.9s)
✔ [16047/26417] Built DifferentialGeometry.Analysis.Parabolic.Dirichlet.GradientFluxBound (5.2s)
✔ [16049/26417] Built DifferentialGeometry.Analysis.Sobolev.DirichletHs.Defs (6.6s)
✔ [16051/26417] Built DifferentialGeometry.Analysis.Elliptic.WithBoundary.DirichletDomainPowers (5.4s)
✔ [16052/26417] Built DifferentialGeometry.Geometry.Curvature.CurvatureOperator.ExteriorLaplacianScaling (28s)
✔ [16053/26417] Built DifferentialGeometry.Analysis.Parabolic.MaximumPrinciple.LinearSystemUniqueness (5.3s)
✔ [16057/26417] Built DifferentialGeometry.Analysis.Elliptic.ConnectionLaplacian.IntegrationByParts.CovariantTwoTensor.ChartwiseGreenIdentity (5.6s)
✔ [16059/26417] Built DifferentialGeometry.External.DeGiorgi.Supersolutions.InverseEnergy (10s)
✔ [16062/26417] Built DifferentialGeometry.Analysis.Parabolic.Dirichlet.PotentialCoefficientBounds (4.7s)
✔ [16074/26417] Built DifferentialGeometry.Analysis.Parabolic.MaximumPrinciple.Cone.Parallel.InnerDualStrong (4.1s)
✔ [16075/26417] Built DifferentialGeometry.Analysis.Parabolic.Moser.FixedMetric.WeakHarnack (4.2s)
✔ [16076/26417] Built DifferentialGeometry.Analysis.Parabolic.MaximumPrinciple.HarmonicDirichletCanonical (8.4s)
✔ [16077/26417] Built DifferentialGeometry.Analysis.Parabolic.Moser.EvolvingMetric.LogTail (6.3s)
✔ [16080/26417] Built DifferentialGeometry.Analysis.Parabolic.Moser.FixedMetric.BombieriGiusti.Reciprocal (4.9s)
✔ [16087/26417] Built DifferentialGeometry.Geometry.Flow.RicciFlow.Perelman.LGeometry.Action.Regularized.Extended (2.9s)
✔ [16088/26417] Built DifferentialGeometry.Analysis.Parabolic.Moser.EvolvingMetric.LocalBoundedness (6.8s)
✔ [16095/26417] Built DifferentialGeometry.Analysis.Parabolic.Moser.FixedMetric.BombieriGiusti.Forward (5.7s)
✔ [16098/26417] Built DifferentialGeometry.Geometry.Flow.RicciFlow.Perelman.Noncollapsing.Monotonicity (2.2s)
✔ [16100/26417] Built DifferentialGeometry.Analysis.Parabolic.Moser.EvolvingMetric.ForwardIteration (7.8s)
✔ [16105/26417] Built DifferentialGeometry.Geometry.Flow.RicciFlow.Perelman.Noncollapsing.BelowScaleVolume (2.2s)
✔ [16106/26417] Built DifferentialGeometry.Geometry.Flow.RicciFlow.Perelman.LGeometry.Action.Regularized.ForwardTime (3.9s)
✔ [16118/26417] Built DifferentialGeometry.Geometry.Flow.RicciFlow.Perelman.KappaSolutions.TerminalRankBoundaryLimitProducer (2.9s)
✔ [16120/26417] Built DifferentialGeometry.Geometry.Curvature.DimensionThree.CurvatureOperator.NullReactionRank (2.7s)
✔ [16137/26417] Built DifferentialGeometry.Geometry.Flow.RicciFlow.Perelman.LGeometry.Segment.Value (3.2s)
✔ [16139/26417] Built DifferentialGeometry.Geometry.Flow.RicciFlow.DimensionThree.HamiltonIvey.RoundPinchingCone (4.2s)
✔ [16150/26417] Built DifferentialGeometry.Geometry.Curvature.OrientationCover (2.4s)
✔ [16157/26417] Built DifferentialGeometry.Geometry.Metric.UniversalCoverDeck (2.3s)
✔ [16167/26417] Built DifferentialGeometry.Geometry.Flow.RicciFlow.Perelman.CanonicalNeighborhood.SlabKoszulControl (2.5s)
✔ [16171/26417] Built DifferentialGeometry.Analysis.Integration.DivergenceTheorem.RegularSublevel (5.1s)
✔ [16174/26417] Built DifferentialGeometry.Geometry.Comparison.Variation.LocalFirstVariation (2.8s)
✔ [16175/26417] Built DifferentialGeometry.Analysis.Elliptic.TensorRegularity.CovariantDerivativeBounds.OperatorNorm (4.1s)
✔ [16176/26417] Built DifferentialGeometry.Analysis.Sobolev.HebeyBlock.NablaTensor.TensorChartTransitionCkBound (5.3s)
✔ [16183/26417] Built DifferentialGeometry.Analysis.ODE.TimeDependentFlow.Regularity.FieldTimeExtension (2.3s)
✔ [16188/26417] Built DifferentialGeometry.Analysis.ODE.TimeDependentFlow.SmoothDependence.ChartFlowDerivative (2.5s)
✔ [16189/26417] Built DifferentialGeometry.Analysis.ODE.TimeDependentFlow.Regularity.ChartFieldLipschitz (3.1s)
✔ [16192/26417] Built DifferentialGeometry.Geometry.Flow.RicciFlow.Entropy.F.Variation.Formula (2.8s)
✔ [16193/26417] Built DifferentialGeometry.Analysis.ODE.TimeDependentFlow.ChartLocalExistence.BoundedChartPicard (3.6s)
✔ [16194/26417] Built DifferentialGeometry.Analysis.Parabolic.MaximumPrinciple.KernelParallel (5.5s)
✔ [16195/26417] Built DifferentialGeometry.Analysis.Sobolev.Tensor.Chart.Wkp.SectionLimit (7.8s)
✔ [16200/26417] Built DifferentialGeometry.Analysis.Parabolic.MaximumPrinciple.OpenIntervalKernel (9.5s)
✔ [16202/26417] Built DifferentialGeometry.External.DeGiorgi.Supersolutions.ForwardIteration.Energy (12s)
✔ [16217/26417] Built DifferentialGeometry.Analysis.Parabolic.Dirichlet.MaximalRegularity.Plancherel (5.3s)
✔ [16218/26417] Built DifferentialGeometry.Analysis.Sobolev.DirichletHs.Inclusion (6.3s)
✔ [16219/26417] Built DifferentialGeometry.Analysis.Parabolic.Moser.EvolvingMetric.Crossover (5.4s)
✔ [16226/26417] Built DifferentialGeometry.Analysis.Parabolic.Moser.FixedMetric.SmallExponentLocalBoundedness (5.2s)
✔ [16231/26417] Built DifferentialGeometry.Geometry.Flow.RicciFlow.Perelman.LGeometry.AdaptedField.LocalPullback (2.8s)
✔ [16232/26417] Built DifferentialGeometry.External.DeGiorgi.Supersolutions.InverseOneStep (7.5s)
✔ [16234/26417] Built DifferentialGeometry.Geometry.Flow.RicciFlow.Perelman.KappaSolutions.LimitUniqueness (2.7s)
✔ [16236/26417] Built DifferentialGeometry.Analysis.Parabolic.Moser.FixedMetric.BombieriGiusti.Crossover (4.7s)
✔ [16241/26417] Built DifferentialGeometry.Analysis.Parabolic.Moser.EvolvingMetric.WeakHarnack (5.2s)
✔ [16242/26417] Built DifferentialGeometry.Analysis.Parabolic.Moser.EvolvingMetric.Reciprocal (5.2s)
✔ [16246/26417] Built DifferentialGeometry.Geometry.Flow.RicciFlow.Perelman.KappaSolutions.CGHSubsequenceClosure (2.5s)
✔ [16247/26417] Built DifferentialGeometry.Analysis.ODE.CurvatureReaction (4.2s)
✔ [16253/26417] Built DifferentialGeometry.Analysis.ODE.HamiltonIvey (5.3s)
✔ [16266/26417] Built DifferentialGeometry.Geometry.Curvature.DimensionThree.CurvatureOperator.KernelEndpoint (2.4s)
✔ [16283/26417] Built DifferentialGeometry.Geometry.Flow.RicciFlow.ShortTime.Construction.Spectral.GramBounds (2.7s)
✔ [16300/26417] Built DifferentialGeometry.Analysis.Parabolic.CurvatureReactionConjugate (11s)
✔ [16306/26417] Built DifferentialGeometry.Geometry.Metric.HalfClosedNorm (3.6s)
✔ [16310/26417] Built DifferentialGeometry.Analysis.Elliptic.ConnectionLaplacian.SobolevBounds.Chart.Norm (5.4s)
✔ [16311/26417] Built DifferentialGeometry.Analysis.Elliptic.WithBoundary.DirichletCoordinateEnergy (12s)
✔ [16315/26417] Built DifferentialGeometry.Analysis.Elliptic.ConnectionLaplacian.ChartRepresentationBounds.Components.CovariantDerivative (6.2s)
✔ [16325/26417] Built DifferentialGeometry.Geometry.Metric.Conformal.Curvature (4.6s)
✔ [16326/26417] Built DifferentialGeometry.Geometry.Flow.RicciFlow.Entropy.F.Variation.TraceAlgebra (3.0s)
✔ [16327/26417] Built DifferentialGeometry.Analysis.ODE.TimeDependentFlow.ChartLocalExistence.CompactLocalFlow (3.5s)
✔ [16333/26417] Built DifferentialGeometry.Geometry.Metric.Conformal.VectorFieldCurvature (10s)
✔ [16335/26417] Built DifferentialGeometry.Analysis.Sobolev.Tensor.Chart.Wkp.Transport (6.6s)
✔ [16364/26417] Built DifferentialGeometry.Analysis.Sobolev.Tensor.Chart.Wkp.Support (5.1s)
✔ [16365/26417] Built DifferentialGeometry.External.DeGiorgi.Supersolutions.ForwardIteration.OneStep (7.3s)
✔ [16366/26417] Built DifferentialGeometry.Analysis.Sobolev.DirichletHs.SmoothEmbedding (4.5s)
✔ [16369/26417] Built DifferentialGeometry.Analysis.Sobolev.DirichletHs.FiniteSupport (4.7s)
✔ [16375/26417] Built DifferentialGeometry.Geometry.Flow.RicciFlow.Perelman.LGeometry.Segment.Sobolev (2.4s)
✔ [16379/26417] Built DifferentialGeometry.Geometry.Flow.RicciFlow.Perelman.LGeometry.Segment.Reparametrization (2.4s)
✔ [16383/26417] Built DifferentialGeometry.Analysis.Sobolev.DirichletHs.Laplacian (4.5s)
✔ [16386/26417] Built DifferentialGeometry.Geometry.Flow.RicciFlow.Estimates.Uhlenbeck.Scaling (39s)
✔ [16388/26417] Built DifferentialGeometry.Geometry.Flow.RicciFlow.Perelman.KappaSolution.Defs (2.4s)
✔ [16389/26417] Built DifferentialGeometry.External.DeGiorgi.Supersolutions.InverseIteration (7.2s)
✔ [16391/26417] Built DifferentialGeometry.Analysis.Parabolic.Moser.FixedMetric.Harnack (6.7s)
✔ [16399/26417] Built DifferentialGeometry.Analysis.Parabolic.CurvatureOperatorRank.ClosedInterval (6.7s)
✔ [16405/26417] Built DifferentialGeometry.Geometry.Flow.RicciFlow.Perelman.KappaSolutions.CrossModelMetricConvergence (2.3s)
