⚠ [18878/27660] Replayed DifferentialGeometry.External.GraphCoveringTheory.Kurosh
warning: DifferentialGeometry/External/GraphCoveringTheory/Kurosh.lean:282:4: This simp argument is unused:
  wordInv_wordInv

Hint: Omit it from the simp argument list.
  [apply] simp only [rightAppend, wordInv_prod, Word.prod_cons, map_inv, mul_inv_rev]

Note: This linter can be disabled with `set_option linter.unusedSimpArgs false`
warning: DifferentialGeometry/External/GraphCoveringTheory/Kurosh.lean:369:22: This simp argument is unused:
  Subtype.coe_mk

Hint: Omit it from the simp argument list.
  [apply] simp only [inv_inv, wordInv_wordInv]

Note: This linter can be disabled with `set_option linter.unusedSimpArgs false`
warning: DifferentialGeometry/External/GraphCoveringTheory/Kurosh.lean:632:4: `simp` already closes the goal

Hint: Use `simp` instead of `simpa`:
  [apply] simp [g, factorCosetMk, rightCosetMk]

Note: This linter can be disabled with `set_option linter.unnecessarySimpa false`
warning: DifferentialGeometry/External/GraphCoveringTheory/Kurosh.lean:767:4: `simp` already closes the goal

Hint: Use `simp` instead of `simpa`:
  [apply] simp [heq]

Note: This linter can be disabled with `set_option linter.unnecessarySimpa false`
warning: DifferentialGeometry/External/GraphCoveringTheory/Kurosh.lean:769:4: `simp` already closes the goal

Hint: Use `simp` instead of `simpa`:
  [apply] simp [heq]

Note: This linter can be disabled with `set_option linter.unnecessarySimpa false`
warning: DifferentialGeometry/External/GraphCoveringTheory/Kurosh.lean:899:37: Used `tac1 <;> tac2` where `(tac1; tac2)` would suffice

Note: This linter can be disabled with `set_option linter.unnecessarySeqFocus false`
warning: DifferentialGeometry/External/GraphCoveringTheory/Kurosh.lean:904:37: Used `tac1 <;> tac2` where `(tac1; tac2)` would suffice

Note: This linter can be disabled with `set_option linter.unnecessarySeqFocus false`
warning: DifferentialGeometry/External/GraphCoveringTheory/Kurosh.lean:1278:14: `simp` already closes the goal

Hint: Use `simp` instead of `simpa`:
  [apply] simp [d, actionOrbitMk]

Note: This linter can be disabled with `set_option linter.unnecessarySimpa false`
warning: DifferentialGeometry/External/GraphCoveringTheory/Kurosh.lean:1298:14: `simp` already closes the goal

Hint: Use `simp` instead of `simpa`:
  [apply] simp [d, actionOrbitMk]

Note: This linter can be disabled with `set_option linter.unnecessarySimpa false`
warning: DifferentialGeometry/External/GraphCoveringTheory/Kurosh.lean:1314:14: `simp` already closes the goal

Hint: Use `simp` instead of `simpa`:
  [apply] simp [d, actionOrbitMk]

Note: This linter can be disabled with `set_option linter.unnecessarySimpa false`
warning: DifferentialGeometry/External/GraphCoveringTheory/Kurosh.lean:1334:14: `simp` already closes the goal

Hint: Use `simp` instead of `simpa`:
  [apply] simp [d, actionOrbitMk]

Note: This linter can be disabled with `set_option linter.unnecessarySimpa false`
warning: DifferentialGeometry/External/GraphCoveringTheory/Kurosh.lean:1263:6: Variable name `p` is not explicitly referenced.

Hint: The binding can be removed (if unused) or named `_` (if used implicitly). Alternatively, prefix the name with `_` to silence this warning:
  [apply] _p

Note: This linter can be disabled with `set_option linter.unusedVariables false`
warning: DifferentialGeometry/External/GraphCoveringTheory/Kurosh.lean:1373:2: `simp` already closes the goal

Hint: Use `simp` instead of `simpa`:
  [apply] simp [quotientEdgeRawData, rawBassSerreOrbitEdgeMk, actionOrbitMk]

Note: This linter can be disabled with `set_option linter.unnecessarySimpa false`
warning: DifferentialGeometry/External/GraphCoveringTheory/Kurosh.lean:1548:41: `dif_pos` has been deprecated: Use `dite_eq_left` instead

Hint: Replace the deprecated name:
  d̵i̵f̵_̵p̵o̵s̵d̲i̲t̲e̲_̲e̲q̲_̲l̲e̲f̲t̲
warning: DifferentialGeometry/External/GraphCoveringTheory/Kurosh.lean:1550:41: `dif_neg` has been deprecated: Use `dite_eq_right` instead

Hint: Replace the deprecated name:
  d̵i̵f̵_̵n̵e̵g̵d̲i̲t̲e̲_̲e̲q̲_̲r̲i̲g̲h̲t̲
warning: DifferentialGeometry/External/GraphCoveringTheory/Kurosh.lean:1561:27: `dif_pos` has been deprecated: Use `dite_eq_left` instead

Hint: Replace the deprecated name:
  d̵i̵f̵_̵p̵o̵s̵d̲i̲t̲e̲_̲e̲q̲_̲l̲e̲f̲t̲
warning: DifferentialGeometry/External/GraphCoveringTheory/Kurosh.lean:1564:43: `dif_pos` has been deprecated: Use `dite_eq_left` instead

Hint: Replace the deprecated name:
  d̵i̵f̵_̵p̵o̵s̵d̲i̲t̲e̲_̲e̲q̲_̲l̲e̲f̲t̲
warning: DifferentialGeometry/External/GraphCoveringTheory/Kurosh.lean:1566:43: `dif_neg` has been deprecated: Use `dite_eq_right` instead

Hint: Replace the deprecated name:
  d̵i̵f̵_̵n̵e̵g̵d̲i̲t̲e̲_̲e̲q̲_̲r̲i̲g̲h̲t̲
warning: DifferentialGeometry/External/GraphCoveringTheory/Kurosh.lean:1569:29: `dif_neg` has been deprecated: Use `dite_eq_right` instead

Hint: Replace the deprecated name:
  d̵i̵f̵_̵n̵e̵g̵d̲i̲t̲e̲_̲e̲q̲_̲r̲i̲g̲h̲t̲
warning: DifferentialGeometry/External/GraphCoveringTheory/Kurosh.lean:1569:41: `dif_pos` has been deprecated: Use `dite_eq_left` instead

Hint: Replace the deprecated name:
  d̵i̵f̵_̵p̵o̵s̵d̲i̲t̲e̲_̲e̲q̲_̲l̲e̲f̲t̲
warning: DifferentialGeometry/External/GraphCoveringTheory/Kurosh.lean:1571:43: `dif_pos` has been deprecated: Use `dite_eq_left` instead

Hint: Replace the deprecated name:
  d̵i̵f̵_̵p̵o̵s̵d̲i̲t̲e̲_̲e̲q̲_̲l̲e̲f̲t̲
warning: DifferentialGeometry/External/GraphCoveringTheory/Kurosh.lean:1573:29: `dif_neg` has been deprecated: Use `dite_eq_right` instead

Hint: Replace the deprecated name:
  d̵i̵f̵_̵n̵e̵g̵d̲i̲t̲e̲_̲e̲q̲_̲r̲i̲g̲h̲t̲
warning: DifferentialGeometry/External/GraphCoveringTheory/Kurosh.lean:1573:41: `dif_neg` has been deprecated: Use `dite_eq_right` instead

Hint: Replace the deprecated name:
  d̵i̵f̵_̵n̵e̵g̵d̲i̲t̲e̲_̲e̲q̲_̲r̲i̲g̲h̲t̲
warning: DifferentialGeometry/External/GraphCoveringTheory/Kurosh.lean:1574:43: `dif_neg` has been deprecated: Use `dite_eq_right` instead

Hint: Replace the deprecated name:
  d̵i̵f̵_̵n̵e̵g̵d̲i̲t̲e̲_̲e̲q̲_̲r̲i̲g̲h̲t̲
warning: DifferentialGeometry/External/GraphCoveringTheory/Kurosh.lean:1575:6: Unused tactic linter: `change
  (quotientEdgeTargetAlign G H e).1 •
      ((quotientEdgeSourceAlign G H e).1 • rawBassSerreEdgeDataTarget G (quotientEdgeRawData G H e)) =
    _` does nothing

Note: This linter can be disabled with `set_option linter.unusedTactic false`
warning: DifferentialGeometry/External/GraphCoveringTheory/Kurosh.lean:1638:2: Try this: 
  letI̵

The goal is a proposition, so `let` is preferred over `letI`.
The difference between `let` and `letI` is that `letI` inlines the value.
But this is not relevant for proofs because of proof irrelevance.

Note: This linter can be disabled with `set_option linter.style.haveILetI false`
warning: DifferentialGeometry/External/GraphCoveringTheory/Kurosh.lean:1656:0: Definition `_private.DifferentialGeometry.External.GraphCoveringTheory.Kurosh.0.GraphCoveringTheory.Kurosh.freeGroupoidCategoryQuiver` of class type is semireducible. Most type class instances should be instance-reducible, so consider marking this
definition with `@[instance_reducible]`. If it is intentionally semireducible, this warning can be disabled with `set_option warn.classDefReducibility false`.
warning: DifferentialGeometry/External/GraphCoveringTheory/Kurosh.lean:1662:0: Definition `_private.DifferentialGeometry.External.GraphCoveringTheory.Kurosh.0.GraphCoveringTheory.Kurosh.freeGroupoidGeneratorQuiver` of class type is semireducible. Most type class instances should be instance-reducible, so consider marking this
definition with `@[instance_reducible]`. If it is intentionally semireducible, this warning can be disabled with `set_option warn.classDefReducibility false`.
warning: DifferentialGeometry/External/GraphCoveringTheory/Kurosh.lean:1811:2: `simp` already closes the goal

Hint: Use `simp` instead of `simpa`:
  [apply] simp only [quotientPathValue, Groupoid.inv_eq_inv, Functor.map_inv, SingleObj.inv_as_inv]

Note: This linter can be disabled with `set_option linter.unnecessarySimpa false`
warning: DifferentialGeometry/External/GraphCoveringTheory/Kurosh.lean:1947:5: Variable name `a` is not explicitly referenced.

Hint: The binding can be removed (if unused) or named `_` (if used implicitly). Alternatively, prefix the name with `_` to silence this warning:
  [apply] _a

Note: This linter can be disabled with `set_option linter.unusedVariables false`
warning: DifferentialGeometry/External/GraphCoveringTheory/Kurosh.lean:2066:2: Try this: 
  letI̵

The goal is a proposition, so `let` is preferred over `letI`.
The difference between `let` and `letI` is that `letI` inlines the value.
But this is not relevant for proofs because of proof irrelevance.

Note: This linter can be disabled with `set_option linter.style.haveILetI false`
warning: DifferentialGeometry/External/GraphCoveringTheory/Kurosh.lean:2097:2: Try this: 
  letI̵

The goal is a proposition, so `let` is preferred over `letI`.
The difference between `let` and `letI` is that `letI` inlines the value.
But this is not relevant for proofs because of proof irrelevance.

Note: This linter can be disabled with `set_option linter.style.haveILetI false`
warning: DifferentialGeometry/External/GraphCoveringTheory/Kurosh.lean:2140:2: Try this: 
  letI̵

The goal is a proposition, so `let` is preferred over `letI`.
The difference between `let` and `letI` is that `letI` inlines the value.
But this is not relevant for proofs because of proof irrelevance.

Note: This linter can be disabled with `set_option linter.style.haveILetI false`
warning: DifferentialGeometry/External/GraphCoveringTheory/Kurosh.lean:2144:2: Try this: 
  letI̵

The goal is a proposition, so `let` is preferred over `letI`.
The difference between `let` and `letI` is that `letI` inlines the value.
But this is not relevant for proofs because of proof irrelevance.

Note: This linter can be disabled with `set_option linter.style.haveILetI false`
⚠ [18879/27660] Replayed DifferentialGeometry.External.GrushkoNeumannTheorem.MarshallHall.Grushko
warning: DifferentialGeometry/External/GrushkoNeumannTheorem/MarshallHall/Grushko.lean:171:4: `simp` already closes the goal

Hint: Use `simp` instead of `simpa`:
  [apply] simp

Note: This linter can be disabled with `set_option linter.unnecessarySimpa false`
warning: DifferentialGeometry/External/GrushkoNeumannTheorem/MarshallHall/Grushko.lean:224:0: `binaryFreeProduct_fg` does not use the following hypotheses in its type:
  • [Fintype α] (#3)
  • [Fintype β] (#4)

Consider replacing these hypotheses with the corresponding instances of `Finite` and using `Fintype.ofFinite` in the proof, or removing them entirely.

Note: This linter can be disabled with `set_option linter.unusedFintypeInType false`
⚠ [18881/27660] Replayed DifferentialGeometry.Topology.ThreeManifold.TorusCut.MarkedSeams
warning: DifferentialGeometry/Topology/ThreeManifold/TorusCut/MarkedSeams.lean:4:0: 'Mathlib.Data.Finite.Sigma' has been deprecated: please replace this import by

import Mathlib.Basic.Finite.Sigma
⚠ [18884/27660] Replayed DifferentialGeometry.Geometry.Thurston.ModelAtlas
warning: DifferentialGeometry/Geometry/Thurston/ModelAtlas.lean:36:0: Please, write a comment here or remove this line, but do not place empty lines within commands!
Context:
                                                          ↓
  ⏎omit [FiniteDimensional ℝ F] [FiniteDimensional ℝ G] in⏎⏎theorem ModelAtlas.pullback [T2Space M] [T2Space N]⏎

Note: This linter can be disabled with `set_option linter.style.emptyLine false`
⚠ [18887/27660] Replayed DifferentialGeometry.Topology.FundamentalGroup.SigmaFundamentalGroup
warning: DifferentialGeometry/Topology/FundamentalGroup/SigmaFundamentalGroup.lean:22:21: `dif_neg` has been deprecated: Use `dite_eq_right` instead

Hint: Replace the deprecated name:
  d̵i̵f̵_̵n̵e̵g̵d̲i̲t̲e̲_̲e̲q̲_̲r̲i̲g̲h̲t̲
ℹ [18890/27660] Replayed DifferentialGeometry.Geometry.Metric.Scaling.RiemannianBalls
info: DifferentialGeometry/Geometry/Metric/Scaling/RiemannianBalls.lean:38:0: DifferentialGeometry.edistOf_scale.{u_1, u_2, u_3} {E : Type u_1} [NormedAddCommGroup E] [NormedSpace ℝ E]
  {H : Type u_2} [TopologicalSpace H] {I : ModelWithCorners ℝ E H} {M : Type u_3} [TopologicalSpace M]
  [ChartedSpace H M] [IsManifold I ∞ M] (c : ℝ) (hc : 0 < c) (g : SmoothRiemannianMetric I M) (x y : M) :
  riemannianEDistOf (scaleMetric c hc g) x y = ENNReal.ofReal √c * riemannianEDistOf g x y
info: DifferentialGeometry/Geometry/Metric/Scaling/RiemannianBalls.lean:39:0: DifferentialGeometry.riemannianClosedBallOf_scaleMetric.{u_1, u_2, u_3} {E : Type u_1} [NormedAddCommGroup E]
  [NormedSpace ℝ E] {H : Type u_2} [TopologicalSpace H] {I : ModelWithCorners ℝ E H} {M : Type u_3} [TopologicalSpace M]
  [ChartedSpace H M] [IsManifold I ∞ M] (c : ℝ) (hc : 0 < c) (g : SmoothRiemannianMetric I M) (x : M) (r : ℝ) :
  riemannianClosedBallOf (scaleMetric c hc g) x (√c * r) = riemannianClosedBallOf g x r
info: DifferentialGeometry/Geometry/Metric/Scaling/RiemannianBalls.lean:40:0: GC.MetricGeometry.normalized_closedBall.{u_1, u_2, u_3} {E : Type u_1} [NormedAddCommGroup E] [NormedSpace ℝ E]
  {H : Type u_2} [TopologicalSpace H] {I : ModelWithCorners ℝ E H} {M : Type u_3} [TopologicalSpace M]
  [ChartedSpace H M] [IsManifold I ∞ M] (g : SmoothRiemannianMetric I M) (p : M) (r : ℝ) (hr : 0 < r) :
  riemannianClosedBallOf (scaleMetric (r⁻¹ ^ 2) ⋯ g) p 1 = riemannianClosedBallOf g p r
info: DifferentialGeometry/Geometry/Metric/Scaling/RiemannianBalls.lean:41:0: GC.MetricGeometry.normalized_buffer_inclusion.{u_1, u_2, u_3} {E : Type u_1} [NormedAddCommGroup E] [NormedSpace ℝ E]
  {H : Type u_2} [TopologicalSpace H] {I : ModelWithCorners ℝ E H} {M : Type u_3} [TopologicalSpace M]
  [ChartedSpace H M] [IsManifold I ∞ M] (g : SmoothRiemannianMetric I M) (p : M) (r : ℝ) (hr : 0 < r) {R S : ℝ}
  (hRS : R ≤ S) : riemannianClosedBallOf (scaleMetric (r⁻¹ ^ 2) ⋯ g) p R ⊆ riemannianClosedBallOf g p (r * S)
⚠ [18891/27660] Replayed DifferentialGeometry.Analysis.Calculus.Compactness.FiniteOrder
warning: DifferentialGeometry/Analysis/Calculus/Compactness/FiniteOrder.lean:11:8: declaration uses `sorry`
⚠ [18892/27660] Replayed DifferentialGeometry.Geometry.Comparison.SectionalLowerBound
warning: DifferentialGeometry/Geometry/Comparison/SectionalLowerBound.lean:17:0: automatically included section variable(s) unused in theorem `DifferentialGeometry.Geometry.Riemannian.gInner_sq_le_mul`:
  [FiniteDimensional ℝ E]
consider restructuring your `variable` declarations so that the variables are not in scope or explicitly omit them:
  omit [FiniteDimensional ℝ E] in theorem ...

Note: This linter can be disabled with `set_option linter.unusedSectionVars false`
⚠ [18895/27660] Replayed DifferentialGeometry.Geometry.Collapse.Parameters
warning: DifferentialGeometry/Geometry/Collapse/Parameters.lean:1:0: 'Mathlib.Data.Real.Basic' has been deprecated: please replace this import by

import Mathlib.Basic.Real.Basic
⚠ [18898/27660] Replayed DifferentialGeometry.Geometry.Hyperbolic.Rigidity
warning: DifferentialGeometry/Geometry/Hyperbolic/Rigidity.lean:24:8: declaration uses `sorry`
⚠ [18899/27660] Replayed DifferentialGeometry.Geometry.Metric.Pullback.FiniteRegularity
warning: DifferentialGeometry/Geometry/Metric/Pullback/FiniteRegularity.lean:16:8: declaration uses `sorry`
⚠ [19563/27662] Replayed DifferentialGeometry.External.GraphCoveringTheory.KuroshTree
warning: DifferentialGeometry/External/GraphCoveringTheory/KuroshTree.lean:66:16: Variable name `w` is not explicitly referenced.

Hint: The binding can be removed (if unused) or named `_` (if used implicitly). Alternatively, prefix the name with `_` to silence this warning:
  [apply] _w

Note: This linter can be disabled with `set_option linter.unusedVariables false`
warning: DifferentialGeometry/External/GraphCoveringTheory/KuroshTree.lean:187:12: This simp argument is unused:
  h

Hint: Omit it from the simp argument list.
  [apply] simp

Note: This linter can be disabled with `set_option linter.unusedSimpArgs false`
warning: DifferentialGeometry/External/GraphCoveringTheory/KuroshTree.lean:229:0: Definition `GraphCoveringTheory.Kurosh.testBassSerreFullArborescence` of class type is semireducible. Most type class instances should be instance-reducible, so consider marking this
definition with `@[instance_reducible]`. If it is intentionally semireducible, this warning can be disabled with `set_option warn.classDefReducibility false`.
warning: DifferentialGeometry/External/GraphCoveringTheory/KuroshTree.lean:399:10: `simp` already closes the goal

Hint: Use `simp` instead of `simpa`:
  [apply] simp [hp'] at hxy

Note: This linter can be disabled with `set_option linter.unnecessarySimpa false`
warning: DifferentialGeometry/External/GraphCoveringTheory/KuroshTree.lean:405:2: Try this: 
  letI̵

The goal is a proposition, so `let` is preferred over `letI`.
The difference between `let` and `letI` is that `letI` inlines the value.
But this is not relevant for proofs because of proof irrelevance.

Note: This linter can be disabled with `set_option linter.style.haveILetI false`
warning: DifferentialGeometry/External/GraphCoveringTheory/KuroshTree.lean:407:2: Try this: 
  letI̵

The goal is a proposition, so `let` is preferred over `letI`.
The difference between `let` and `letI` is that `letI` inlines the value.
But this is not relevant for proofs because of proof irrelevance.

Note: This linter can be disabled with `set_option linter.style.haveILetI false`
warning: DifferentialGeometry/External/GraphCoveringTheory/KuroshTree.lean:410:2: Try this: 
  letI̵

The goal is a proposition, so `let` is preferred over `letI`.
The difference between `let` and `letI` is that `letI` inlines the value.
But this is not relevant for proofs because of proof irrelevance.

Note: This linter can be disabled with `set_option linter.style.haveILetI false`
warning: DifferentialGeometry/External/GraphCoveringTheory/KuroshTree.lean:452:2: Try this: 
  letI̵

The goal is a proposition, so `let` is preferred over `letI`.
The difference between `let` and `letI` is that `letI` inlines the value.
But this is not relevant for proofs because of proof irrelevance.

Note: This linter can be disabled with `set_option linter.style.haveILetI false`
warning: DifferentialGeometry/External/GraphCoveringTheory/KuroshTree.lean:467:2: `simp` already closes the goal

Hint: Use `simp` instead of `simpa`:
  [apply] simp [testBassToSymm]

Note: This linter can be disabled with `set_option linter.unnecessarySimpa false`
warning: DifferentialGeometry/External/GraphCoveringTheory/KuroshTree.lean:534:4: `simp` already closes the goal

Hint: Use `simp` instead of `simpa`:
  [apply] simp [g, factorCosetMk, rightCosetMk]

Note: This linter can be disabled with `set_option linter.unnecessarySimpa false`
warning: DifferentialGeometry/External/GraphCoveringTheory/KuroshTree.lean:580:8: `simp` already closes the goal

Hint: Use `simp` instead of `simpa`:
  [apply] simp [c, factorCosetMk, rightCosetMk]

Note: This linter can be disabled with `set_option linter.unnecessarySimpa false`
warning: DifferentialGeometry/External/GraphCoveringTheory/KuroshTree.lean:657:4: Try this: 
  letI̵

The goal is a proposition, so `let` is preferred over `letI`.
The difference between `let` and `letI` is that `letI` inlines the value.
But this is not relevant for proofs because of proof irrelevance.

Note: This linter can be disabled with `set_option linter.style.haveILetI false`
warning: DifferentialGeometry/External/GraphCoveringTheory/KuroshTree.lean:659:4: Try this: 
  letI̵

The goal is a proposition, so `let` is preferred over `letI`.
The difference between `let` and `letI` is that `letI` inlines the value.
But this is not relevant for proofs because of proof irrelevance.

Note: This linter can be disabled with `set_option linter.style.haveILetI false`
warning: DifferentialGeometry/External/GraphCoveringTheory/KuroshTree.lean:767:4: Try this: 
  letI̵

The goal is a proposition, so `let` is preferred over `letI`.
The difference between `let` and `letI` is that `letI` inlines the value.
But this is not relevant for proofs because of proof irrelevance.

Note: This linter can be disabled with `set_option linter.style.haveILetI false`
warning: DifferentialGeometry/External/GraphCoveringTheory/KuroshTree.lean:769:4: Try this: 
  letI̵

The goal is a proposition, so `let` is preferred over `letI`.
The difference between `let` and `letI` is that `letI` inlines the value.
But this is not relevant for proofs because of proof irrelevance.

Note: This linter can be disabled with `set_option linter.style.haveILetI false`
warning: DifferentialGeometry/External/GraphCoveringTheory/KuroshTree.lean:786:6: Try this: 
  letI̵

The goal is a proposition, so `let` is preferred over `letI`.
The difference between `let` and `letI` is that `letI` inlines the value.
But this is not relevant for proofs because of proof irrelevance.

Note: This linter can be disabled with `set_option linter.style.haveILetI false`
warning: DifferentialGeometry/External/GraphCoveringTheory/KuroshTree.lean:791:8: Try this: 
  letI̵

The goal is a proposition, so `let` is preferred over `letI`.
The difference between `let` and `letI` is that `letI` inlines the value.
But this is not relevant for proofs because of proof irrelevance.

Note: This linter can be disabled with `set_option linter.style.haveILetI false`
warning: DifferentialGeometry/External/GraphCoveringTheory/KuroshTree.lean:793:8: Try this: 
  letI̵

The goal is a proposition, so `let` is preferred over `letI`.
The difference between `let` and `letI` is that `letI` inlines the value.
But this is not relevant for proofs because of proof irrelevance.

Note: This linter can be disabled with `set_option linter.style.haveILetI false`
warning: DifferentialGeometry/External/GraphCoveringTheory/KuroshTree.lean:867:6: Try this: 
  letI̵

The goal is a proposition, so `let` is preferred over `letI`.
The difference between `let` and `letI` is that `letI` inlines the value.
But this is not relevant for proofs because of proof irrelevance.

Note: This linter can be disabled with `set_option linter.style.haveILetI false`
warning: DifferentialGeometry/External/GraphCoveringTheory/KuroshTree.lean:868:6: Try this: 
  letI̵

The goal is a proposition, so `let` is preferred over `letI`.
The difference between `let` and `letI` is that `letI` inlines the value.
But this is not relevant for proofs because of proof irrelevance.

Note: This linter can be disabled with `set_option linter.style.haveILetI false`
warning: DifferentialGeometry/External/GraphCoveringTheory/KuroshTree.lean:870:6: Try this: 
  letI̵

The goal is a proposition, so `let` is preferred over `letI`.
The difference between `let` and `letI` is that `letI` inlines the value.
But this is not relevant for proofs because of proof irrelevance.

Note: This linter can be disabled with `set_option linter.style.haveILetI false`
warning: DifferentialGeometry/External/GraphCoveringTheory/KuroshTree.lean:891:6: Try this: 
  letI̵

The goal is a proposition, so `let` is preferred over `letI`.
The difference between `let` and `letI` is that `letI` inlines the value.
But this is not relevant for proofs because of proof irrelevance.

Note: This linter can be disabled with `set_option linter.style.haveILetI false`
warning: DifferentialGeometry/External/GraphCoveringTheory/KuroshTree.lean:892:6: Try this: 
  letI̵

The goal is a proposition, so `let` is preferred over `letI`.
The difference between `let` and `letI` is that `letI` inlines the value.
But this is not relevant for proofs because of proof irrelevance.

Note: This linter can be disabled with `set_option linter.style.haveILetI false`
warning: DifferentialGeometry/External/GraphCoveringTheory/KuroshTree.lean:894:6: Try this: 
  letI̵

The goal is a proposition, so `let` is preferred over `letI`.
The difference between `let` and `letI` is that `letI` inlines the value.
But this is not relevant for proofs because of proof irrelevance.

Note: This linter can be disabled with `set_option linter.style.haveILetI false`
warning: DifferentialGeometry/External/GraphCoveringTheory/KuroshTree.lean:922:2: Try this: 
  letI̵

The goal is a proposition, so `let` is preferred over `letI`.
The difference between `let` and `letI` is that `letI` inlines the value.
But this is not relevant for proofs because of proof irrelevance.

Note: This linter can be disabled with `set_option linter.style.haveILetI false`
warning: DifferentialGeometry/External/GraphCoveringTheory/KuroshTree.lean:941:2: Try this: 
  letI̵

The goal is a proposition, so `let` is preferred over `letI`.
The difference between `let` and `letI` is that `letI` inlines the value.
But this is not relevant for proofs because of proof irrelevance.

Note: This linter can be disabled with `set_option linter.style.haveILetI false`
warning: DifferentialGeometry/External/GraphCoveringTheory/KuroshTree.lean:945:2: Try this: 
  letI̵

The goal is a proposition, so `let` is preferred over `letI`.
The difference between `let` and `letI` is that `letI` inlines the value.
But this is not relevant for proofs because of proof irrelevance.

Note: This linter can be disabled with `set_option linter.style.haveILetI false`
warning: DifferentialGeometry/External/GraphCoveringTheory/KuroshTree.lean:986:4: `simp` already closes the goal

Hint: Use `simp` instead of `simpa`:
  [apply] simp [c, factorCosetMk, rightCosetMk]

Note: This linter can be disabled with `set_option linter.unnecessarySimpa false`
warning: DifferentialGeometry/External/GraphCoveringTheory/KuroshTree.lean:1188:25: Unused tactic linter: `apply Subsingleton.elim` does nothing

Note: This linter can be disabled with `set_option linter.unusedTactic false`
warning: DifferentialGeometry/External/GraphCoveringTheory/KuroshTree.lean:1188:25: this tactic is never executed

Note: This linter can be disabled with `set_option linter.unreachableTactic false`
warning: DifferentialGeometry/External/GraphCoveringTheory/KuroshTree.lean:1280:19: `dif_pos` has been deprecated: Use `dite_eq_left` instead

Hint: Replace the deprecated name:
  d̵i̵f̵_̵p̵o̵s̵d̲i̲t̲e̲_̲e̲q̲_̲l̲e̲f̲t̲
warning: DifferentialGeometry/External/GraphCoveringTheory/KuroshTree.lean:1453:19: `dif_neg` has been deprecated: Use `dite_eq_right` instead

Hint: Replace the deprecated name:
  d̵i̵f̵_̵n̵e̵g̵d̲i̲t̲e̲_̲e̲q̲_̲r̲i̲g̲h̲t̲
warning: DifferentialGeometry/External/GraphCoveringTheory/KuroshTree.lean:1594:2: Try this: 
  letI̵

The goal is a proposition, so `let` is preferred over `letI`.
The difference between `let` and `letI` is that `letI` inlines the value.
But this is not relevant for proofs because of proof irrelevance.

Note: This linter can be disabled with `set_option linter.style.haveILetI false`
warning: DifferentialGeometry/External/GraphCoveringTheory/KuroshTree.lean:1598:2: Try this: 
  letI̵

The goal is a proposition, so `let` is preferred over `letI`.
The difference between `let` and `letI` is that `letI` inlines the value.
But this is not relevant for proofs because of proof irrelevance.

Note: This linter can be disabled with `set_option linter.style.haveILetI false`
warning: DifferentialGeometry/External/GraphCoveringTheory/KuroshTree.lean:1607:4: Try this: 
  haveI̵

The goal is a proposition, so `have` is preferred over `haveI`.
The difference between `have` and `haveI` is that `haveI` inlines the value.
But this is not relevant for proofs because of proof irrelevance.

Note: This linter can be disabled with `set_option linter.style.haveILetI false`
⚠ [19564/27662] Replayed DifferentialGeometry.External.GraphCoveringTheory.KuroshFreePart
warning: DifferentialGeometry/External/GraphCoveringTheory/KuroshFreePart.lean:608:8: Unused tactic linter: `(try rfl)` does nothing

Note: This linter can be disabled with `set_option linter.unusedTactic false`
warning: DifferentialGeometry/External/GraphCoveringTheory/KuroshFreePart.lean:609:8: Unused tactic linter: `(try (congr 1 <;> apply Subsingleton.elim))` does nothing

Note: This linter can be disabled with `set_option linter.unusedTactic false`
warning: DifferentialGeometry/External/GraphCoveringTheory/KuroshFreePart.lean:608:8: this tactic is never executed

Note: This linter can be disabled with `set_option linter.unreachableTactic false`
warning: DifferentialGeometry/External/GraphCoveringTheory/KuroshFreePart.lean:609:8: this tactic is never executed

Note: This linter can be disabled with `set_option linter.unreachableTactic false`
warning: DifferentialGeometry/External/GraphCoveringTheory/KuroshFreePart.lean:750:8: Unused tactic linter: `(try rfl)` does nothing

Note: This linter can be disabled with `set_option linter.unusedTactic false`
warning: DifferentialGeometry/External/GraphCoveringTheory/KuroshFreePart.lean:751:8: Unused tactic linter: `(try (congr 1 <;> apply Subsingleton.elim))` does nothing

Note: This linter can be disabled with `set_option linter.unusedTactic false`
warning: DifferentialGeometry/External/GraphCoveringTheory/KuroshFreePart.lean:750:8: this tactic is never executed

Note: This linter can be disabled with `set_option linter.unreachableTactic false`
warning: DifferentialGeometry/External/GraphCoveringTheory/KuroshFreePart.lean:751:8: this tactic is never executed

Note: This linter can be disabled with `set_option linter.unreachableTactic false`
warning: DifferentialGeometry/External/GraphCoveringTheory/KuroshFreePart.lean:985:0: Definition `testRawOrbitFreeGroupoidFunctor_obj` is a proposition; use `theorem` instead of `def`

Note: This linter can be disabled with `set_option linter.defProp false`
warning: DifferentialGeometry/External/GraphCoveringTheory/KuroshFreePart.lean:1105:2: Try this: 
  letI̵

The goal is a proposition, so `let` is preferred over `letI`.
The difference between `let` and `letI` is that `letI` inlines the value.
But this is not relevant for proofs because of proof irrelevance.

Note: This linter can be disabled with `set_option linter.style.haveILetI false`
warning: DifferentialGeometry/External/GraphCoveringTheory/KuroshFreePart.lean:1109:2: Try this: 
  letI̵

The goal is a proposition, so `let` is preferred over `letI`.
The difference between `let` and `letI` is that `letI` inlines the value.
But this is not relevant for proofs because of proof irrelevance.

Note: This linter can be disabled with `set_option linter.style.haveILetI false`
warning: DifferentialGeometry/External/GraphCoveringTheory/KuroshFreePart.lean:1195:4: Try this: 
  letI̵

The goal is a proposition, so `let` is preferred over `letI`.
The difference between `let` and `letI` is that `letI` inlines the value.
But this is not relevant for proofs because of proof irrelevance.

Note: This linter can be disabled with `set_option linter.style.haveILetI false`
warning: DifferentialGeometry/External/GraphCoveringTheory/KuroshFreePart.lean:1210:19: This simp argument is unused:
  Functor.map_id

Hint: Omit it from the simp argument list.
  [apply] simp only [hraw, test_homOfEq_id] at hfun

Note: This linter can be disabled with `set_option linter.unusedSimpArgs false`
warning: DifferentialGeometry/External/GraphCoveringTheory/KuroshFreePart.lean:1210:35: This simp argument is unused:
  test_homOfEq_id

Hint: Omit it from the simp argument list.
  [apply] simp only [hraw, Functor.map_id] at hfun

Note: This linter can be disabled with `set_option linter.unusedSimpArgs false`
warning: DifferentialGeometry/External/GraphCoveringTheory/KuroshFreePart.lean:1259:34: This simp argument is unused:
  Prefunctor.mapPath

Hint: Omit it from the simp argument list.
  [apply] simp only [testFreePathHom]

Note: This linter can be disabled with `set_option linter.unusedSimpArgs false`
⚠ [19565/27662] Replayed DifferentialGeometry.External.GraphCoveringTheory.KuroshFreeCorollary
warning: DifferentialGeometry/External/GraphCoveringTheory/KuroshFreeCorollary.lean:175:8: Try this: 
  letI̵

The goal is a proposition, so `let` is preferred over `letI`.
The difference between `let` and `letI` is that `letI` inlines the value.
But this is not relevant for proofs because of proof irrelevance.

Note: This linter can be disabled with `set_option linter.style.haveILetI false`
⚠ [19566/27662] Replayed DifferentialGeometry.External.GraphCoveringTheory.KuroshCover
warning: DifferentialGeometry/External/GraphCoveringTheory/KuroshCover.lean:146:8: Unused tactic linter: `change
  (treeKuroshProductToH G H p).1 • rawTreeRepresentative G H a =
    (treeKuroshProductToH G H q).1 • rawTreeRepresentative G H a` does nothing

Note: This linter can be disabled with `set_option linter.unusedTactic false`
warning: DifferentialGeometry/External/GraphCoveringTheory/KuroshCover.lean:513:2: Try this: 
  letI̵

The goal is a proposition, so `let` is preferred over `letI`.
The difference between `let` and `letI` is that `letI` inlines the value.
But this is not relevant for proofs because of proof irrelevance.

Note: This linter can be disabled with `set_option linter.style.haveILetI false`
warning: DifferentialGeometry/External/GraphCoveringTheory/KuroshCover.lean:519:2: Try this: 
  letI̵

The goal is a proposition, so `let` is preferred over `letI`.
The difference between `let` and `letI` is that `letI` inlines the value.
But this is not relevant for proofs because of proof irrelevance.

Note: This linter can be disabled with `set_option linter.style.haveILetI false`
warning: DifferentialGeometry/External/GraphCoveringTheory/KuroshCover.lean:559:19: This simp argument is unused:
  Sum.rec

Hint: Omit it from the simp argument list.
  [apply] simp only

Note: This linter can be disabled with `set_option linter.unusedSimpArgs false`
warning: DifferentialGeometry/External/GraphCoveringTheory/KuroshCover.lean:573:34: This simp argument is unused:
  Category.comp_id

Hint: Omit it from the simp argument list.
  [apply] simp only [Groupoid.inv_eq_inv, Category.assoc, IsIso.inv_hom_id_assoc, Category.id_comp]

Note: This linter can be disabled with `set_option linter.unusedSimpArgs false`
warning: DifferentialGeometry/External/GraphCoveringTheory/KuroshCover.lean:573:52: This simp argument is unused:
  Category.id_comp

Hint: Omit it from the simp argument list.
  [apply] simp only [Groupoid.inv_eq_inv, Category.assoc, IsIso.inv_hom_id_assoc, Category.comp_id]

Note: This linter can be disabled with `set_option linter.unusedSimpArgs false`
warning: DifferentialGeometry/External/GraphCoveringTheory/KuroshCover.lean:598:50: This simp argument is unused:
  Groupoid.inv_comp

Hint: Omit it from the simp argument list.
  [apply] simp only [Groupoid.inv_eq_inv, IsIso.inv_comp, IsIso.inv_inv, IsIso.inv_hom_id_assoc, Category.assoc,
    Category.comp_id, Category.id_comp]

Note: This linter can be disabled with `set_option linter.unusedSimpArgs false`
warning: DifferentialGeometry/External/GraphCoveringTheory/KuroshCover.lean:599:10: This simp argument is unused:
  Category.comp_id

Hint: Omit it from the simp argument list.
  [apply] simp only [Groupoid.inv_eq_inv, IsIso.inv_comp, IsIso.inv_inv, IsIso.inv_hom_id_assoc, Category.assoc,
    Groupoid.inv_comp, Category.id_comp]

Note: This linter can be disabled with `set_option linter.unusedSimpArgs false`
warning: DifferentialGeometry/External/GraphCoveringTheory/KuroshCover.lean:599:28: This simp argument is unused:
  Category.id_comp

Hint: Omit it from the simp argument list.
  [apply] simp only [Groupoid.inv_eq_inv, IsIso.inv_comp, IsIso.inv_inv, IsIso.inv_hom_id_assoc, Category.assoc,
    Groupoid.inv_comp, Category.comp_id]

Note: This linter can be disabled with `set_option linter.unusedSimpArgs false`
warning: DifferentialGeometry/External/GraphCoveringTheory/KuroshCover.lean:547:4: `simp [coverPathValue, coverPathFreeLoop, coverFreeGroupoidPathHom,
      coverQuotientTreePathHom_root]` is a flexible tactic modifying `⊢`. Try `simp?` and use the suggested `simp only [...]`. Alternatively, use `suffices` to explicitly state the simplified form.

Note: This linter can be disabled with `set_option linter.flexible false`
info: DifferentialGeometry/External/GraphCoveringTheory/KuroshCover.lean:549:4: `exact (treeKuroshFreeInclusion G H).map_one`
modifies the current goal, which was modified by the flexible tactic `simp` on line 547!
⚠ [19567/27662] Replayed DifferentialGeometry.External.GraphCoveringTheory.KuroshCoverStar
warning: DifferentialGeometry/External/GraphCoveringTheory/KuroshCoverStar.lean:256:10: `simp [mul_assoc]` is a flexible tactic modifying `⊢`. Try `simp?` and use the suggested `simp only [...]`. Alternatively, use `suffices` to explicitly state the simplified form.

Note: This linter can be disabled with `set_option linter.flexible false`
info: DifferentialGeometry/External/GraphCoveringTheory/KuroshCoverStar.lean:256:10: Try this:
  [apply] simp only [mul_inv_rev, map_mul, treeKuroshProductToH_vertex, Subgroup.coe_mul, InvMemClass.coe_inv]
info: DifferentialGeometry/External/GraphCoveringTheory/KuroshCoverStar.lean:257:10: `exact test_rawEdgeAlign_spec G H _`
modifies the current goal, which was modified by the flexible tactic `simp` on line 256!
⚠ [19568/27662] Replayed DifferentialGeometry.External.GrushkoNeumannTheorem.MarshallHall.GrushkoGeneral
warning: DifferentialGeometry/External/GrushkoNeumannTheorem/MarshallHall/GrushkoGeneral.lean:417:0: `coprodI_freeGroup_fg` does not use the following hypotheses in its type:
  • [Fintype ι] (#2)
  • [(i : ι) → Fintype (α i)] (#4)

Consider replacing these hypotheses with the corresponding instances of `Finite` and using `Fintype.ofFinite` in the proof, or removing them entirely.

Note: This linter can be disabled with `set_option linter.unusedFintypeInType false`
⚠ [19569/27662] Replayed DifferentialGeometry.External.GrushkoNeumannTheorem.MarshallHall.GrushkoReduction
warning: DifferentialGeometry/External/GrushkoNeumannTheorem/MarshallHall/GrushkoReduction.lean:221:35: `dif_pos` has been deprecated: Use `dite_eq_left` instead

Hint: Replace the deprecated name:
  d̵i̵f̵_̵p̵o̵s̵d̲i̲t̲e̲_̲e̲q̲_̲l̲e̲f̲t̲
warning: DifferentialGeometry/External/GrushkoNeumannTheorem/MarshallHall/GrushkoReduction.lean:223:35: `dif_neg` has been deprecated: Use `dite_eq_right` instead

Hint: Replace the deprecated name:
  d̵i̵f̵_̵n̵e̵g̵d̲i̲t̲e̲_̲e̲q̲_̲r̲i̲g̲h̲t̲
warning: DifferentialGeometry/External/GrushkoNeumannTheorem/MarshallHall/GrushkoReduction.lean:388:8: automatically included section variable(s) unused in theorem `MarshallHall.GeneralGrushko.binarySumIndex_inl`:
  [Group G]
  [Group H]
consider restructuring your `variable` declarations so that the variables are not in scope or explicitly omit them:
  omit [Group G] [Group H] in theorem ...

Note: This linter can be disabled with `set_option linter.unusedSectionVars false`
warning: DifferentialGeometry/External/GrushkoNeumannTheorem/MarshallHall/GrushkoReduction.lean:391:8: automatically included section variable(s) unused in theorem `MarshallHall.GeneralGrushko.binarySumIndex_inr`:
  [Group G]
  [Group H]
consider restructuring your `variable` declarations so that the variables are not in scope or explicitly omit them:
  omit [Group G] [Group H] in theorem ...

Note: This linter can be disabled with `set_option linter.unusedSectionVars false`
warning: DifferentialGeometry/External/GrushkoNeumannTheorem/MarshallHall/GrushkoReduction.lean:399:8: automatically included section variable(s) unused in theorem `MarshallHall.GeneralGrushko.binarySumIndex_sigma`:
  [Group G]
  [Group H]
consider restructuring your `variable` declarations so that the variables are not in scope or explicitly omit them:
  omit [Group G] [Group H] in theorem ...

Note: This linter can be disabled with `set_option linter.unusedSectionVars false`
warning: DifferentialGeometry/External/GrushkoNeumannTheorem/MarshallHall/GrushkoReduction.lean:659:8: automatically included section variable(s) unused in theorem `MarshallHall.GeneralGrushko.binarySigmaToSum_sumToSigma`:
  [Group G]
  [Group H]
consider restructuring your `variable` declarations so that the variables are not in scope or explicitly omit them:
  omit [Group G] [Group H] in theorem ...

Note: This linter can be disabled with `set_option linter.unusedSectionVars false`
warning: DifferentialGeometry/External/GrushkoNeumannTheorem/MarshallHall/GrushkoReduction.lean:663:8: automatically included section variable(s) unused in theorem `MarshallHall.GeneralGrushko.sumToSigma_snd_inl`:
  [Group G]
  [Group H]
consider restructuring your `variable` declarations so that the variables are not in scope or explicitly omit them:
  omit [Group G] [Group H] in theorem ...

Note: This linter can be disabled with `set_option linter.unusedSectionVars false`
warning: DifferentialGeometry/External/GrushkoNeumannTheorem/MarshallHall/GrushkoReduction.lean:666:8: automatically included section variable(s) unused in theorem `MarshallHall.GeneralGrushko.sumToSigma_snd_inr`:
  [Group G]
  [Group H]
consider restructuring your `variable` declarations so that the variables are not in scope or explicitly omit them:
  omit [Group G] [Group H] in theorem ...

Note: This linter can be disabled with `set_option linter.unusedSectionVars false`
warning: DifferentialGeometry/External/GrushkoNeumannTheorem/MarshallHall/GrushkoReduction.lean:669:8: automatically included section variable(s) unused in theorem `MarshallHall.GeneralGrushko.sumToSigma_fst`:
  [Group G]
  [Group H]
consider restructuring your `variable` declarations so that the variables are not in scope or explicitly omit them:
  omit [Group G] [Group H] in theorem ...

Note: This linter can be disabled with `set_option linter.unusedSectionVars false`
warning: DifferentialGeometry/External/GrushkoNeumannTheorem/MarshallHall/GrushkoReduction.lean:1007:18: This simp argument is unused:
  hij

Hint: Omit it from the simp argument list.
  [apply] simp [hij.symm]

Note: This linter can be disabled with `set_option linter.unusedSimpArgs false`
warning: DifferentialGeometry/External/GrushkoNeumannTheorem/MarshallHall/GrushkoReduction.lean:1010:25: This simp argument is unused:
  hij

Hint: Omit it from the simp argument list.
  [apply] simp [hki, hij.symm]

Note: This linter can be disabled with `set_option linter.unusedSimpArgs false`
warning: DifferentialGeometry/External/GrushkoNeumannTheorem/MarshallHall/GrushkoReduction.lean:1010:30: This simp argument is unused:
  hij.symm

Hint: Omit it from the simp argument list.
  [apply] simp [hki, hij]

Note: This linter can be disabled with `set_option linter.unusedSimpArgs false`
warning: DifferentialGeometry/External/GrushkoNeumannTheorem/MarshallHall/GrushkoReduction.lean:1011:20: This simp argument is unused:
  hEq

Hint: Omit it from the simp argument list.
  [apply] simp [hki, hkj]

Note: This linter can be disabled with `set_option linter.unusedSimpArgs false`
warning: DifferentialGeometry/External/GrushkoNeumannTheorem/MarshallHall/GrushkoReduction.lean:1011:30: This simp argument is unused:
  hkj

Hint: Omit it from the simp argument list.
  [apply] simp [hEq, hki]

Note: This linter can be disabled with `set_option linter.unusedSimpArgs false`
warning: DifferentialGeometry/External/GrushkoNeumannTheorem/MarshallHall/GrushkoReduction.lean:1080:15: This simp argument is unused:
  hij

Hint: Omit it from the simp argument list.
  [apply] simp [y, hij.symm, mul_assoc]

Note: This linter can be disabled with `set_option linter.unusedSimpArgs false`
warning: DifferentialGeometry/External/GrushkoNeumannTheorem/MarshallHall/GrushkoReduction.lean:1081:20: This simp argument is unused:
  hij

Hint: Omit it from the simp argument list.
  [apply] simp [y, hki]

Note: This linter can be disabled with `set_option linter.unusedSimpArgs false`
⚠ [19570/27662] Replayed DifferentialGeometry.External.GrushkoNeumannTheorem.MarshallHall.GrushkoFold
warning: DifferentialGeometry/External/GrushkoNeumannTheorem/MarshallHall/GrushkoFold.lean:39:0: automatically included section variable(s) unused in theorem `MarshallHall.GeneralGrushko.binaryRuns_flatten`:
  [Group G]
  [Group H]
consider restructuring your `variable` declarations so that the variables are not in scope or explicitly omit them:
  omit [Group G] [Group H] in theorem ...

Note: This linter can be disabled with `set_option linter.unusedSectionVars false`
warning: DifferentialGeometry/External/GrushkoNeumannTheorem/MarshallHall/GrushkoFold.lean:43:0: automatically included section variable(s) unused in theorem `MarshallHall.GeneralGrushko.binaryRuns_ne_nil`:
  [Group G]
  [Group H]
consider restructuring your `variable` declarations so that the variables are not in scope or explicitly omit them:
  omit [Group G] [Group H] in theorem ...

Note: This linter can be disabled with `set_option linter.unusedSectionVars false`
warning: DifferentialGeometry/External/GrushkoNeumannTheorem/MarshallHall/GrushkoFold.lean:47:0: automatically included section variable(s) unused in theorem `MarshallHall.GeneralGrushko.binaryRuns_isChain`:
  [Group G]
  [Group H]
consider restructuring your `variable` declarations so that the variables are not in scope or explicitly omit them:
  omit [Group G] [Group H] in theorem ...

Note: This linter can be disabled with `set_option linter.unusedSectionVars false`
warning: DifferentialGeometry/External/GrushkoNeumannTheorem/MarshallHall/GrushkoFold.lean:55:0: automatically included section variable(s) unused in theorem `MarshallHall.GeneralGrushko.binaryRuns_boundary`:
  [Group G]
  [Group H]
consider restructuring your `variable` declarations so that the variables are not in scope or explicitly omit them:
  omit [Group G] [Group H] in theorem ...

Note: This linter can be disabled with `set_option linter.unusedSectionVars false`
warning: DifferentialGeometry/External/GrushkoNeumannTheorem/MarshallHall/GrushkoFold.lean:68:0: automatically included section variable(s) unused in theorem `MarshallHall.GeneralGrushko.binaryRun_allSame`:
  [Group G]
  [Group H]
consider restructuring your `variable` declarations so that the variables are not in scope or explicitly omit them:
  omit [Group G] [Group H] in theorem ...

Note: This linter can be disabled with `set_option linter.unusedSectionVars false`
warning: DifferentialGeometry/External/GrushkoNeumannTheorem/MarshallHall/GrushkoFold.lean:81:0: automatically included section variable(s) unused in theorem `MarshallHall.GeneralGrushko.exists_map_inl_of_idx_false`:
  [Group G]
  [Group H]
consider restructuring your `variable` declarations so that the variables are not in scope or explicitly omit them:
  omit [Group G] [Group H] in theorem ...

Note: This linter can be disabled with `set_option linter.unusedSectionVars false`
warning: DifferentialGeometry/External/GrushkoNeumannTheorem/MarshallHall/GrushkoFold.lean:99:0: automatically included section variable(s) unused in theorem `MarshallHall.GeneralGrushko.exists_map_inr_of_idx_true`:
  [Group G]
  [Group H]
consider restructuring your `variable` declarations so that the variables are not in scope or explicitly omit them:
  omit [Group G] [Group H] in theorem ...

Note: This linter can be disabled with `set_option linter.unusedSectionVars false`
warning: DifferentialGeometry/External/GrushkoNeumannTheorem/MarshallHall/GrushkoFold.lean:145:8: Variable name `h` is not explicitly referenced.

Hint: The binding can be removed (if unused) or named `_` (if used implicitly). Alternatively, prefix the name with `_` to silence this warning:
  [apply] _h

Note: This linter can be disabled with `set_option linter.unusedVariables false`
warning: DifferentialGeometry/External/GrushkoNeumannTheorem/MarshallHall/GrushkoFold.lean:157:5: Variable name `hc` is not explicitly referenced.

Hint: The binding can be removed (if unused) or named `_` (if used implicitly). Alternatively, prefix the name with `_` to silence this warning:
  [apply] _hc

Note: This linter can be disabled with `set_option linter.unusedVariables false`
warning: DifferentialGeometry/External/GrushkoNeumannTheorem/MarshallHall/GrushkoFold.lean:274:4: `simp` already closes the goal

Hint: Use `simp` instead of `simpa`:
  [apply] simp [binaryRunTags, hruns]

Note: This linter can be disabled with `set_option linter.unnecessarySimpa false`
⚠ [19571/27662] Replayed DifferentialGeometry.External.GrushkoNeumannTheorem.MarshallHall.GrushkoGraph
warning: DifferentialGeometry/External/GrushkoNeumannTheorem/MarshallHall/GrushkoGraph.lean:36:0: automatically included section variable(s) unused in theorem `MarshallHall.GeneralGrushko.path_length_cast`:
  [HasInvolutiveReverse V]
consider restructuring your `variable` declarations so that the variables are not in scope or explicitly omit them:
  omit [HasInvolutiveReverse V] in theorem ...

Note: This linter can be disabled with `set_option linter.unusedSectionVars false`
warning: DifferentialGeometry/External/GrushkoNeumannTheorem/MarshallHall/GrushkoGraph.lean:96:18: This simp argument is unused:
  pathLabels

Hint: Omit it from the simp argument list.
  [apply] simp [pathRead, factorWordProd, separatedMap]

Note: This linter can be disabled with `set_option linter.unusedSimpArgs false`
warning: DifferentialGeometry/External/GrushkoNeumannTheorem/MarshallHall/GrushkoGraph.lean:444:33: This simp argument is unused:
  Path.comp_assoc

Hint: Omit it from the simp argument list.
  [apply] simp [SymmRunChain.path]

Note: This linter can be disabled with `set_option linter.unusedSimpArgs false`
warning: DifferentialGeometry/External/GrushkoNeumannTheorem/MarshallHall/GrushkoGraph.lean:588:0: automatically included section variable(s) unused in theorem `MarshallHall.GeneralGrushko.BinaryLabelling.exists_first_edge_comp`:
  [HasInvolutiveReverse V]
consider restructuring your `variable` declarations so that the variables are not in scope or explicitly omit them:
  omit [HasInvolutiveReverse V] in theorem ...

Note: This linter can be disabled with `set_option linter.unusedSectionVars false`
warning: DifferentialGeometry/External/GrushkoNeumannTheorem/MarshallHall/GrushkoGraph.lean:853:4: Try this: 
  letI̵

The goal is a proposition, so `let` is preferred over `letI`.
The difference between `let` and `letI` is that `letI` inlines the value.
But this is not relevant for proofs because of proof irrelevance.

Note: This linter can be disabled with `set_option linter.style.haveILetI false`
⚠ [19580/27662] Replayed DifferentialGeometry.Geometry.Thurston.Atlas
warning: DifferentialGeometry/Geometry/Thurston/Atlas.lean:49:0: Please, write a comment here or remove this line, but do not place empty lines within commands!
Context:
                                  ↓
  ⏎omit [FiniteDimensional ℝ E] in⏎⏎theorem coordinateModelAtlas_iff_modelAtlas (g : SmoothRiemannianMetric I M)⏎

Note: This linter can be disabled with `set_option linter.style.emptyLine false`
⚠ [19587/27662] Replayed DifferentialGeometry.Topology.FundamentalGroup.FiniteGeneration.FiniteCoverGroups
warning: DifferentialGeometry/Topology/FundamentalGroup/FiniteGeneration/FiniteCoverGroups.lean:39:26: `dif_pos` has been deprecated: Use `dite_eq_left` instead

Hint: Replace the deprecated name:
  d̵i̵f̵_̵p̵o̵s̵d̲i̲t̲e̲_̲e̲q̲_̲l̲e̲f̲t̲
⚠ [19591/27662] Replayed DifferentialGeometry.Topology.VanKampen.FreeFactors.ThinOverlapGroups
warning: DifferentialGeometry/Topology/VanKampen/FreeFactors/ThinOverlapGroups.lean:328:0: Please, write a comment here or remove this line, but do not place empty lines within commands!
Context:
                                   ↓
  ⏎omit [SimplyConnectedSpace V] in⏎⏎theorem thinOverlapWordMap_core (hU : IsOpen U) (hV : IsOpen V)⏎

Note: This linter can be disabled with `set_option linter.style.emptyLine false`
⚠ [19592/27662] Replayed DifferentialGeometry.Topology.VanKampen.FreeFactors.CollarFreeFactor
warning: DifferentialGeometry/Topology/VanKampen/FreeFactors/CollarFreeFactor.lean:23:28: `simp_all [A, disjoint_left]` is a flexible tactic modifying `⊢`. Try `simp_all?` and use the suggested `simp_all only [...]`. Alternatively, use `suffices` to explicitly state the simplified form.

Note: This linter can be disabled with `set_option linter.flexible false`
info: DifferentialGeometry/Topology/VanKampen/FreeFactors/CollarFreeFactor.lean:24:14: `exact fun _ h => h.le`
modifies the current goal, which was modified by the flexible tactic `simp_all` on line 23!
warning: DifferentialGeometry/Topology/VanKampen/FreeFactors/CollarFreeFactor.lean:23:28: `simp_all [A, disjoint_left]` is a flexible tactic modifying `⊢`. Try `simp_all?` and use the suggested `simp_all only [...]`. Alternatively, use `suffices` to explicitly state the simplified form.

Note: This linter can be disabled with `set_option linter.flexible false`
info: DifferentialGeometry/Topology/VanKampen/FreeFactors/CollarFreeFactor.lean:24:14: `exact fun _ h => h.le`
modifies the current goal, which was modified by the flexible tactic `simp_all` on line 23!
⚠ [19598/27662] Replayed DifferentialGeometry.Geometry.Thurston.Models.CoordinateMetrics
warning: DifferentialGeometry/Geometry/Thurston/Models/CoordinateMetrics.lean:87:0: Please, write a comment here or remove this line, but do not place empty lines within commands!
Context:
                                  ↓
  ⏎omit [FiniteDimensional ℝ E] in⏎⏎theorem coordinateModelAtlas_iff_actualModelAtlas⏎

Note: This linter can be disabled with `set_option linter.style.emptyLine false`
⚠ [19600/27662] Replayed DifferentialGeometry.Geometry.MinimalSurface.ExteriorDiskArea
warning: DifferentialGeometry/Geometry/MinimalSurface/ExteriorDiskArea.lean:90:35: `dif_pos` has been deprecated: Use `dite_eq_left` instead

Hint: Replace the deprecated name:
  d̵i̵f̵_̵p̵o̵s̵d̲i̲t̲e̲_̲e̲q̲_̲l̲e̲f̲t̲
⚠ [20082/27662] Replayed DifferentialGeometry.External.GraphCoveringTheory.KuroshCoverLocal
warning: DifferentialGeometry/External/GraphCoveringTheory/KuroshCoverLocal.lean:184:10: `simp [coverEdgeLetter, treeKuroshProductToH_free,
            kuroshFreePartHom_quotientEdgeLoop, mul_assoc]` is a flexible tactic modifying `⊢`. Try `simp?` and use the suggested `simp only [...]`. Alternatively, use `suffices` to explicitly state the simplified form.

Note: This linter can be disabled with `set_option linter.flexible false`
info: DifferentialGeometry/External/GraphCoveringTheory/KuroshCoverLocal.lean:184:10: Try this:
  [apply] simp only [mul_inv_rev, map_mul, treeKuroshProductToH_vertex, Subgroup.coe_mul, InvMemClass.coe_inv]
info: DifferentialGeometry/External/GraphCoveringTheory/KuroshCoverLocal.lean:186:10: `exact test_rawEdgeAlign_spec G H _`
modifies the current goal, which was modified by the flexible tactic `simp` on line 184!
⚠ [20085/27662] Replayed DifferentialGeometry.External.GraphCoveringTheory.KuroshFreeFiber
warning: DifferentialGeometry/External/GraphCoveringTheory/KuroshFreeFiber.lean:31:43: This simp argument is unused:
  Prefunctor.mapPath

Hint: Omit it from the simp argument list.
  [apply] simp only [coverFreeGroupoidPathHom]

Note: This linter can be disabled with `set_option linter.unusedSimpArgs false`
⚠ [20086/27662] Replayed DifferentialGeometry.External.GraphCoveringTheory.KuroshCoverConnected
warning: DifferentialGeometry/External/GraphCoveringTheory/KuroshCoverConnected.lean:36:4: `simp` is a flexible tactic modifying `⊢`. Try `simp?` and use the suggested `simp only [...]`. Alternatively, use `suffices` to explicitly state the simplified form.

Note: This linter can be disabled with `set_option linter.flexible false`
info: DifferentialGeometry/External/GraphCoveringTheory/KuroshCoverConnected.lean:36:4: Try this:
  [apply] simp only [IsIso.inv_id, Category.comp_id]
info: DifferentialGeometry/External/GraphCoveringTheory/KuroshCoverConnected.lean:37:4: `exact hq`
modifies the current goal, which was modified by the flexible tactic `simp` on line 36!
⚠ [20088/27662] Replayed DifferentialGeometry.External.GrushkoNeumannTheorem.MarshallHall.GrushkoFoldStep
warning: DifferentialGeometry/External/GrushkoNeumannTheorem/MarshallHall/GrushkoFoldStep.lean:141:48: This simp argument is unused:
  hz₀

Hint: Omit it from the simp argument list.
  [apply] simp [f, hz₁]

Note: This linter can be disabled with `set_option linter.unusedSimpArgs false`
warning: DifferentialGeometry/External/GrushkoNeumannTheorem/MarshallHall/GrushkoFoldStep.lean:141:53: This simp argument is unused:
  hz₁

Hint: Omit it from the simp argument list.
  [apply] simp [f, hz₀]

Note: This linter can be disabled with `set_option linter.unusedSimpArgs false`
warning: DifferentialGeometry/External/GrushkoNeumannTheorem/MarshallHall/GrushkoFoldStep.lean:168:8: Variable name `b` is not explicitly referenced.

Hint: The binding can be removed (if unused) or named `_` (if used implicitly). Alternatively, prefix the name with `_` to silence this warning:
  [apply] _b

Note: This linter can be disabled with `set_option linter.unusedVariables false`
warning: DifferentialGeometry/External/GrushkoNeumannTheorem/MarshallHall/GrushkoFoldStep.lean:168:11: Variable name `e` is not explicitly referenced.

Hint: The binding can be removed (if unused) or named `_` (if used implicitly). Alternatively, prefix the name with `_` to silence this warning:
  [apply] _e

Note: This linter can be disabled with `set_option linter.unusedVariables false`
warning: DifferentialGeometry/External/GrushkoNeumannTheorem/MarshallHall/GrushkoFoldStep.lean:171:5: Variable name `a` is not explicitly referenced.

Hint: The binding can be removed (if unused) or named `_` (if used implicitly). Alternatively, prefix the name with `_` to silence this warning:
  [apply] _a

Note: This linter can be disabled with `set_option linter.unusedVariables false`
warning: DifferentialGeometry/External/GrushkoNeumannTheorem/MarshallHall/GrushkoFoldStep.lean:171:11: Variable name `e` is not explicitly referenced.

Hint: The binding can be removed (if unused) or named `_` (if used implicitly). Alternatively, prefix the name with `_` to silence this warning:
  [apply] _e

Note: This linter can be disabled with `set_option linter.unusedVariables false`
warning: DifferentialGeometry/External/GrushkoNeumannTheorem/MarshallHall/GrushkoFoldStep.lean:177:8: automatically included section variable(s) unused in theorem `MarshallHall.GeneralGrushko.allArrowSource_of`:
  [Fintype V]
  hV
  [(a b : V) → Fintype (a ⟶ b)]
consider restructuring your `variable` declarations so that the variables are not in scope or explicitly omit them:
  omit [Fintype V] hV [(a b : V) → Fintype (a ⟶ b)] in theorem ...

Note: This linter can be disabled with `set_option linter.unusedSectionVars false`
warning: DifferentialGeometry/External/GrushkoNeumannTheorem/MarshallHall/GrushkoFoldStep.lean:177:0: `allArrowSource_of` does not use the following hypotheses in its type:
  • [Fintype V] (#2)
  • [(a b : V) → Fintype (a ⟶ b)] (#5)

Consider replacing these hypotheses with the corresponding instances of `Finite` and using `Fintype.ofFinite` in the proof, or removing them entirely.

Note: This linter can be disabled with `set_option linter.unusedFintypeInType false`
warning: DifferentialGeometry/External/GrushkoNeumannTheorem/MarshallHall/GrushkoFoldStep.lean:181:8: automatically included section variable(s) unused in theorem `MarshallHall.GeneralGrushko.allArrowTarget_of`:
  [Fintype V]
  hV
  [(a b : V) → Fintype (a ⟶ b)]
consider restructuring your `variable` declarations so that the variables are not in scope or explicitly omit them:
  omit [Fintype V] hV [(a b : V) → Fintype (a ⟶ b)] in theorem ...

Note: This linter can be disabled with `set_option linter.unusedSectionVars false`
warning: DifferentialGeometry/External/GrushkoNeumannTheorem/MarshallHall/GrushkoFoldStep.lean:181:0: `allArrowTarget_of` does not use the following hypotheses in its type:
  • [Fintype V] (#2)
  • [(a b : V) → Fintype (a ⟶ b)] (#5)

Consider replacing these hypotheses with the corresponding instances of `Finite` and using `Fintype.ofFinite` in the proof, or removing them entirely.

Note: This linter can be disabled with `set_option linter.unusedFintypeInType false`
warning: DifferentialGeometry/External/GrushkoNeumannTheorem/MarshallHall/GrushkoFoldStep.lean:185:8: automatically included section variable(s) unused in theorem `MarshallHall.GeneralGrushko.allArrowHom_of`:
  [Fintype V]
  hV
  [(a b : V) → Fintype (a ⟶ b)]
consider restructuring your `variable` declarations so that the variables are not in scope or explicitly omit them:
  omit [Fintype V] hV [(a b : V) → Fintype (a ⟶ b)] in theorem ...

Note: This linter can be disabled with `set_option linter.unusedSectionVars false`
warning: DifferentialGeometry/External/GrushkoNeumannTheorem/MarshallHall/GrushkoFoldStep.lean:185:0: `allArrowHom_of` does not use the following hypotheses in its type:
  • [Fintype V] (#2)
  • [(a b : V) → Fintype (a ⟶ b)] (#5)

Consider replacing these hypotheses with the corresponding instances of `Finite` and using `Fintype.ofFinite` in the proof, or removing them entirely.

Note: This linter can be disabled with `set_option linter.unusedFintypeInType false`
warning: DifferentialGeometry/External/GrushkoNeumannTheorem/MarshallHall/GrushkoFoldStep.lean:192:8: automatically included section variable(s) unused in theorem `MarshallHall.GeneralGrushko.allArrowOf_reverse`:
  [Fintype V]
  [(a b : V) → Fintype (a ⟶ b)]
consider restructuring your `variable` declarations so that the variables are not in scope or explicitly omit them:
  omit [Fintype V] [(a b : V) → Fintype (a ⟶ b)] in theorem ...

Note: This linter can be disabled with `set_option linter.unusedSectionVars false`
warning: DifferentialGeometry/External/GrushkoNeumannTheorem/MarshallHall/GrushkoFoldStep.lean:192:0: `allArrowOf_reverse` does not use the following hypotheses in its type:
  • [Fintype V] (#2)
  • [(a b : V) → Fintype (a ⟶ b)] (#5)

Consider replacing these hypotheses with the corresponding instances of `Finite` and using `Fintype.ofFinite` in the proof, or removing them entirely.

Note: This linter can be disabled with `set_option linter.unusedFintypeInType false`
warning: DifferentialGeometry/External/GrushkoNeumannTheorem/MarshallHall/GrushkoFoldStep.lean:196:8: automatically included section variable(s) unused in theorem `MarshallHall.GeneralGrushko.allArrowSource_reverse`:
  [Fintype V]
  [(a b : V) → Fintype (a ⟶ b)]
consider restructuring your `variable` declarations so that the variables are not in scope or explicitly omit them:
  omit [Fintype V] [(a b : V) → Fintype (a ⟶ b)] in theorem ...

Note: This linter can be disabled with `set_option linter.unusedSectionVars false`
warning: DifferentialGeometry/External/GrushkoNeumannTheorem/MarshallHall/GrushkoFoldStep.lean:196:0: `allArrowSource_reverse` does not use the following hypotheses in its type:
  • [Fintype V] (#2)
  • [(a b : V) → Fintype (a ⟶ b)] (#5)

Consider replacing these hypotheses with the corresponding instances of `Finite` and using `Fintype.ofFinite` in the proof, or removing them entirely.

Note: This linter can be disabled with `set_option linter.unusedFintypeInType false`
warning: DifferentialGeometry/External/GrushkoNeumannTheorem/MarshallHall/GrushkoFoldStep.lean:201:8: automatically included section variable(s) unused in theorem `MarshallHall.GeneralGrushko.allArrowTarget_reverse`:
  [Fintype V]
  [(a b : V) → Fintype (a ⟶ b)]
consider restructuring your `variable` declarations so that the variables are not in scope or explicitly omit them:
  omit [Fintype V] [(a b : V) → Fintype (a ⟶ b)] in theorem ...

Note: This linter can be disabled with `set_option linter.unusedSectionVars false`
warning: DifferentialGeometry/External/GrushkoNeumannTheorem/MarshallHall/GrushkoFoldStep.lean:201:0: `allArrowTarget_reverse` does not use the following hypotheses in its type:
  • [Fintype V] (#2)
  • [(a b : V) → Fintype (a ⟶ b)] (#5)

Consider replacing these hypotheses with the corresponding instances of `Finite` and using `Fintype.ofFinite` in the proof, or removing them entirely.

Note: This linter can be disabled with `set_option linter.unusedFintypeInType false`
warning: DifferentialGeometry/External/GrushkoNeumannTheorem/MarshallHall/GrushkoFoldStep.lean:206:8: automatically included section variable(s) unused in theorem `MarshallHall.GeneralGrushko.allArrowReverse_reverse`:
  [Fintype V]
  [(a b : V) → Fintype (a ⟶ b)]
consider restructuring your `variable` declarations so that the variables are not in scope or explicitly omit them:
  omit [Fintype V] [(a b : V) → Fintype (a ⟶ b)] in theorem ...

Note: This linter can be disabled with `set_option linter.unusedSectionVars false`
warning: DifferentialGeometry/External/GrushkoNeumannTheorem/MarshallHall/GrushkoFoldStep.lean:206:0: `allArrowReverse_reverse` does not use the following hypotheses in its type:
  • [Fintype V] (#2)
  • [(a b : V) → Fintype (a ⟶ b)] (#5)

Consider replacing these hypotheses with the corresponding instances of `Finite` and using `Fintype.ofFinite` in the proof, or removing them entirely.

Note: This linter can be disabled with `set_option linter.unusedFintypeInType false`
warning: DifferentialGeometry/External/GrushkoNeumannTheorem/MarshallHall/GrushkoFoldStep.lean:211:0: `allArrowReverse_injective` does not use the following hypotheses in its type:
  • [Fintype V] (#2)
  • [(a b : V) → Fintype (a ⟶ b)] (#5)

Consider replacing these hypotheses with the corresponding instances of `Finite` and using `Fintype.ofFinite` in the proof, or removing them entirely.

Note: This linter can be disabled with `set_option linter.unusedFintypeInType false`
warning: DifferentialGeometry/External/GrushkoNeumannTheorem/MarshallHall/GrushkoFoldStep.lean:227:0: automatically included section variable(s) unused in theorem `MarshallHall.GeneralGrushko.foldCode_rel`:
  [Fintype V]
  hV
  [(a b : V) → Fintype (a ⟶ b)]
consider restructuring your `variable` declarations so that the variables are not in scope or explicitly omit them:
  omit [Fintype V] hV [(a b : V) → Fintype (a ⟶ b)] in theorem ...

Note: This linter can be disabled with `set_option linter.unusedSectionVars false`
warning: DifferentialGeometry/External/GrushkoNeumannTheorem/MarshallHall/GrushkoFoldStep.lean:227:0: `foldCode_rel` does not use the following hypotheses in its type:
  • [Fintype V] (#2)
  • [(a b : V) → Fintype (a ⟶ b)] (#5)

Consider replacing these hypotheses with the corresponding instances of `Finite` and using `Fintype.ofFinite` in the proof, or removing them entirely.

Note: This linter can be disabled with `set_option linter.unusedFintypeInType false`
warning: DifferentialGeometry/External/GrushkoNeumannTheorem/MarshallHall/GrushkoFoldStep.lean:231:0: automatically included section variable(s) unused in theorem `MarshallHall.GeneralGrushko.foldCode_eq_none_iff`:
  [Fintype V]
  hV
  [(a b : V) → Fintype (a ⟶ b)]
consider restructuring your `variable` declarations so that the variables are not in scope or explicitly omit them:
  omit [Fintype V] hV [(a b : V) → Fintype (a ⟶ b)] in theorem ...

Note: This linter can be disabled with `set_option linter.unusedSectionVars false`
warning: DifferentialGeometry/External/GrushkoNeumannTheorem/MarshallHall/GrushkoFoldStep.lean:231:0: `foldCode_eq_none_iff` does not use the following hypotheses in its type:
  • [Fintype V] (#2)
  • [(a b : V) → Fintype (a ⟶ b)] (#5)

Consider replacing these hypotheses with the corresponding instances of `Finite` and using `Fintype.ofFinite` in the proof, or removing them entirely.

Note: This linter can be disabled with `set_option linter.unusedFintypeInType false`
warning: DifferentialGeometry/External/GrushkoNeumannTheorem/MarshallHall/GrushkoFoldStep.lean:248:29: `dif_neg` has been deprecated: Use `dite_eq_right` instead

Hint: Replace the deprecated name:
  d̵i̵f̵_̵n̵e̵g̵d̲i̲t̲e̲_̲e̲q̲_̲r̲i̲g̲h̲t̲
warning: DifferentialGeometry/External/GrushkoNeumannTheorem/MarshallHall/GrushkoFoldStep.lean:262:27: `dif_neg` has been deprecated: Use `dite_eq_right` instead

Hint: Replace the deprecated name:
  d̵i̵f̵_̵n̵e̵g̵d̲i̲t̲e̲_̲e̲q̲_̲r̲i̲g̲h̲t̲
warning: DifferentialGeometry/External/GrushkoNeumannTheorem/MarshallHall/GrushkoFoldStep.lean:236:0: automatically included section variable(s) unused in theorem `MarshallHall.GeneralGrushko.foldCode_eq_some_iff`:
  [Fintype V]
  hV
  [(a b : V) → Fintype (a ⟶ b)]
consider restructuring your `variable` declarations so that the variables are not in scope or explicitly omit them:
  omit [Fintype V] hV [(a b : V) → Fintype (a ⟶ b)] in theorem ...

Note: This linter can be disabled with `set_option linter.unusedSectionVars false`
warning: DifferentialGeometry/External/GrushkoNeumannTheorem/MarshallHall/GrushkoFoldStep.lean:236:0: `foldCode_eq_some_iff` does not use the following hypotheses in its type:
  • [Fintype V] (#2)
  • [(a b : V) → Fintype (a ⟶ b)] (#5)

Consider replacing these hypotheses with the corresponding instances of `Finite` and using `Fintype.ofFinite` in the proof, or removing them entirely.

Note: This linter can be disabled with `set_option linter.unusedFintypeInType false`
warning: DifferentialGeometry/External/GrushkoNeumannTheorem/MarshallHall/GrushkoFoldStep.lean:324:0: `foldQuotient_card_add_one_eq` does not use the following hypothesis in its type:
  • [(a b : V) → Fintype (a ⟶ b)] (#5)

Consider replacing this hypothesis with the corresponding instance of `Finite` and using `Fintype.ofFinite` in the proof, or removing it entirely.

Note: This linter can be disabled with `set_option linter.unusedFintypeInType false`
warning: DifferentialGeometry/External/GrushkoNeumannTheorem/MarshallHall/GrushkoFoldStep.lean:331:17: Variable name `a` is not explicitly referenced.

Hint: The binding can be removed (if unused) or named `_` (if used implicitly). Alternatively, prefix the name with `_` to silence this warning:
  [apply] _a

Note: This linter can be disabled with `set_option linter.unusedVariables false`
warning: DifferentialGeometry/External/GrushkoNeumannTheorem/MarshallHall/GrushkoFoldStep.lean:331:19: Variable name `b` is not explicitly referenced.

Hint: The binding can be removed (if unused) or named `_` (if used implicitly). Alternatively, prefix the name with `_` to silence this warning:
  [apply] _b

Note: This linter can be disabled with `set_option linter.unusedVariables false`
warning: DifferentialGeometry/External/GrushkoNeumannTheorem/MarshallHall/GrushkoFoldStep.lean:350:0: Definition `MarshallHall.GeneralGrushko.foldQuiverHomFintype` of class type is semireducible. Most type class instances should be instance-reducible, so consider marking this
definition with `@[instance_reducible]`. If it is intentionally semireducible, this warning can be disabled with `set_option warn.classDefReducibility false`.
warning: DifferentialGeometry/External/GrushkoNeumannTheorem/MarshallHall/GrushkoFoldStep.lean:373:0: automatically included section variable(s) unused in theorem `MarshallHall.GeneralGrushko.foldAllArrowToAllArrow_injective`:
  [Fintype V]
  [(a b : V) → Fintype (a ⟶ b)]
consider restructuring your `variable` declarations so that the variables are not in scope or explicitly omit them:
  omit [Fintype V] [(a b : V) → Fintype (a ⟶ b)] in theorem ...

Note: This linter can be disabled with `set_option linter.unusedSectionVars false`
warning: DifferentialGeometry/External/GrushkoNeumannTheorem/MarshallHall/GrushkoFoldStep.lean:373:0: `foldAllArrowToAllArrow_injective` does not use the following hypotheses in its type:
  • [Fintype V] (#2)
  • [(a b : V) → Fintype (a ⟶ b)] (#5)

Consider replacing these hypotheses with the corresponding instances of `Finite` and using `Fintype.ofFinite` in the proof, or removing them entirely.

Note: This linter can be disabled with `set_option linter.unusedFintypeInType false`
warning: DifferentialGeometry/External/GrushkoNeumannTheorem/MarshallHall/GrushkoFoldStep.lean:412:0: `foldAllArrowToDeletedEdge_injective` does not use the following hypotheses in its type:
  • [Fintype V] (#2)
  • [(a b : V) → Fintype (a ⟶ b)] (#5)

Consider replacing these hypotheses with the corresponding instances of `Finite` and using `Fintype.ofFinite` in the proof, or removing them entirely.

Note: This linter can be disabled with `set_option linter.unusedFintypeInType false`
warning: DifferentialGeometry/External/GrushkoNeumannTheorem/MarshallHall/GrushkoFoldStep.lean:422:2: Try this: 
  letI̵

The goal is a proposition, so `let` is preferred over `letI`.
The difference between `let` and `letI` is that `letI` inlines the value.
But this is not relevant for proofs because of proof irrelevance.

Note: This linter can be disabled with `set_option linter.style.haveILetI false`
warning: DifferentialGeometry/External/GrushkoNeumannTheorem/MarshallHall/GrushkoFoldStep.lean:465:0: Definition `MarshallHall.GeneralGrushko.foldHasReverse` of class type is semireducible. Most type class instances should be instance-reducible, so consider marking this
definition with `@[instance_reducible]`. If it is intentionally semireducible, this warning can be disabled with `set_option warn.classDefReducibility false`.
warning: DifferentialGeometry/External/GrushkoNeumannTheorem/MarshallHall/GrushkoFoldStep.lean:490:2: Try this: 
  letI̵

The goal is a proposition, so `let` is preferred over `letI`.
The difference between `let` and `letI` is that `letI` inlines the value.
But this is not relevant for proofs because of proof irrelevance.

Note: This linter can be disabled with `set_option linter.style.haveILetI false`
warning: DifferentialGeometry/External/GrushkoNeumannTheorem/MarshallHall/GrushkoFoldStep.lean:491:2: Try this: 
  letI̵

The goal is a proposition, so `let` is preferred over `letI`.
The difference between `let` and `letI` is that `letI` inlines the value.
But this is not relevant for proofs because of proof irrelevance.

Note: This linter can be disabled with `set_option linter.style.haveILetI false`
warning: DifferentialGeometry/External/GrushkoNeumannTheorem/MarshallHall/GrushkoFoldStep.lean:492:2: Try this: 
  letI̵

The goal is a proposition, so `let` is preferred over `letI`.
The difference between `let` and `letI` is that `letI` inlines the value.
But this is not relevant for proofs because of proof irrelevance.

Note: This linter can be disabled with `set_option linter.style.haveILetI false`
warning: DifferentialGeometry/External/GrushkoNeumannTheorem/MarshallHall/GrushkoFoldStep.lean:493:2: Try this: 
  letI̵

The goal is a proposition, so `let` is preferred over `letI`.
The difference between `let` and `letI` is that `letI` inlines the value.
But this is not relevant for proofs because of proof irrelevance.

Note: This linter can be disabled with `set_option linter.style.haveILetI false`
warning: DifferentialGeometry/External/GrushkoNeumannTheorem/MarshallHall/GrushkoFoldStep.lean:506:0: automatically included section variable(s) unused in theorem `MarshallHall.GeneralGrushko.pathRead_mem_closure_allArrowLabels`:
  [Fintype V]
  [(a b : V) → Fintype (a ⟶ b)]
consider restructuring your `variable` declarations so that the variables are not in scope or explicitly omit them:
  omit [Fintype V] [(a b : V) → Fintype (a ⟶ b)] in theorem ...

Note: This linter can be disabled with `set_option linter.unusedSectionVars false`
warning: DifferentialGeometry/External/GrushkoNeumannTheorem/MarshallHall/GrushkoFoldStep.lean:506:0: `pathRead_mem_closure_allArrowLabels` does not use the following hypotheses in its type:
  • [Fintype V] (#2)
  • [(a b : V) → Fintype (a ⟶ b)] (#9)

Consider replacing these hypotheses with the corresponding instances of `Finite` and using `Fintype.ofFinite` in the proof, or removing them entirely.

Note: This linter can be disabled with `set_option linter.unusedFintypeInType false`
warning: DifferentialGeometry/External/GrushkoNeumannTheorem/MarshallHall/GrushkoFoldStep.lean:522:0: `allArrowLabels_closure_eq_top_of_markedGraph` does not use the following hypotheses in its type:
  • [Fintype V] (#2)
  • [(a b : V) → Fintype (a ⟶ b)] (#9)

Consider replacing these hypotheses with the corresponding instances of `Finite` and using `Fintype.ofFinite` in the proof, or removing them entirely.

Note: This linter can be disabled with `set_option linter.unusedFintypeInType false`
warning: DifferentialGeometry/External/GrushkoNeumannTheorem/MarshallHall/GrushkoFoldStep.lean:616:0: automatically included section variable(s) unused in theorem `MarshallHall.GeneralGrushko.foldPathAvoid_comp`:
  [Fintype V]
  [(a b : V) → Fintype (a ⟶ b)]
consider restructuring your `variable` declarations so that the variables are not in scope or explicitly omit them:
  omit [Fintype V] [(a b : V) → Fintype (a ⟶ b)] in theorem ...

Note: This linter can be disabled with `set_option linter.unusedSectionVars false`
warning: DifferentialGeometry/External/GrushkoNeumannTheorem/MarshallHall/GrushkoFoldStep.lean:616:0: `foldPathAvoid_comp` does not use the following hypotheses in its type:
  • [Fintype V] (#2)
  • [(a b : V) → Fintype (a ⟶ b)] (#5)

Consider replacing these hypotheses with the corresponding instances of `Finite` and using `Fintype.ofFinite` in the proof, or removing them entirely.

Note: This linter can be disabled with `set_option linter.unusedFintypeInType false`
warning: DifferentialGeometry/External/GrushkoNeumannTheorem/MarshallHall/GrushkoFoldStep.lean:626:0: `foldPathAvoid_reverse` does not use the following hypotheses in its type:
  • [Fintype V] (#2)
  • [(a b : V) → Fintype (a ⟶ b)] (#5)

Consider replacing these hypotheses with the corresponding instances of `Finite` and using `Fintype.ofFinite` in the proof, or removing them entirely.

Note: This linter can be disabled with `set_option linter.unusedFintypeInType false`
warning: DifferentialGeometry/External/GrushkoNeumannTheorem/MarshallHall/GrushkoFoldStep.lean:818:8: automatically included section variable(s) unused in theorem `MarshallHall.GeneralGrushko.symmAllArrow_inl`:
  [Fintype V]
  hV
  [(a b : V) → Fintype (a ⟶ b)]
consider restructuring your `variable` declarations so that the variables are not in scope or explicitly omit them:
  omit [Fintype V] hV [(a b : V) → Fintype (a ⟶ b)] in theorem ...

Note: This linter can be disabled with `set_option linter.unusedSectionVars false`
warning: DifferentialGeometry/External/GrushkoNeumannTheorem/MarshallHall/GrushkoFoldStep.lean:818:0: `symmAllArrow_inl` does not use the following hypotheses in its type:
  • [Fintype V] (#2)
  • [(a b : V) → Fintype (a ⟶ b)] (#5)

Consider replacing these hypotheses with the corresponding instances of `Finite` and using `Fintype.ofFinite` in the proof, or removing them entirely.

Note: This linter can be disabled with `set_option linter.unusedFintypeInType false`
warning: DifferentialGeometry/External/GrushkoNeumannTheorem/MarshallHall/GrushkoFoldStep.lean:822:8: automatically included section variable(s) unused in theorem `MarshallHall.GeneralGrushko.symmAllArrow_inr`:
  [Fintype V]
  hV
  [(a b : V) → Fintype (a ⟶ b)]
consider restructuring your `variable` declarations so that the variables are not in scope or explicitly omit them:
  omit [Fintype V] hV [(a b : V) → Fintype (a ⟶ b)] in theorem ...

Note: This linter can be disabled with `set_option linter.unusedSectionVars false`
warning: DifferentialGeometry/External/GrushkoNeumannTheorem/MarshallHall/GrushkoFoldStep.lean:822:0: `symmAllArrow_inr` does not use the following hypotheses in its type:
  • [Fintype V] (#2)
  • [(a b : V) → Fintype (a ⟶ b)] (#5)

Consider replacing these hypotheses with the corresponding instances of `Finite` and using `Fintype.ofFinite` in the proof, or removing them entirely.

Note: This linter can be disabled with `set_option linter.unusedFintypeInType false`
warning: DifferentialGeometry/External/GrushkoNeumannTheorem/MarshallHall/GrushkoFoldStep.lean:826:8: automatically included section variable(s) unused in theorem `MarshallHall.GeneralGrushko.symmAllArrow_reverse`:
  [Fintype V]
  hV
  [(a b : V) → Fintype (a ⟶ b)]
consider restructuring your `variable` declarations so that the variables are not in scope or explicitly omit them:
  omit [Fintype V] hV [(a b : V) → Fintype (a ⟶ b)] in theorem ...

Note: This linter can be disabled with `set_option linter.unusedSectionVars false`
warning: DifferentialGeometry/External/GrushkoNeumannTheorem/MarshallHall/GrushkoFoldStep.lean:826:0: `symmAllArrow_reverse` does not use the following hypotheses in its type:
  • [Fintype V] (#2)
  • [(a b : V) → Fintype (a ⟶ b)] (#5)

Consider replacing these hypotheses with the corresponding instances of `Finite` and using `Fintype.ofFinite` in the proof, or removing them entirely.

Note: This linter can be disabled with `set_option linter.unusedFintypeInType false`
warning: DifferentialGeometry/External/GrushkoNeumannTheorem/MarshallHall/GrushkoFoldStep.lean:840:8: automatically included section variable(s) unused in theorem `MarshallHall.GeneralGrushko.symmOrientedArrow_source`:
  [Fintype V]
  [(a b : V) → Fintype (a ⟶ b)]
consider restructuring your `variable` declarations so that the variables are not in scope or explicitly omit them:
  omit [Fintype V] [(a b : V) → Fintype (a ⟶ b)] in theorem ...

Note: This linter can be disabled with `set_option linter.unusedSectionVars false`
warning: DifferentialGeometry/External/GrushkoNeumannTheorem/MarshallHall/GrushkoFoldStep.lean:840:0: `symmOrientedArrow_source` does not use the following hypotheses in its type:
  • [Fintype V] (#2)
  • [(a b : V) → Fintype (a ⟶ b)] (#5)

Consider replacing these hypotheses with the corresponding instances of `Finite` and using `Fintype.ofFinite` in the proof, or removing them entirely.

Note: This linter can be disabled with `set_option linter.unusedFintypeInType false`
warning: DifferentialGeometry/External/GrushkoNeumannTheorem/MarshallHall/GrushkoFoldStep.lean:845:8: automatically included section variable(s) unused in theorem `MarshallHall.GeneralGrushko.symmOrientedArrow_target`:
  [Fintype V]
  [(a b : V) → Fintype (a ⟶ b)]
consider restructuring your `variable` declarations so that the variables are not in scope or explicitly omit them:
  omit [Fintype V] [(a b : V) → Fintype (a ⟶ b)] in theorem ...

Note: This linter can be disabled with `set_option linter.unusedSectionVars false`
warning: DifferentialGeometry/External/GrushkoNeumannTheorem/MarshallHall/GrushkoFoldStep.lean:845:0: `symmOrientedArrow_target` does not use the following hypotheses in its type:
  • [Fintype V] (#2)
  • [(a b : V) → Fintype (a ⟶ b)] (#5)

Consider replacing these hypotheses with the corresponding instances of `Finite` and using `Fintype.ofFinite` in the proof, or removing them entirely.

Note: This linter can be disabled with `set_option linter.unusedFintypeInType false`
warning: DifferentialGeometry/External/GrushkoNeumannTheorem/MarshallHall/GrushkoFoldStep.lean:850:0: `symmAllArrow_eq_oriented_or_reverse` does not use the following hypotheses in its type:
  • [Fintype V] (#2)
  • [(a b : V) → Fintype (a ⟶ b)] (#5)

Consider replacing these hypotheses with the corresponding instances of `Finite` and using `Fintype.ofFinite` in the proof, or removing them entirely.

Note: This linter can be disabled with `set_option linter.unusedFintypeInType false`
warning: DifferentialGeometry/External/GrushkoNeumannTheorem/MarshallHall/GrushkoFoldStep.lean:862:0: automatically included section variable(s) unused in theorem `MarshallHall.GeneralGrushko.symmLabel_eq_allArrowLabel_oriented`:
  [Fintype V]
  [(a b : V) → Fintype (a ⟶ b)]
consider restructuring your `variable` declarations so that the variables are not in scope or explicitly omit them:
  omit [Fintype V] [(a b : V) → Fintype (a ⟶ b)] in theorem ...

Note: This linter can be disabled with `set_option linter.unusedSectionVars false`
warning: DifferentialGeometry/External/GrushkoNeumannTheorem/MarshallHall/GrushkoFoldStep.lean:862:0: `symmLabel_eq_allArrowLabel_oriented` does not use the following hypotheses in its type:
  • [Fintype V] (#2)
  • [(a b : V) → Fintype (a ⟶ b)] (#9)

Consider replacing these hypotheses with the corresponding instances of `Finite` and using `Fintype.ofFinite` in the proof, or removing them entirely.

Note: This linter can be disabled with `set_option linter.unusedFintypeInType false`
warning: DifferentialGeometry/External/GrushkoNeumannTheorem/MarshallHall/GrushkoFoldStep.lean:893:8: automatically included section variable(s) unused in theorem `MarshallHall.GeneralGrushko.symmPathEdges_nil`:
  [Fintype V]
  hV
  [(a b : V) → Fintype (a ⟶ b)]
consider restructuring your `variable` declarations so that the variables are not in scope or explicitly omit them:
  omit [Fintype V] hV [(a b : V) → Fintype (a ⟶ b)] in theorem ...

Note: This linter can be disabled with `set_option linter.unusedSectionVars false`
warning: DifferentialGeometry/External/GrushkoNeumannTheorem/MarshallHall/GrushkoFoldStep.lean:893:0: `symmPathEdges_nil` does not use the following hypotheses in its type:
  • [Fintype V] (#2)
  • [(a b : V) → Fintype (a ⟶ b)] (#5)

Consider replacing these hypotheses with the corresponding instances of `Finite` and using `Fintype.ofFinite` in the proof, or removing them entirely.

Note: This linter can be disabled with `set_option linter.unusedFintypeInType false`
warning: DifferentialGeometry/External/GrushkoNeumannTheorem/MarshallHall/GrushkoFoldStep.lean:898:8: automatically included section variable(s) unused in theorem `MarshallHall.GeneralGrushko.symmPathEdges_toPath`:
  [Fintype V]
  hV
  [(a b : V) → Fintype (a ⟶ b)]
consider restructuring your `variable` declarations so that the variables are not in scope or explicitly omit them:
  omit [Fintype V] hV [(a b : V) → Fintype (a ⟶ b)] in theorem ...

Note: This linter can be disabled with `set_option linter.unusedSectionVars false`
warning: DifferentialGeometry/External/GrushkoNeumannTheorem/MarshallHall/GrushkoFoldStep.lean:898:0: `symmPathEdges_toPath` does not use the following hypotheses in its type:
  • [Fintype V] (#2)
  • [(a b : V) → Fintype (a ⟶ b)] (#5)

Consider replacing these hypotheses with the corresponding instances of `Finite` and using `Fintype.ofFinite` in the proof, or removing them entirely.

Note: This linter can be disabled with `set_option linter.unusedFintypeInType false`
warning: DifferentialGeometry/External/GrushkoNeumannTheorem/MarshallHall/GrushkoFoldStep.lean:903:0: automatically included section variable(s) unused in theorem `MarshallHall.GeneralGrushko.symmPathEdges_comp`:
  [Fintype V]
  hV
  [(a b : V) → Fintype (a ⟶ b)]
consider restructuring your `variable` declarations so that the variables are not in scope or explicitly omit them:
  omit [Fintype V] hV [(a b : V) → Fintype (a ⟶ b)] in theorem ...

Note: This linter can be disabled with `set_option linter.unusedSectionVars false`
warning: DifferentialGeometry/External/GrushkoNeumannTheorem/MarshallHall/GrushkoFoldStep.lean:903:0: `symmPathEdges_comp` does not use the following hypotheses in its type:
  • [Fintype V] (#2)
  • [(a b : V) → Fintype (a ⟶ b)] (#5)

Consider replacing these hypotheses with the corresponding instances of `Finite` and using `Fintype.ofFinite` in the proof, or removing them entirely.

Note: This linter can be disabled with `set_option linter.unusedFintypeInType false`
warning: DifferentialGeometry/External/GrushkoNeumannTheorem/MarshallHall/GrushkoFoldStep.lean:919:0: `foldSymmPathAvoid_of_geometricallySimple` does not use the following hypotheses in its type:
  • [Fintype V] (#2)
  • [(a b : V) → Fintype (a ⟶ b)] (#5)

Consider replacing these hypotheses with the corresponding instances of `Finite` and using `Fintype.ofFinite` in the proof, or removing them entirely.

Note: This linter can be disabled with `set_option linter.unusedFintypeInType false`
warning: DifferentialGeometry/External/GrushkoNeumannTheorem/MarshallHall/GrushkoFoldStep.lean:986:0: automatically included section variable(s) unused in theorem `MarshallHall.GeneralGrushko.foldSymmPathAvoid_cast`:
  [Fintype V]
  [(a b : V) → Fintype (a ⟶ b)]
consider restructuring your `variable` declarations so that the variables are not in scope or explicitly omit them:
  omit [Fintype V] [(a b : V) → Fintype (a ⟶ b)] in theorem ...

Note: This linter can be disabled with `set_option linter.unusedSectionVars false`
warning: DifferentialGeometry/External/GrushkoNeumannTheorem/MarshallHall/GrushkoFoldStep.lean:986:0: `foldSymmPathAvoid_cast` does not use the following hypotheses in its type:
  • [Fintype V] (#2)
  • [(a b : V) → Fintype (a ⟶ b)] (#5)

Consider replacing these hypotheses with the corresponding instances of `Finite` and using `Fintype.ofFinite` in the proof, or removing them entirely.

Note: This linter can be disabled with `set_option linter.unusedFintypeInType false`
warning: DifferentialGeometry/External/GrushkoNeumannTheorem/MarshallHall/GrushkoFoldStep.lean:1029:0: automatically included section variable(s) unused in theorem `MarshallHall.GeneralGrushko.foldSymmPathAvoid_comp`:
  [Fintype V]
  [(a b : V) → Fintype (a ⟶ b)]
consider restructuring your `variable` declarations so that the variables are not in scope or explicitly omit them:
  omit [Fintype V] [(a b : V) → Fintype (a ⟶ b)] in theorem ...

Note: This linter can be disabled with `set_option linter.unusedSectionVars false`
warning: DifferentialGeometry/External/GrushkoNeumannTheorem/MarshallHall/GrushkoFoldStep.lean:1029:0: `foldSymmPathAvoid_comp` does not use the following hypotheses in its type:
  • [Fintype V] (#2)
  • [(a b : V) → Fintype (a ⟶ b)] (#5)

Consider replacing these hypotheses with the corresponding instances of `Finite` and using `Fintype.ofFinite` in the proof, or removing them entirely.

Note: This linter can be disabled with `set_option linter.unusedFintypeInType false`
warning: DifferentialGeometry/External/GrushkoNeumannTheorem/MarshallHall/GrushkoFoldStep.lean:1046:0: `foldSymmPathAvoid_reverse` does not use the following hypotheses in its type:
  • [Fintype V] (#2)
  • [(a b : V) → Fintype (a ⟶ b)] (#5)

Consider replacing these hypotheses with the corresponding instances of `Finite` and using `Fintype.ofFinite` in the proof, or removing them entirely.

Note: This linter can be disabled with `set_option linter.unusedFintypeInType false`
warning: DifferentialGeometry/External/GrushkoNeumannTheorem/MarshallHall/GrushkoFoldStep.lean:1286:37: `dif_pos` has been deprecated: Use `dite_eq_left` instead

Hint: Replace the deprecated name:
  d̵i̵f̵_̵p̵o̵s̵d̲i̲t̲e̲_̲e̲q̲_̲l̲e̲f̲t̲
warning: DifferentialGeometry/External/GrushkoNeumannTheorem/MarshallHall/GrushkoFoldStep.lean:1301:39: `dif_neg` has been deprecated: Use `dite_eq_right` instead

Hint: Replace the deprecated name:
  d̵i̵f̵_̵n̵e̵g̵d̲i̲t̲e̲_̲e̲q̲_̲r̲i̲g̲h̲t̲
warning: DifferentialGeometry/External/GrushkoNeumannTheorem/MarshallHall/GrushkoFoldStep.lean:1301:50: `dif_pos` has been deprecated: Use `dite_eq_left` instead

Hint: Replace the deprecated name:
  d̵i̵f̵_̵p̵o̵s̵d̲i̲t̲e̲_̲e̲q̲_̲l̲e̲f̲t̲
warning: DifferentialGeometry/External/GrushkoNeumannTheorem/MarshallHall/GrushkoFoldStep.lean:1322:40: `dif_neg` has been deprecated: Use `dite_eq_right` instead

Hint: Replace the deprecated name:
  d̵i̵f̵_̵n̵e̵g̵d̲i̲t̲e̲_̲e̲q̲_̲r̲i̲g̲h̲t̲
warning: DifferentialGeometry/External/GrushkoNeumannTheorem/MarshallHall/GrushkoFoldStep.lean:1322:51: `dif_neg` has been deprecated: Use `dite_eq_right` instead

Hint: Replace the deprecated name:
  d̵i̵f̵_̵n̵e̵g̵d̲i̲t̲e̲_̲e̲q̲_̲r̲i̲g̲h̲t̲
warning: DifferentialGeometry/External/GrushkoNeumannTheorem/MarshallHall/GrushkoFoldStep.lean:1326:37: `dif_pos` has been deprecated: Use `dite_eq_left` instead

Hint: Replace the deprecated name:
  d̵i̵f̵_̵p̵o̵s̵d̲i̲t̲e̲_̲e̲q̲_̲l̲e̲f̲t̲
warning: DifferentialGeometry/External/GrushkoNeumannTheorem/MarshallHall/GrushkoFoldStep.lean:1342:39: `dif_neg` has been deprecated: Use `dite_eq_right` instead

Hint: Replace the deprecated name:
  d̵i̵f̵_̵n̵e̵g̵d̲i̲t̲e̲_̲e̲q̲_̲r̲i̲g̲h̲t̲
warning: DifferentialGeometry/External/GrushkoNeumannTheorem/MarshallHall/GrushkoFoldStep.lean:1342:50: `dif_pos` has been deprecated: Use `dite_eq_left` instead

Hint: Replace the deprecated name:
  d̵i̵f̵_̵p̵o̵s̵d̲i̲t̲e̲_̲e̲q̲_̲l̲e̲f̲t̲
warning: DifferentialGeometry/External/GrushkoNeumannTheorem/MarshallHall/GrushkoFoldStep.lean:1364:40: `dif_neg` has been deprecated: Use `dite_eq_right` instead

Hint: Replace the deprecated name:
  d̵i̵f̵_̵n̵e̵g̵d̲i̲t̲e̲_̲e̲q̲_̲r̲i̲g̲h̲t̲
warning: DifferentialGeometry/External/GrushkoNeumannTheorem/MarshallHall/GrushkoFoldStep.lean:1364:51: `dif_neg` has been deprecated: Use `dite_eq_right` instead

Hint: Replace the deprecated name:
  d̵i̵f̵_̵n̵e̵g̵d̲i̲t̲e̲_̲e̲q̲_̲r̲i̲g̲h̲t̲
warning: DifferentialGeometry/External/GrushkoNeumannTheorem/MarshallHall/GrushkoFoldStep.lean:1428:29: `dif_pos` has been deprecated: Use `dite_eq_left` instead

Hint: Replace the deprecated name:
  d̵i̵f̵_̵p̵o̵s̵d̲i̲t̲e̲_̲e̲q̲_̲l̲e̲f̲t̲
warning: DifferentialGeometry/External/GrushkoNeumannTheorem/MarshallHall/GrushkoFoldStep.lean:1438:31: `dif_neg` has been deprecated: Use `dite_eq_right` instead

Hint: Replace the deprecated name:
  d̵i̵f̵_̵n̵e̵g̵d̲i̲t̲e̲_̲e̲q̲_̲r̲i̲g̲h̲t̲
warning: DifferentialGeometry/External/GrushkoNeumannTheorem/MarshallHall/GrushkoFoldStep.lean:1438:42: `dif_pos` has been deprecated: Use `dite_eq_left` instead

Hint: Replace the deprecated name:
  d̵i̵f̵_̵p̵o̵s̵d̲i̲t̲e̲_̲e̲q̲_̲l̲e̲f̲t̲
warning: DifferentialGeometry/External/GrushkoNeumannTheorem/MarshallHall/GrushkoFoldStep.lean:1451:31: `dif_neg` has been deprecated: Use `dite_eq_right` instead

Hint: Replace the deprecated name:
  d̵i̵f̵_̵n̵e̵g̵d̲i̲t̲e̲_̲e̲q̲_̲r̲i̲g̲h̲t̲
warning: DifferentialGeometry/External/GrushkoNeumannTheorem/MarshallHall/GrushkoFoldStep.lean:1451:42: `dif_neg` has been deprecated: Use `dite_eq_right` instead

Hint: Replace the deprecated name:
  d̵i̵f̵_̵n̵e̵g̵d̲i̲t̲e̲_̲e̲q̲_̲r̲i̲g̲h̲t̲
warning: DifferentialGeometry/External/GrushkoNeumannTheorem/MarshallHall/GrushkoFoldStep.lean:1655:0: automatically included section variable(s) unused in theorem `MarshallHall.GeneralGrushko.foldedMarkedGraph_card_lt`:
  [(a b : V) → Fintype (a ⟶ b)]
consider restructuring your `variable` declarations so that the variables are not in scope or explicitly omit them:
  omit [(a b : V) → Fintype (a ⟶ b)] in theorem ...

Note: This linter can be disabled with `set_option linter.unusedSectionVars false`
warning: DifferentialGeometry/External/GrushkoNeumannTheorem/MarshallHall/GrushkoFoldStep.lean:1656:5: Variable name `M` is not explicitly referenced.

Hint: The binding can be removed (if unused) or named `_` (if used implicitly). Alternatively, prefix the name with `_` to silence this warning:
  [apply] _M

Note: This linter can be disabled with `set_option linter.unusedVariables false`
warning: DifferentialGeometry/External/GrushkoNeumannTheorem/MarshallHall/GrushkoFoldStep.lean:1658:5: Variable name `ha` is not explicitly referenced.

Hint: The binding can be removed (if unused) or named `_` (if used implicitly). Alternatively, prefix the name with `_` to silence this warning:
  [apply] _ha

Note: This linter can be disabled with `set_option linter.unusedVariables false`
warning: DifferentialGeometry/External/GrushkoNeumannTheorem/MarshallHall/GrushkoFoldStep.lean:1661:5: Variable name `hq` is not explicitly referenced.

Hint: The binding can be removed (if unused) or named `_` (if used implicitly). Alternatively, prefix the name with `_` to silence this warning:
  [apply] _hq

Note: This linter can be disabled with `set_option linter.unusedVariables false`
warning: DifferentialGeometry/External/GrushkoNeumannTheorem/MarshallHall/GrushkoFoldStep.lean:1655:0: `foldedMarkedGraph_card_lt` does not use the following hypothesis in its type:
  • [(a b : V) → Fintype (a ⟶ b)] (#9)

Consider replacing this hypothesis with the corresponding instance of `Finite` and using `Fintype.ofFinite` in the proof, or removing it entirely.

Note: This linter can be disabled with `set_option linter.unusedFintypeInType false`
warning: DifferentialGeometry/External/GrushkoNeumannTheorem/MarshallHall/GrushkoFoldStep.lean:1682:0: automatically included section variable(s) unused in theorem `MarshallHall.GeneralGrushko.foldSymmPathAvoid_or_occurrence`:
  [Fintype V]
  [(a b : V) → Fintype (a ⟶ b)]
consider restructuring your `variable` declarations so that the variables are not in scope or explicitly omit them:
  omit [Fintype V] [(a b : V) → Fintype (a ⟶ b)] in theorem ...

Note: This linter can be disabled with `set_option linter.unusedSectionVars false`
warning: DifferentialGeometry/External/GrushkoNeumannTheorem/MarshallHall/GrushkoFoldStep.lean:1682:0: `foldSymmPathAvoid_or_occurrence` does not use the following hypotheses in its type:
  • [Fintype V] (#2)
  • [(a b : V) → Fintype (a ⟶ b)] (#5)

Consider replacing these hypotheses with the corresponding instances of `Finite` and using `Fintype.ofFinite` in the proof, or removing them entirely.

Note: This linter can be disabled with `set_option linter.unusedFintypeInType false`
warning: DifferentialGeometry/External/GrushkoNeumannTheorem/MarshallHall/GrushkoFoldStep.lean:1706:0: `exists_safe_or_reused_fold_data` does not use the following hypotheses in its type:
  • [Fintype V] (#2)
  • [(a b : V) → Fintype (a ⟶ b)] (#5)

Consider replacing these hypotheses with the corresponding instances of `Finite` and using `Fintype.ofFinite` in the proof, or removing them entirely.

Note: This linter can be disabled with `set_option linter.unusedFintypeInType false`
warning: DifferentialGeometry/External/GrushkoNeumannTheorem/MarshallHall/GrushkoFoldStep.lean:1725:0: automatically included section variable(s) unused in theorem `MarshallHall.GeneralGrushko.safeFoldData_of_nullPath`:
  [Fintype V]
  [(a b : V) → Fintype (a ⟶ b)]
consider restructuring your `variable` declarations so that the variables are not in scope or explicitly omit them:
  omit [Fintype V] [(a b : V) → Fintype (a ⟶ b)] in theorem ...

Note: This linter can be disabled with `set_option linter.unusedSectionVars false`
warning: DifferentialGeometry/External/GrushkoNeumannTheorem/MarshallHall/GrushkoFoldStep.lean:1725:0: `safeFoldData_of_nullPath` does not use the following hypotheses in its type:
  • [Fintype V] (#2)
  • [(a b : V) → Fintype (a ⟶ b)] (#9)

Consider replacing these hypotheses with the corresponding instances of `Finite` and using `Fintype.ofFinite` in the proof, or removing them entirely.

Note: This linter can be disabled with `set_option linter.unusedFintypeInType false`
warning: DifferentialGeometry/External/GrushkoNeumannTheorem/MarshallHall/GrushkoFoldStep.lean:1749:0: `safeSymmFoldData_of_nullPath` does not use the following hypotheses in its type:
  • [Fintype V] (#2)
  • [(a b : V) → Fintype (a ⟶ b)] (#9)

Consider replacing these hypotheses with the corresponding instances of `Finite` and using `Fintype.ofFinite` in the proof, or removing them entirely.

Note: This linter can be disabled with `set_option linter.unusedFintypeInType false`
warning: DifferentialGeometry/External/GrushkoNeumannTheorem/MarshallHall/GrushkoFoldStep.lean:1810:4: `simp` already closes the goal

Hint: Use `simp` instead of `simpa`:
  [apply] simp [e₀]

Note: This linter can be disabled with `set_option linter.unnecessarySimpa false`
warning: DifferentialGeometry/External/GrushkoNeumannTheorem/MarshallHall/GrushkoFoldStep.lean:1813:4: `simp` already closes the goal

Hint: Use `simp` instead of `simpa`:
  [apply] simp [e₀]

Note: This linter can be disabled with `set_option linter.unnecessarySimpa false`
⚠ [20089/27662] Replayed DifferentialGeometry.External.GrushkoNeumannTheorem.MarshallHall.GrushkoEdge
warning: DifferentialGeometry/External/GrushkoNeumannTheorem/MarshallHall/GrushkoEdge.lean:51:2: Try this: 
  letI̵

The goal is a proposition, so `let` is preferred over `letI`.
The difference between `let` and `letI` is that `letI` inlines the value.
But this is not relevant for proofs because of proof irrelevance.

Note: This linter can be disabled with `set_option linter.style.haveILetI false`
warning: DifferentialGeometry/External/GrushkoNeumannTheorem/MarshallHall/GrushkoEdge.lean:52:2: Try this: 
  letI̵

The goal is a proposition, so `let` is preferred over `letI`.
The difference between `let` and `letI` is that `letI` inlines the value.
But this is not relevant for proofs because of proof irrelevance.

Note: This linter can be disabled with `set_option linter.style.haveILetI false`
warning: DifferentialGeometry/External/GrushkoNeumannTheorem/MarshallHall/GrushkoEdge.lean:53:2: Try this: 
  letI̵

The goal is a proposition, so `let` is preferred over `letI`.
The difference between `let` and `letI` is that `letI` inlines the value.
But this is not relevant for proofs because of proof irrelevance.

Note: This linter can be disabled with `set_option linter.style.haveILetI false`
warning: DifferentialGeometry/External/GrushkoNeumannTheorem/MarshallHall/GrushkoEdge.lean:54:2: Try this: 
  letI̵

The goal is a proposition, so `let` is preferred over `letI`.
The difference between `let` and `letI` is that `letI` inlines the value.
But this is not relevant for proofs because of proof irrelevance.

Note: This linter can be disabled with `set_option linter.style.haveILetI false`
warning: DifferentialGeometry/External/GrushkoNeumannTheorem/MarshallHall/GrushkoEdge.lean:77:5: Variable name `hfree` is not explicitly referenced.

Hint: The binding can be removed (if unused) or named `_` (if used implicitly). Alternatively, prefix the name with `_` to silence this warning:
  [apply] _hfree

Note: This linter can be disabled with `set_option linter.unusedVariables false`
warning: DifferentialGeometry/External/GrushkoNeumannTheorem/MarshallHall/GrushkoEdge.lean:189:0: automatically included section variable(s) unused in theorem `MarshallHall.GeneralGrushko.allArrowLabel_reverse`:
  [Fintype V]
  [(a b : V) → Fintype (a ⟶ b)]
consider restructuring your `variable` declarations so that the variables are not in scope or explicitly omit them:
  omit [Fintype V] [(a b : V) → Fintype (a ⟶ b)] in theorem ...

Note: This linter can be disabled with `set_option linter.unusedSectionVars false`
warning: DifferentialGeometry/External/GrushkoNeumannTheorem/MarshallHall/GrushkoEdge.lean:189:0: `allArrowLabel_reverse` does not use the following hypotheses in its type:
  • [Fintype V] (#6)
  • [(a b : V) → Fintype (a ⟶ b)] (#9)

Consider replacing these hypotheses with the corresponding instances of `Finite` and using `Fintype.ofFinite` in the proof, or removing them entirely.

Note: This linter can be disabled with `set_option linter.unusedFintypeInType false`
warning: DifferentialGeometry/External/GrushkoNeumannTheorem/MarshallHall/GrushkoEdge.lean:230:28: Variable name `h` is not explicitly referenced.

Hint: The binding can be removed (if unused) or named `_` (if used implicitly). Alternatively, prefix the name with `_` to silence this warning:
  [apply] _h

Note: This linter can be disabled with `set_option linter.unusedVariables false`
warning: DifferentialGeometry/External/GrushkoNeumannTheorem/MarshallHall/GrushkoEdge.lean:234:0: automatically included section variable(s) unused in theorem `MarshallHall.GeneralGrushko.padSeparated_contains_original`:
  [Group H]
consider restructuring your `variable` declarations so that the variables are not in scope or explicitly omit them:
  omit [Group H] in theorem ...

Note: This linter can be disabled with `set_option linter.unusedSectionVars false`
⚠ [20090/27662] Replayed DifferentialGeometry.External.GrushkoNeumannTheorem.MarshallHall.GrushkoRose
warning: DifferentialGeometry/External/GrushkoNeumannTheorem/MarshallHall/GrushkoRose.lean:42:8: automatically included section variable(s) unused in theorem `MarshallHall.GeneralGrushko.rosePosition_zero`:
  [Group G]
  [Group H]
consider restructuring your `variable` declarations so that the variables are not in scope or explicitly omit them:
  omit [Group G] [Group H] in theorem ...

Note: This linter can be disabled with `set_option linter.unusedSectionVars false`
warning: DifferentialGeometry/External/GrushkoNeumannTheorem/MarshallHall/GrushkoRose.lean:47:8: automatically included section variable(s) unused in theorem `MarshallHall.GeneralGrushko.rosePosition_last`:
  [Group G]
  [Group H]
consider restructuring your `variable` declarations so that the variables are not in scope or explicitly omit them:
  omit [Group G] [Group H] in theorem ...

Note: This linter can be disabled with `set_option linter.unusedSectionVars false`
warning: DifferentialGeometry/External/GrushkoNeumannTheorem/MarshallHall/GrushkoRose.lean:52:8: automatically included section variable(s) unused in theorem `MarshallHall.GeneralGrushko.rosePosition_interior`:
  [Group G]
  [Group H]
consider restructuring your `variable` declarations so that the variables are not in scope or explicitly omit them:
  omit [Group G] [Group H] in theorem ...

Note: This linter can be disabled with `set_option linter.unusedSectionVars false`
warning: DifferentialGeometry/External/GrushkoNeumannTheorem/MarshallHall/GrushkoRose.lean:78:0: automatically included section variable(s) unused in theorem `MarshallHall.GeneralGrushko.roseEdgeSource_flip`:
  [Group G]
  [Group H]
consider restructuring your `variable` declarations so that the variables are not in scope or explicitly omit them:
  omit [Group G] [Group H] in theorem ...

Note: This linter can be disabled with `set_option linter.unusedSectionVars false`
warning: DifferentialGeometry/External/GrushkoNeumannTheorem/MarshallHall/GrushkoRose.lean:85:0: automatically included section variable(s) unused in theorem `MarshallHall.GeneralGrushko.roseEdgeTarget_flip`:
  [Group G]
  [Group H]
consider restructuring your `variable` declarations so that the variables are not in scope or explicitly omit them:
  omit [Group G] [Group H] in theorem ...

Note: This linter can be disabled with `set_option linter.unusedSectionVars false`
warning: DifferentialGeometry/External/GrushkoNeumannTheorem/MarshallHall/GrushkoRose.lean:197:6: `simp` already closes the goal

Hint: Use `simp` instead of `simpa`:
  [apply] simp [roseLabelling, roseForwardArrow, roseEdgeLabel]

Note: This linter can be disabled with `set_option linter.unnecessarySimpa false`
warning: DifferentialGeometry/External/GrushkoNeumannTheorem/MarshallHall/GrushkoRose.lean:195:45: This simp argument is unused:
  List.append_assoc

Hint: Omit it from the simp argument list.
  [apply] simp only [BinaryLabelling.pathLabels]

Note: This linter can be disabled with `set_option linter.unusedSimpArgs false`
warning: DifferentialGeometry/External/GrushkoNeumannTheorem/MarshallHall/GrushkoRose.lean:198:43: Unused tactic linter: `omega` does nothing

Note: This linter can be disabled with `set_option linter.unusedTactic false`
warning: DifferentialGeometry/External/GrushkoNeumannTheorem/MarshallHall/GrushkoRose.lean:198:43: this tactic is never executed

Note: This linter can be disabled with `set_option linter.unreachableTactic false`
⚠ [20091/27662] Replayed DifferentialGeometry.External.GrushkoNeumannTheorem.MarshallHall.GrushkoInvariant
warning: DifferentialGeometry/External/GrushkoNeumannTheorem/MarshallHall/GrushkoInvariant.lean:87:0: automatically included section variable(s) unused in theorem `MarshallHall.GeneralGrushko.roseEdge_card`:
  [Group G]
  [Group H]
consider restructuring your `variable` declarations so that the variables are not in scope or explicitly omit them:
  omit [Group G] [Group H] in theorem ...

Note: This linter can be disabled with `set_option linter.unusedSectionVars false`
warning: DifferentialGeometry/External/GrushkoNeumannTheorem/MarshallHall/GrushkoInvariant.lean:96:0: automatically included section variable(s) unused in theorem `MarshallHall.GeneralGrushko.roseVertex_card`:
  [Group G]
  [Group H]
consider restructuring your `variable` declarations so that the variables are not in scope or explicitly omit them:
  omit [Group G] [Group H] in theorem ...

Note: This linter can be disabled with `set_option linter.unusedSectionVars false`
warning: DifferentialGeometry/External/GrushkoNeumannTheorem/MarshallHall/GrushkoInvariant.lean:103:0: automatically included section variable(s) unused in theorem `MarshallHall.GeneralGrushko.roseWords_length_le`:
  [Group G]
  [Group H]
consider restructuring your `variable` declarations so that the variables are not in scope or explicitly omit them:
  omit [Group G] [Group H] in theorem ...

Note: This linter can be disabled with `set_option linter.unusedSectionVars false`
warning: DifferentialGeometry/External/GrushkoNeumannTheorem/MarshallHall/GrushkoInvariant.lean:113:0: automatically included section variable(s) unused in theorem `MarshallHall.GeneralGrushko.roseAllArrow_card_eq_roseEdge_card`:
  [Group G]
  [Group H]
consider restructuring your `variable` declarations so that the variables are not in scope or explicitly omit them:
  omit [Group G] [Group H] in theorem ...

Note: This linter can be disabled with `set_option linter.unusedSectionVars false`
⚠ [20092/27662] Replayed DifferentialGeometry.External.GrushkoNeumannTheorem.MarshallHall.GrushkoReductionChain
warning: DifferentialGeometry/External/GrushkoNeumannTheorem/MarshallHall/GrushkoReductionChain.lean:11:0: Unscoped option maxHeartbeats is not allowed:
Please scope this to individual declarations, as in
```
set_option maxHeartbeats in
-- comment explaining why this is necessary
example : ... := ...
```

Note: This linter can be disabled with `set_option linter.style.setOption false`
warning: DifferentialGeometry/External/GrushkoNeumannTheorem/MarshallHall/GrushkoReductionChain.lean:43:5: Variable name `hV` is not explicitly referenced.

Hint: The binding can be removed (if unused) or named `_` (if used implicitly). Alternatively, prefix the name with `_` to silence this warning:
  [apply] _hV

Note: This linter can be disabled with `set_option linter.unusedVariables false`
warning: DifferentialGeometry/External/GrushkoNeumannTheorem/MarshallHall/GrushkoReductionChain.lean:44:5: Variable name `hHom` is not explicitly referenced.

Hint: The binding can be removed (if unused) or named `_` (if used implicitly). Alternatively, prefix the name with `_` to silence this warning:
  [apply] _hHom

Note: This linter can be disabled with `set_option linter.unusedVariables false`
warning: DifferentialGeometry/External/GrushkoNeumannTheorem/MarshallHall/GrushkoReductionChain.lean:73:5: Variable name `hV` is not explicitly referenced.

Hint: The binding can be removed (if unused) or named `_` (if used implicitly). Alternatively, prefix the name with `_` to silence this warning:
  [apply] _hV

Note: This linter can be disabled with `set_option linter.unusedVariables false`
warning: DifferentialGeometry/External/GrushkoNeumannTheorem/MarshallHall/GrushkoReductionChain.lean:74:5: Variable name `hHom` is not explicitly referenced.

Hint: The binding can be removed (if unused) or named `_` (if used implicitly). Alternatively, prefix the name with `_` to silence this warning:
  [apply] _hHom

Note: This linter can be disabled with `set_option linter.unusedVariables false`
warning: DifferentialGeometry/External/GrushkoNeumannTheorem/MarshallHall/GrushkoReductionChain.lean:209:10: Try this: 
  letI̵

The goal is a proposition, so `let` is preferred over `letI`.
The difference between `let` and `letI` is that `letI` inlines the value.
But this is not relevant for proofs because of proof irrelevance.

Note: This linter can be disabled with `set_option linter.style.haveILetI false`
warning: DifferentialGeometry/External/GrushkoNeumannTheorem/MarshallHall/GrushkoReductionChain.lean:210:10: Try this: 
  letI̵

The goal is a proposition, so `let` is preferred over `letI`.
The difference between `let` and `letI` is that `letI` inlines the value.
But this is not relevant for proofs because of proof irrelevance.

Note: This linter can be disabled with `set_option linter.style.haveILetI false`
warning: DifferentialGeometry/External/GrushkoNeumannTheorem/MarshallHall/GrushkoReductionChain.lean:212:10: Try this: 
  letI̵

The goal is a proposition, so `let` is preferred over `letI`.
The difference between `let` and `letI` is that `letI` inlines the value.
But this is not relevant for proofs because of proof irrelevance.

Note: This linter can be disabled with `set_option linter.style.haveILetI false`
warning: DifferentialGeometry/External/GrushkoNeumannTheorem/MarshallHall/GrushkoReductionChain.lean:214:10: Try this: 
  letI̵

The goal is a proposition, so `let` is preferred over `letI`.
The difference between `let` and `letI` is that `letI` inlines the value.
But this is not relevant for proofs because of proof irrelevance.

Note: This linter can be disabled with `set_option linter.style.haveILetI false`
warning: DifferentialGeometry/External/GrushkoNeumannTheorem/MarshallHall/GrushkoReductionChain.lean:225:2: Try this: 
  letI̵

The goal is a proposition, so `let` is preferred over `letI`.
The difference between `let` and `letI` is that `letI` inlines the value.
But this is not relevant for proofs because of proof irrelevance.

Note: This linter can be disabled with `set_option linter.style.haveILetI false`
warning: DifferentialGeometry/External/GrushkoNeumannTheorem/MarshallHall/GrushkoReductionChain.lean:228:2: Try this: 
  letI̵

The goal is a proposition, so `let` is preferred over `letI`.
The difference between `let` and `letI` is that `letI` inlines the value.
But this is not relevant for proofs because of proof irrelevance.

Note: This linter can be disabled with `set_option linter.style.haveILetI false`
warning: DifferentialGeometry/External/GrushkoNeumannTheorem/MarshallHall/GrushkoReductionChain.lean:232:2: Try this: 
  letI̵

The goal is a proposition, so `let` is preferred over `letI`.
The difference between `let` and `letI` is that `letI` inlines the value.
But this is not relevant for proofs because of proof irrelevance.

Note: This linter can be disabled with `set_option linter.style.haveILetI false`
warning: DifferentialGeometry/External/GrushkoNeumannTheorem/MarshallHall/GrushkoReductionChain.lean:236:2: Try this: 
  letI̵

The goal is a proposition, so `let` is preferred over `letI`.
The difference between `let` and `letI` is that `letI` inlines the value.
But this is not relevant for proofs because of proof irrelevance.

Note: This linter can be disabled with `set_option linter.style.haveILetI false`
⚠ [20093/27662] Replayed DifferentialGeometry.External.GrushkoNeumannTheorem.MarshallHall.GrushkoUnfold
warning: DifferentialGeometry/External/GrushkoNeumannTheorem/MarshallHall/GrushkoUnfold.lean:55:0: automatically included section variable(s) unused in theorem `MarshallHall.GeneralGrushko.unfoldOld_ne_new`:
  [Fintype V]
  [HasInvolutiveReverse V]
  [(a b : V) → Fintype (a ⟶ b)]
consider restructuring your `variable` declarations so that the variables are not in scope or explicitly omit them:
  omit [Fintype V] [HasInvolutiveReverse V] [(a b : V) → Fintype (a ⟶ b)] in theorem ...

Note: This linter can be disabled with `set_option linter.unusedSectionVars false`
warning: DifferentialGeometry/External/GrushkoNeumannTheorem/MarshallHall/GrushkoUnfold.lean:55:0: `unfoldOld_ne_new` does not use the following hypotheses in its type:
  • [Fintype V] (#2)
  • [(a b : V) → Fintype (a ⟶ b)] (#5)

Consider replacing these hypotheses with the corresponding instances of `Finite` and using `Fintype.ofFinite` in the proof, or removing them entirely.

Note: This linter can be disabled with `set_option linter.unusedFintypeInType false`
warning: DifferentialGeometry/External/GrushkoNeumannTheorem/MarshallHall/GrushkoUnfold.lean:59:0: `unfoldNew_ne_old` does not use the following hypotheses in its type:
  • [Fintype V] (#2)
  • [(a b : V) → Fintype (a ⟶ b)] (#5)

Consider replacing these hypotheses with the corresponding instances of `Finite` and using `Fintype.ofFinite` in the proof, or removing them entirely.

Note: This linter can be disabled with `set_option linter.unusedFintypeInType false`
warning: DifferentialGeometry/External/GrushkoNeumannTheorem/MarshallHall/GrushkoUnfold.lean:85:6: `simp [unfoldVertexAt, unfoldOld, hcol]` is a flexible tactic modifying `⊢`. Try `simp?` and use the suggested `simp only [...]`. Alternatively, use `suffices` to explicitly state the simplified form.

Note: This linter can be disabled with `set_option linter.flexible false`
info: DifferentialGeometry/External/GrushkoNeumannTheorem/MarshallHall/GrushkoUnfold.lean:85:6: Try this:
  [apply] simp only [Bool.true_eq_false, and_false, iff_false]
info: DifferentialGeometry/External/GrushkoNeumannTheorem/MarshallHall/GrushkoUnfold.lean:86:8: `exact (unfoldOld_ne_new a).symm`
modifies the current goal, which was modified by the flexible tactic `simp` on line 85!
warning: DifferentialGeometry/External/GrushkoNeumannTheorem/MarshallHall/GrushkoUnfold.lean:85:6: `simp [unfoldVertexAt, unfoldOld, hcol]` is a flexible tactic modifying `⊢`. Try `simp?` and use the suggested `simp only [...]`. Alternatively, use `suffices` to explicitly state the simplified form.

Note: This linter can be disabled with `set_option linter.flexible false`
info: DifferentialGeometry/External/GrushkoNeumannTheorem/MarshallHall/GrushkoUnfold.lean:85:6: Try this:
  [apply] simp only [Bool.false_eq_true, and_false, iff_false]
info: DifferentialGeometry/External/GrushkoNeumannTheorem/MarshallHall/GrushkoUnfold.lean:86:8: `exact (unfoldOld_ne_new a).symm`
modifies the current goal, which was modified by the flexible tactic `simp` on line 85!
warning: DifferentialGeometry/External/GrushkoNeumannTheorem/MarshallHall/GrushkoUnfold.lean:76:0: `unfoldVertexAt_eq_old_iff` does not use the following hypotheses in its type:
  • [Fintype V] (#6)
  • [(a b : V) → Fintype (a ⟶ b)] (#9)

Consider replacing these hypotheses with the corresponding instances of `Finite` and using `Fintype.ofFinite` in the proof, or removing them entirely.

Note: This linter can be disabled with `set_option linter.unusedFintypeInType false`
warning: DifferentialGeometry/External/GrushkoNeumannTheorem/MarshallHall/GrushkoUnfold.lean:98:6: `simp [unfoldVertexAt, unfoldNew, hcol]` is a flexible tactic modifying `⊢`. Try `simp?` and use the suggested `simp only [...]`. Alternatively, use `suffices` to explicitly state the simplified form.

Note: This linter can be disabled with `set_option linter.flexible false`
info: DifferentialGeometry/External/GrushkoNeumannTheorem/MarshallHall/GrushkoUnfold.lean:98:6: Try this:
  [apply] simp only [ne_eq, not_true_eq_false, and_false, iff_false]
info: DifferentialGeometry/External/GrushkoNeumannTheorem/MarshallHall/GrushkoUnfold.lean:99:8: `exact unfoldOld_ne_new a`
modifies the current goal, which was modified by the flexible tactic `simp` on line 98!
warning: DifferentialGeometry/External/GrushkoNeumannTheorem/MarshallHall/GrushkoUnfold.lean:98:6: `simp [unfoldVertexAt, unfoldNew, hcol]` is a flexible tactic modifying `⊢`. Try `simp?` and use the suggested `simp only [...]`. Alternatively, use `suffices` to explicitly state the simplified form.

Note: This linter can be disabled with `set_option linter.flexible false`
info: DifferentialGeometry/External/GrushkoNeumannTheorem/MarshallHall/GrushkoUnfold.lean:98:6: Try this:
  [apply] simp only [ne_eq, not_true_eq_false, and_false, iff_false]
info: DifferentialGeometry/External/GrushkoNeumannTheorem/MarshallHall/GrushkoUnfold.lean:99:8: `exact unfoldOld_ne_new a`
modifies the current goal, which was modified by the flexible tactic `simp` on line 98!
warning: DifferentialGeometry/External/GrushkoNeumannTheorem/MarshallHall/GrushkoUnfold.lean:89:0: `unfoldVertexAt_eq_new_iff` does not use the following hypotheses in its type:
  • [Fintype V] (#6)
  • [(a b : V) → Fintype (a ⟶ b)] (#9)

Consider replacing these hypotheses with the corresponding instances of `Finite` and using `Fintype.ofFinite` in the proof, or removing them entirely.

Note: This linter can be disabled with `set_option linter.unusedFintypeInType false`
warning: DifferentialGeometry/External/GrushkoNeumannTheorem/MarshallHall/GrushkoUnfold.lean:102:0: automatically included section variable(s) unused in theorem `MarshallHall.GeneralGrushko.unfoldVertexAt_of_ne`:
  [Fintype V]
  [(a b : V) → Fintype (a ⟶ b)]
consider restructuring your `variable` declarations so that the variables are not in scope or explicitly omit them:
  omit [Fintype V] [(a b : V) → Fintype (a ⟶ b)] in theorem ...

Note: This linter can be disabled with `set_option linter.unusedSectionVars false`
warning: DifferentialGeometry/External/GrushkoNeumannTheorem/MarshallHall/GrushkoUnfold.lean:102:0: `unfoldVertexAt_of_ne` does not use the following hypotheses in its type:
  • [Fintype V] (#6)
  • [(a b : V) → Fintype (a ⟶ b)] (#9)

Consider replacing these hypotheses with the corresponding instances of `Finite` and using `Fintype.ofFinite` in the proof, or removing them entirely.

Note: This linter can be disabled with `set_option linter.unusedFintypeInType false`
warning: DifferentialGeometry/External/GrushkoNeumannTheorem/MarshallHall/GrushkoUnfold.lean:109:0: `unfoldEdgeColor_reverse` does not use the following hypotheses in its type:
  • [Fintype V] (#6)
  • [(a b : V) → Fintype (a ⟶ b)] (#9)

Consider replacing these hypotheses with the corresponding instances of `Finite` and using `Fintype.ofFinite` in the proof, or removing them entirely.

Note: This linter can be disabled with `set_option linter.unusedFintypeInType false`
warning: DifferentialGeometry/External/GrushkoNeumannTheorem/MarshallHall/GrushkoUnfold.lean:120:19: Variable name `e₀` is not explicitly referenced.

Hint: The binding can be removed (if unused) or named `_` (if used implicitly). Alternatively, prefix the name with `_` to silence this warning:
  [apply] _e₀

Note: This linter can be disabled with `set_option linter.unusedVariables false`
warning: DifferentialGeometry/External/GrushkoNeumannTheorem/MarshallHall/GrushkoUnfold.lean:134:0: `unfoldEdgeReverse_reverse` does not use the following hypotheses in its type:
  • [Fintype V] (#2)
  • [(a b : V) → Fintype (a ⟶ b)] (#5)

Consider replacing these hypotheses with the corresponding instances of `Finite` and using `Fintype.ofFinite` in the proof, or removing them entirely.

Note: This linter can be disabled with `set_option linter.unusedFintypeInType false`
warning: DifferentialGeometry/External/GrushkoNeumannTheorem/MarshallHall/GrushkoUnfold.lean:165:0: `unfoldEdgeSource_reverse` does not use the following hypotheses in its type:
  • [Fintype V] (#6)
  • [(a b : V) → Fintype (a ⟶ b)] (#9)

Consider replacing these hypotheses with the corresponding instances of `Finite` and using `Fintype.ofFinite` in the proof, or removing them entirely.

Note: This linter can be disabled with `set_option linter.unusedFintypeInType false`
warning: DifferentialGeometry/External/GrushkoNeumannTheorem/MarshallHall/GrushkoUnfold.lean:176:0: `unfoldEdgeTarget_reverse` does not use the following hypotheses in its type:
  • [Fintype V] (#6)
  • [(a b : V) → Fintype (a ⟶ b)] (#9)

Consider replacing these hypotheses with the corresponding instances of `Finite` and using `Fintype.ofFinite` in the proof, or removing them entirely.

Note: This linter can be disabled with `set_option linter.unusedFintypeInType false`
warning: DifferentialGeometry/External/GrushkoNeumannTheorem/MarshallHall/GrushkoUnfold.lean:194:0: Definition `MarshallHall.GeneralGrushko.unfoldQuiverHomFintype` of class type is semireducible. Most type class instances should be instance-reducible, so consider marking this
definition with `@[instance_reducible]`. If it is intentionally semireducible, this warning can be disabled with `set_option warn.classDefReducibility false`.
warning: DifferentialGeometry/External/GrushkoNeumannTheorem/MarshallHall/GrushkoUnfold.lean:227:0: Definition `MarshallHall.GeneralGrushko.unfoldHasReverse` of class type is semireducible. Most type class instances should be instance-reducible, so consider marking this
definition with `@[instance_reducible]`. If it is intentionally semireducible, this warning can be disabled with `set_option warn.classDefReducibility false`.
warning: DifferentialGeometry/External/GrushkoNeumannTheorem/MarshallHall/GrushkoUnfold.lean:251:0: `unfoldEdgeLabel_reverse` does not use the following hypotheses in its type:
  • [Fintype V] (#6)
  • [(a b : V) → Fintype (a ⟶ b)] (#9)

Consider replacing these hypotheses with the corresponding instances of `Finite` and using `Fintype.ofFinite` in the proof, or removing them entirely.

Note: This linter can be disabled with `set_option linter.unusedFintypeInType false`
warning: DifferentialGeometry/External/GrushkoNeumannTheorem/MarshallHall/GrushkoUnfold.lean:287:0: `unfold_old_incident_color` does not use the following hypotheses in its type:
  • [Fintype V] (#6)
  • [(a b : V) → Fintype (a ⟶ b)] (#9)

Consider replacing these hypotheses with the corresponding instances of `Finite` and using `Fintype.ofFinite` in the proof, or removing them entirely.

Note: This linter can be disabled with `set_option linter.unusedFintypeInType false`
warning: DifferentialGeometry/External/GrushkoNeumannTheorem/MarshallHall/GrushkoUnfold.lean:334:0: automatically included section variable(s) unused in theorem `MarshallHall.GeneralGrushko.unfoldOriginalEdge_label`:
  [Fintype V]
  [(a b : V) → Fintype (a ⟶ b)]
consider restructuring your `variable` declarations so that the variables are not in scope or explicitly omit them:
  omit [Fintype V] [(a b : V) → Fintype (a ⟶ b)] in theorem ...

Note: This linter can be disabled with `set_option linter.unusedSectionVars false`
warning: DifferentialGeometry/External/GrushkoNeumannTheorem/MarshallHall/GrushkoUnfold.lean:334:0: `unfoldOriginalEdge_label` does not use the following hypotheses in its type:
  • [Fintype V] (#6)
  • [(a b : V) → Fintype (a ⟶ b)] (#9)

Consider replacing these hypotheses with the corresponding instances of `Finite` and using `Fintype.ofFinite` in the proof, or removing them entirely.

Note: This linter can be disabled with `set_option linter.unusedFintypeInType false`
warning: DifferentialGeometry/External/GrushkoNeumannTheorem/MarshallHall/GrushkoUnfold.lean:358:0: automatically included section variable(s) unused in theorem `MarshallHall.GeneralGrushko.unfoldOriginalEdgeAtColor_label`:
  [Fintype V]
  [(a b : V) → Fintype (a ⟶ b)]
consider restructuring your `variable` declarations so that the variables are not in scope or explicitly omit them:
  omit [Fintype V] [(a b : V) → Fintype (a ⟶ b)] in theorem ...

Note: This linter can be disabled with `set_option linter.unusedSectionVars false`
warning: DifferentialGeometry/External/GrushkoNeumannTheorem/MarshallHall/GrushkoUnfold.lean:358:0: `unfoldOriginalEdgeAtColor_label` does not use the following hypotheses in its type:
  • [Fintype V] (#6)
  • [(a b : V) → Fintype (a ⟶ b)] (#9)

Consider replacing these hypotheses with the corresponding instances of `Finite` and using `Fintype.ofFinite` in the proof, or removing them entirely.

Note: This linter can be disabled with `set_option linter.unusedFintypeInType false`
warning: DifferentialGeometry/External/GrushkoNeumannTheorem/MarshallHall/GrushkoUnfold.lean:408:2: Try this: 
  letI̵

The goal is a proposition, so `let` is preferred over `letI`.
The difference between `let` and `letI` is that `letI` inlines the value.
But this is not relevant for proofs because of proof irrelevance.

Note: This linter can be disabled with `set_option linter.style.haveILetI false`
warning: DifferentialGeometry/External/GrushkoNeumannTheorem/MarshallHall/GrushkoUnfold.lean:409:2: Try this: 
  letI̵

The goal is a proposition, so `let` is preferred over `letI`.
The difference between `let` and `letI` is that `letI` inlines the value.
But this is not relevant for proofs because of proof irrelevance.

Note: This linter can be disabled with `set_option linter.style.haveILetI false`
warning: DifferentialGeometry/External/GrushkoNeumannTheorem/MarshallHall/GrushkoUnfold.lean:436:0: automatically included section variable(s) unused in theorem `MarshallHall.GeneralGrushko.unfoldEdge_card`:
  [HasInvolutiveReverse V]
consider restructuring your `variable` declarations so that the variables are not in scope or explicitly omit them:
  omit [HasInvolutiveReverse V] in theorem ...

Note: This linter can be disabled with `set_option linter.unusedSectionVars false`
warning: DifferentialGeometry/External/GrushkoNeumannTheorem/MarshallHall/GrushkoUnfold.lean:482:4: `simp` already closes the goal

Hint: Use `simp` instead of `simpa`:
  [apply] simp

Note: This linter can be disabled with `set_option linter.unnecessarySimpa false`
warning: DifferentialGeometry/External/GrushkoNeumannTheorem/MarshallHall/GrushkoUnfold.lean:477:0: automatically included section variable(s) unused in theorem `MarshallHall.GeneralGrushko.unfoldVertex_card`:
  [HasInvolutiveReverse V]
  [(a b : V) → Fintype (a ⟶ b)]
consider restructuring your `variable` declarations so that the variables are not in scope or explicitly omit them:
  omit [HasInvolutiveReverse V] [(a b : V) → Fintype (a ⟶ b)] in theorem ...

Note: This linter can be disabled with `set_option linter.unusedSectionVars false`
warning: DifferentialGeometry/External/GrushkoNeumannTheorem/MarshallHall/GrushkoUnfold.lean:477:0: `unfoldVertex_card` does not use the following hypothesis in its type:
  • [(a b : V) → Fintype (a ⟶ b)] (#5)

Consider replacing this hypothesis with the corresponding instance of `Finite` and using `Fintype.ofFinite` in the proof, or removing it entirely.

Note: This linter can be disabled with `set_option linter.unusedFintypeInType false`
warning: DifferentialGeometry/External/GrushkoNeumannTheorem/MarshallHall/GrushkoUnfold.lean:535:2: Try this: 
  letI̵

The goal is a proposition, so `let` is preferred over `letI`.
The difference between `let` and `letI` is that `letI` inlines the value.
But this is not relevant for proofs because of proof irrelevance.

Note: This linter can be disabled with `set_option linter.style.haveILetI false`
warning: DifferentialGeometry/External/GrushkoNeumannTheorem/MarshallHall/GrushkoUnfold.lean:537:2: Try this: 
  letI̵

The goal is a proposition, so `let` is preferred over `letI`.
The difference between `let` and `letI` is that `letI` inlines the value.
But this is not relevant for proofs because of proof irrelevance.

Note: This linter can be disabled with `set_option linter.style.haveILetI false`
warning: DifferentialGeometry/External/GrushkoNeumannTheorem/MarshallHall/GrushkoUnfold.lean:538:2: Try this: 
  letI̵

The goal is a proposition, so `let` is preferred over `letI`.
The difference between `let` and `letI` is that `letI` inlines the value.
But this is not relevant for proofs because of proof irrelevance.

Note: This linter can be disabled with `set_option linter.style.haveILetI false`
warning: DifferentialGeometry/External/GrushkoNeumannTheorem/MarshallHall/GrushkoUnfold.lean:540:2: Try this: 
  letI̵

The goal is a proposition, so `let` is preferred over `letI`.
The difference between `let` and `letI` is that `letI` inlines the value.
But this is not relevant for proofs because of proof irrelevance.

Note: This linter can be disabled with `set_option linter.style.haveILetI false`
warning: DifferentialGeometry/External/GrushkoNeumannTheorem/MarshallHall/GrushkoUnfold.lean:645:2: Try this: 
  letI̵

The goal is a proposition, so `let` is preferred over `letI`.
The difference between `let` and `letI` is that `letI` inlines the value.
But this is not relevant for proofs because of proof irrelevance.

Note: This linter can be disabled with `set_option linter.style.haveILetI false`
warning: DifferentialGeometry/External/GrushkoNeumannTheorem/MarshallHall/GrushkoUnfold.lean:646:2: Try this: 
  letI̵

The goal is a proposition, so `let` is preferred over `letI`.
The difference between `let` and `letI` is that `letI` inlines the value.
But this is not relevant for proofs because of proof irrelevance.

Note: This linter can be disabled with `set_option linter.style.haveILetI false`
warning: DifferentialGeometry/External/GrushkoNeumannTheorem/MarshallHall/GrushkoUnfold.lean:660:2: Try this: 
  letI̵

The goal is a proposition, so `let` is preferred over `letI`.
The difference between `let` and `letI` is that `letI` inlines the value.
But this is not relevant for proofs because of proof irrelevance.

Note: This linter can be disabled with `set_option linter.style.haveILetI false`
warning: DifferentialGeometry/External/GrushkoNeumannTheorem/MarshallHall/GrushkoUnfold.lean:661:2: Try this: 
  letI̵

The goal is a proposition, so `let` is preferred over `letI`.
The difference between `let` and `letI` is that `letI` inlines the value.
But this is not relevant for proofs because of proof irrelevance.

Note: This linter can be disabled with `set_option linter.style.haveILetI false`
warning: DifferentialGeometry/External/GrushkoNeumannTheorem/MarshallHall/GrushkoUnfold.lean:667:21: This simp argument is unused:
  separatedMap_factorWordInv

Hint: Omit it from the simp argument list.
  [apply] simp [unfoldDuplicateForward, unfoldBaseReverseEdge, unfoldLabelling, unfoldEdgeLabel]

Note: This linter can be disabled with `set_option linter.unusedSimpArgs false`
warning: DifferentialGeometry/External/GrushkoNeumannTheorem/MarshallHall/GrushkoUnfold.lean:666:2: `simp [unfoldDuplicateForward, unfoldBaseReverseEdge, unfoldLabelling,
    unfoldEdgeLabel, separatedMap_factorWordInv]` is a flexible tactic modifying `⊢`. Try `simp?` and use the suggested `simp only [...]`. Alternatively, use `suffices` to explicitly state the simplified form.

Note: This linter can be disabled with `set_option linter.flexible false`
info: DifferentialGeometry/External/GrushkoNeumannTheorem/MarshallHall/GrushkoUnfold.lean:668:2: `change separatedMap (allArrowLabel L e₀) * separatedMap (allArrowLabel L (allArrowReverse e₀)) = 1`
modifies the current goal, which was modified by the flexible tactic `simp` on line 666!
warning: DifferentialGeometry/External/GrushkoNeumannTheorem/MarshallHall/GrushkoUnfold.lean:666:2: `simp [unfoldDuplicateForward, unfoldBaseReverseEdge, unfoldLabelling,
    unfoldEdgeLabel, separatedMap_factorWordInv]` is a flexible tactic modifying `⊢`. Try `simp?` and use the suggested `simp only [...]`. Alternatively, use `suffices` to explicitly state the simplified form.

Note: This linter can be disabled with `set_option linter.flexible false`
info: DifferentialGeometry/External/GrushkoNeumannTheorem/MarshallHall/GrushkoUnfold.lean:670:2: `rw [allArrowLabel_reverse]`
modifies the current goal, which was modified by the flexible tactic `simp` on line 666!
warning: DifferentialGeometry/External/GrushkoNeumannTheorem/MarshallHall/GrushkoUnfold.lean:679:0: automatically included section variable(s) unused in theorem `MarshallHall.GeneralGrushko.unfoldCanonical_eq_old`:
  [Fintype V]
  [HasInvolutiveReverse V]
  [(a b : V) → Fintype (a ⟶ b)]
consider restructuring your `variable` declarations so that the variables are not in scope or explicitly omit them:
  omit [Fintype V] [HasInvolutiveReverse V] [(a b : V) → Fintype (a ⟶ b)] in theorem ...

Note: This linter can be disabled with `set_option linter.unusedSectionVars false`
warning: DifferentialGeometry/External/GrushkoNeumannTheorem/MarshallHall/GrushkoUnfold.lean:679:0: `unfoldCanonical_eq_old` does not use the following hypotheses in its type:
  • [Fintype V] (#2)
  • [(a b : V) → Fintype (a ⟶ b)] (#5)

Consider replacing these hypotheses with the corresponding instances of `Finite` and using `Fintype.ofFinite` in the proof, or removing them entirely.

Note: This linter can be disabled with `set_option linter.unusedFintypeInType false`
warning: DifferentialGeometry/External/GrushkoNeumannTheorem/MarshallHall/GrushkoUnfold.lean:683:0: automatically included section variable(s) unused in theorem `MarshallHall.GeneralGrushko.unfoldCanonical_eq_vertexAt_of_ne`:
  [Fintype V]
  [(a b : V) → Fintype (a ⟶ b)]
consider restructuring your `variable` declarations so that the variables are not in scope or explicitly omit them:
  omit [Fintype V] [(a b : V) → Fintype (a ⟶ b)] in theorem ...

Note: This linter can be disabled with `set_option linter.unusedSectionVars false`
warning: DifferentialGeometry/External/GrushkoNeumannTheorem/MarshallHall/GrushkoUnfold.lean:683:0: `unfoldCanonical_eq_vertexAt_of_ne` does not use the following hypotheses in its type:
  • [Fintype V] (#6)
  • [(a b : V) → Fintype (a ⟶ b)] (#9)

Consider replacing these hypotheses with the corresponding instances of `Finite` and using `Fintype.ofFinite` in the proof, or removing them entirely.

Note: This linter can be disabled with `set_option linter.unusedFintypeInType false`
warning: DifferentialGeometry/External/GrushkoNeumannTheorem/MarshallHall/GrushkoUnfold.lean:691:0: `unfoldVertexAt_eq_new_of_ne_color` does not use the following hypotheses in its type:
  • [Fintype V] (#6)
  • [(a b : V) → Fintype (a ⟶ b)] (#9)

Consider replacing these hypotheses with the corresponding instances of `Finite` and using `Fintype.ofFinite` in the proof, or removing them entirely.

Note: This linter can be disabled with `set_option linter.unusedFintypeInType false`
warning: DifferentialGeometry/External/GrushkoNeumannTheorem/MarshallHall/GrushkoUnfold.lean:830:2: Try this: 
  letI̵

The goal is a proposition, so `let` is preferred over `letI`.
The difference between `let` and `letI` is that `letI` inlines the value.
But this is not relevant for proofs because of proof irrelevance.

Note: This linter can be disabled with `set_option linter.style.haveILetI false`
warning: DifferentialGeometry/External/GrushkoNeumannTheorem/MarshallHall/GrushkoUnfold.lean:831:2: Try this: 
  letI̵

The goal is a proposition, so `let` is preferred over `letI`.
The difference between `let` and `letI` is that `letI` inlines the value.
But this is not relevant for proofs because of proof irrelevance.

Note: This linter can be disabled with `set_option linter.style.haveILetI false`
warning: DifferentialGeometry/External/GrushkoNeumannTheorem/MarshallHall/GrushkoUnfold.lean:834:29: This simp argument is unused:
  unfoldCanonical_eq_vertexAt_of_ne

Hint: Omit it from the simp argument list.
  [apply] simp [unfoldPrePath, hx, BinaryLabelling.pathRead_cast]

Note: This linter can be disabled with `set_option linter.unusedSimpArgs false`
warning: DifferentialGeometry/External/GrushkoNeumannTheorem/MarshallHall/GrushkoUnfold.lean:841:39: This simp argument is unused:
  unfoldCanonical_eq_old

Hint: Omit it from the simp argument list.
  [apply] simp [unfoldPrePath, hx, hcolor, BinaryLabelling.pathRead_cast]

Note: This linter can be disabled with `set_option linter.unusedSimpArgs false`
warning: DifferentialGeometry/External/GrushkoNeumannTheorem/MarshallHall/GrushkoUnfold.lean:843:39: This simp argument is unused:
  unfoldCanonical_eq_old

Hint: Omit it from the simp argument list.
  [apply] simp [unfoldPrePath, hx, hcolor, BinaryLabelling.pathRead_cast, unfoldSwitchOldNew_read]

Note: This linter can be disabled with `set_option linter.unusedSimpArgs false`
warning: DifferentialGeometry/External/GrushkoNeumannTheorem/MarshallHall/GrushkoUnfold.lean:852:2: Try this: 
  letI̵

The goal is a proposition, so `let` is preferred over `letI`.
The difference between `let` and `letI` is that `letI` inlines the value.
But this is not relevant for proofs because of proof irrelevance.

Note: This linter can be disabled with `set_option linter.style.haveILetI false`
warning: DifferentialGeometry/External/GrushkoNeumannTheorem/MarshallHall/GrushkoUnfold.lean:853:2: Try this: 
  letI̵

The goal is a proposition, so `let` is preferred over `letI`.
The difference between `let` and `letI` is that `letI` inlines the value.
But this is not relevant for proofs because of proof irrelevance.

Note: This linter can be disabled with `set_option linter.style.haveILetI false`
warning: DifferentialGeometry/External/GrushkoNeumannTheorem/MarshallHall/GrushkoUnfold.lean:856:30: This simp argument is unused:
  unfoldCanonical_eq_vertexAt_of_ne

Hint: Omit it from the simp argument list.
  [apply] simp [unfoldPostPath, hy, BinaryLabelling.pathRead_cast]

Note: This linter can be disabled with `set_option linter.unusedSimpArgs false`
warning: DifferentialGeometry/External/GrushkoNeumannTheorem/MarshallHall/GrushkoUnfold.lean:863:40: This simp argument is unused:
  unfoldCanonical_eq_old

Hint: Omit it from the simp argument list.
  [apply] simp [unfoldPostPath, hy, hcolor, BinaryLabelling.pathRead_cast]

Note: This linter can be disabled with `set_option linter.unusedSimpArgs false`
warning: DifferentialGeometry/External/GrushkoNeumannTheorem/MarshallHall/GrushkoUnfold.lean:865:40: This simp argument is unused:
  unfoldCanonical_eq_old

Hint: Omit it from the simp argument list.
  [apply] simp [unfoldPostPath, hy, hcolor, BinaryLabelling.pathRead_cast, unfoldSwitchNewOld_read]

Note: This linter can be disabled with `set_option linter.unusedSimpArgs false`
warning: DifferentialGeometry/External/GrushkoNeumannTheorem/MarshallHall/GrushkoUnfold.lean:875:2: Try this: 
  letI̵

The goal is a proposition, so `let` is preferred over `letI`.
The difference between `let` and `letI` is that `letI` inlines the value.
But this is not relevant for proofs because of proof irrelevance.

Note: This linter can be disabled with `set_option linter.style.haveILetI false`
warning: DifferentialGeometry/External/GrushkoNeumannTheorem/MarshallHall/GrushkoUnfold.lean:876:2: Try this: 
  letI̵

The goal is a proposition, so `let` is preferred over `letI`.
The difference between `let` and `letI` is that `letI` inlines the value.
But this is not relevant for proofs because of proof irrelevance.

Note: This linter can be disabled with `set_option linter.style.haveILetI false`
warning: DifferentialGeometry/External/GrushkoNeumannTheorem/MarshallHall/GrushkoUnfold.lean:910:2: Try this: 
  letI̵

The goal is a proposition, so `let` is preferred over `letI`.
The difference between `let` and `letI` is that `letI` inlines the value.
But this is not relevant for proofs because of proof irrelevance.

Note: This linter can be disabled with `set_option linter.style.haveILetI false`
warning: DifferentialGeometry/External/GrushkoNeumannTheorem/MarshallHall/GrushkoUnfold.lean:911:2: Try this: 
  letI̵

The goal is a proposition, so `let` is preferred over `letI`.
The difference between `let` and `letI` is that `letI` inlines the value.
But this is not relevant for proofs because of proof irrelevance.

Note: This linter can be disabled with `set_option linter.style.haveILetI false`
warning: DifferentialGeometry/External/GrushkoNeumannTheorem/MarshallHall/GrushkoUnfold.lean:968:2: Try this: 
  letI̵

The goal is a proposition, so `let` is preferred over `letI`.
The difference between `let` and `letI` is that `letI` inlines the value.
But this is not relevant for proofs because of proof irrelevance.

Note: This linter can be disabled with `set_option linter.style.haveILetI false`
warning: DifferentialGeometry/External/GrushkoNeumannTheorem/MarshallHall/GrushkoUnfold.lean:969:2: Try this: 
  letI̵

The goal is a proposition, so `let` is preferred over `letI`.
The difference between `let` and `letI` is that `letI` inlines the value.
But this is not relevant for proofs because of proof irrelevance.

Note: This linter can be disabled with `set_option linter.style.haveILetI false`
warning: DifferentialGeometry/External/GrushkoNeumannTheorem/MarshallHall/GrushkoUnfold.lean:992:2: Try this: 
  letI̵

The goal is a proposition, so `let` is preferred over `letI`.
The difference between `let` and `letI` is that `letI` inlines the value.
But this is not relevant for proofs because of proof irrelevance.

Note: This linter can be disabled with `set_option linter.style.haveILetI false`
warning: DifferentialGeometry/External/GrushkoNeumannTheorem/MarshallHall/GrushkoUnfold.lean:993:2: Try this: 
  letI̵

The goal is a proposition, so `let` is preferred over `letI`.
The difference between `let` and `letI` is that `letI` inlines the value.
But this is not relevant for proofs because of proof irrelevance.

Note: This linter can be disabled with `set_option linter.style.haveILetI false`
warning: DifferentialGeometry/External/GrushkoNeumannTheorem/MarshallHall/GrushkoUnfold.lean:998:8: This simp argument is unused:
  BinaryLabelling.pathLabels

Hint: Omit it from the simp argument list.
  [apply] simp [unfoldSymmLiftPath, BinaryLabelling.pathRead, BinaryLabelling.symmPathRead,
    BinaryLabelling.symmPathLabels, factorWordProd]

Note: This linter can be disabled with `set_option linter.unusedSimpArgs false`
warning: DifferentialGeometry/External/GrushkoNeumannTheorem/MarshallHall/GrushkoUnfold.lean:1080:2: Try this: 
  letI̵

The goal is a proposition, so `let` is preferred over `letI`.
The difference between `let` and `letI` is that `letI` inlines the value.
But this is not relevant for proofs because of proof irrelevance.

Note: This linter can be disabled with `set_option linter.style.haveILetI false`
warning: DifferentialGeometry/External/GrushkoNeumannTheorem/MarshallHall/GrushkoUnfold.lean:1081:2: Try this: 
  letI̵

The goal is a proposition, so `let` is preferred over `letI`.
The difference between `let` and `letI` is that `letI` inlines the value.
But this is not relevant for proofs because of proof irrelevance.

Note: This linter can be disabled with `set_option linter.style.haveILetI false`
warning: DifferentialGeometry/External/GrushkoNeumannTheorem/MarshallHall/GrushkoUnfold.lean:1086:38: This simp argument is unused:
  BinaryLabelling.pathLabels

Hint: Omit it from the simp argument list.
  [apply] simp [unfoldSymmMonochromaticPath, BinaryLabelling.pathRead, BinaryLabelling.symmPathRead,
    BinaryLabelling.symmPathLabels, factorWordProd]

Note: This linter can be disabled with `set_option linter.unusedSimpArgs false`
warning: DifferentialGeometry/External/GrushkoNeumannTheorem/MarshallHall/GrushkoUnfold.lean:1170:2: Try this: 
  letI̵

The goal is a proposition, so `let` is preferred over `letI`.
The difference between `let` and `letI` is that `letI` inlines the value.
But this is not relevant for proofs because of proof irrelevance.

Note: This linter can be disabled with `set_option linter.style.haveILetI false`
warning: DifferentialGeometry/External/GrushkoNeumannTheorem/MarshallHall/GrushkoUnfold.lean:1171:2: Try this: 
  letI̵

The goal is a proposition, so `let` is preferred over `letI`.
The difference between `let` and `letI` is that `letI` inlines the value.
But this is not relevant for proofs because of proof irrelevance.

Note: This linter can be disabled with `set_option linter.style.haveILetI false`
warning: DifferentialGeometry/External/GrushkoNeumannTheorem/MarshallHall/GrushkoUnfold.lean:1205:4: Try this: 
  letI̵

The goal is a proposition, so `let` is preferred over `letI`.
The difference between `let` and `letI` is that `letI` inlines the value.
But this is not relevant for proofs because of proof irrelevance.

Note: This linter can be disabled with `set_option linter.style.haveILetI false`
warning: DifferentialGeometry/External/GrushkoNeumannTheorem/MarshallHall/GrushkoUnfold.lean:1191:0: automatically included section variable(s) unused in theorem `MarshallHall.GeneralGrushko.unfoldPathEdges_comp`:
  [Fintype V]
  [(a b : V) → Fintype (a ⟶ b)]
consider restructuring your `variable` declarations so that the variables are not in scope or explicitly omit them:
  omit [Fintype V] [(a b : V) → Fintype (a ⟶ b)] in theorem ...

Note: This linter can be disabled with `set_option linter.unusedSectionVars false`
warning: DifferentialGeometry/External/GrushkoNeumannTheorem/MarshallHall/GrushkoUnfold.lean:1191:0: `unfoldPathEdges_comp` does not use the following hypotheses in its type:
  • [Fintype V] (#6)
  • [(a b : V) → Fintype (a ⟶ b)] (#9)

Consider replacing these hypotheses with the corresponding instances of `Finite` and using `Fintype.ofFinite` in the proof, or removing them entirely.

Note: This linter can be disabled with `set_option linter.unusedFintypeInType false`
warning: DifferentialGeometry/External/GrushkoNeumannTheorem/MarshallHall/GrushkoUnfold.lean:1225:2: Try this: 
  letI̵

The goal is a proposition, so `let` is preferred over `letI`.
The difference between `let` and `letI` is that `letI` inlines the value.
But this is not relevant for proofs because of proof irrelevance.

Note: This linter can be disabled with `set_option linter.style.haveILetI false`
warning: DifferentialGeometry/External/GrushkoNeumannTheorem/MarshallHall/GrushkoUnfold.lean:1226:2: Try this: 
  letI̵

The goal is a proposition, so `let` is preferred over `letI`.
The difference between `let` and `letI` is that `letI` inlines the value.
But this is not relevant for proofs because of proof irrelevance.

Note: This linter can be disabled with `set_option linter.style.haveILetI false`
warning: DifferentialGeometry/External/GrushkoNeumannTheorem/MarshallHall/GrushkoUnfold.lean:1243:0: automatically included section variable(s) unused in theorem `MarshallHall.GeneralGrushko.unfoldMonochromaticPath_edges_original`:
  [Fintype V]
  [(a b : V) → Fintype (a ⟶ b)]
consider restructuring your `variable` declarations so that the variables are not in scope or explicitly omit them:
  omit [Fintype V] [(a b : V) → Fintype (a ⟶ b)] in theorem ...

Note: This linter can be disabled with `set_option linter.unusedSectionVars false`
warning: DifferentialGeometry/External/GrushkoNeumannTheorem/MarshallHall/GrushkoUnfold.lean:1243:0: `unfoldMonochromaticPath_edges_original` does not use the following hypotheses in its type:
  • [Fintype V] (#6)
  • [(a b : V) → Fintype (a ⟶ b)] (#9)

Consider replacing these hypotheses with the corresponding instances of `Finite` and using `Fintype.ofFinite` in the proof, or removing them entirely.

Note: This linter can be disabled with `set_option linter.unusedFintypeInType false`
warning: DifferentialGeometry/External/GrushkoNeumannTheorem/MarshallHall/GrushkoUnfold.lean:1284:2: Try this: 
  letI̵

The goal is a proposition, so `let` is preferred over `letI`.
The difference between `let` and `letI` is that `letI` inlines the value.
But this is not relevant for proofs because of proof irrelevance.

Note: This linter can be disabled with `set_option linter.style.haveILetI false`
warning: DifferentialGeometry/External/GrushkoNeumannTheorem/MarshallHall/GrushkoUnfold.lean:1285:2: Try this: 
  letI̵

The goal is a proposition, so `let` is preferred over `letI`.
The difference between `let` and `letI` is that `letI` inlines the value.
But this is not relevant for proofs because of proof irrelevance.

Note: This linter can be disabled with `set_option linter.style.haveILetI false`
warning: DifferentialGeometry/External/GrushkoNeumannTheorem/MarshallHall/GrushkoUnfold.lean:1367:2: Try this: 
  letI̵

The goal is a proposition, so `let` is preferred over `letI`.
The difference between `let` and `letI` is that `letI` inlines the value.
But this is not relevant for proofs because of proof irrelevance.

Note: This linter can be disabled with `set_option linter.style.haveILetI false`
warning: DifferentialGeometry/External/GrushkoNeumannTheorem/MarshallHall/GrushkoUnfold.lean:1368:2: Try this: 
  letI̵

The goal is a proposition, so `let` is preferred over `letI`.
The difference between `let` and `letI` is that `letI` inlines the value.
But this is not relevant for proofs because of proof irrelevance.

Note: This linter can be disabled with `set_option linter.style.haveILetI false`
warning: DifferentialGeometry/External/GrushkoNeumannTheorem/MarshallHall/GrushkoUnfold.lean:1449:2: Try this: 
  letI̵

The goal is a proposition, so `let` is preferred over `letI`.
The difference between `let` and `letI` is that `letI` inlines the value.
But this is not relevant for proofs because of proof irrelevance.

Note: This linter can be disabled with `set_option linter.style.haveILetI false`
warning: DifferentialGeometry/External/GrushkoNeumannTheorem/MarshallHall/GrushkoUnfold.lean:1450:2: Try this: 
  letI̵

The goal is a proposition, so `let` is preferred over `letI`.
The difference between `let` and `letI` is that `letI` inlines the value.
But this is not relevant for proofs because of proof irrelevance.

Note: This linter can be disabled with `set_option linter.style.haveILetI false`
warning: DifferentialGeometry/External/GrushkoNeumannTheorem/MarshallHall/GrushkoUnfold.lean:1508:2: Try this: 
  letI̵

The goal is a proposition, so `let` is preferred over `letI`.
The difference between `let` and `letI` is that `letI` inlines the value.
But this is not relevant for proofs because of proof irrelevance.

Note: This linter can be disabled with `set_option linter.style.haveILetI false`
warning: DifferentialGeometry/External/GrushkoNeumannTheorem/MarshallHall/GrushkoUnfold.lean:1509:2: Try this: 
  letI̵

The goal is a proposition, so `let` is preferred over `letI`.
The difference between `let` and `letI` is that `letI` inlines the value.
But this is not relevant for proofs because of proof irrelevance.

Note: This linter can be disabled with `set_option linter.style.haveILetI false`
warning: DifferentialGeometry/External/GrushkoNeumannTheorem/MarshallHall/GrushkoUnfold.lean:1527:5: Variable name `hq` is not explicitly referenced.

Hint: The binding can be removed (if unused) or named `_` (if used implicitly). Alternatively, prefix the name with `_` to silence this warning:
  [apply] _hq

Note: This linter can be disabled with `set_option linter.unusedVariables false`
warning: DifferentialGeometry/External/GrushkoNeumannTheorem/MarshallHall/GrushkoUnfold.lean:1520:0: `unfoldDuplicateFoldPath_target_eq_old` does not use the following hypotheses in its type:
  • [Fintype V] (#6)
  • [(a b : V) → Fintype (a ⟶ b)] (#9)

Consider replacing these hypotheses with the corresponding instances of `Finite` and using `Fintype.ofFinite` in the proof, or removing them entirely.

Note: This linter can be disabled with `set_option linter.unusedFintypeInType false`
warning: DifferentialGeometry/External/GrushkoNeumannTheorem/MarshallHall/GrushkoUnfold.lean:1572:2: Try this: 
  letI̵

The goal is a proposition, so `let` is preferred over `letI`.
The difference between `let` and `letI` is that `letI` inlines the value.
But this is not relevant for proofs because of proof irrelevance.

Note: This linter can be disabled with `set_option linter.style.haveILetI false`
warning: DifferentialGeometry/External/GrushkoNeumannTheorem/MarshallHall/GrushkoUnfold.lean:1574:2: Try this: 
  letI̵

The goal is a proposition, so `let` is preferred over `letI`.
The difference between `let` and `letI` is that `letI` inlines the value.
But this is not relevant for proofs because of proof irrelevance.

Note: This linter can be disabled with `set_option linter.style.haveILetI false`
warning: DifferentialGeometry/External/GrushkoNeumannTheorem/MarshallHall/GrushkoUnfold.lean:1633:2: Try this: 
  letI̵

The goal is a proposition, so `let` is preferred over `letI`.
The difference between `let` and `letI` is that `letI` inlines the value.
But this is not relevant for proofs because of proof irrelevance.

Note: This linter can be disabled with `set_option linter.style.haveILetI false`
warning: DifferentialGeometry/External/GrushkoNeumannTheorem/MarshallHall/GrushkoUnfold.lean:1635:2: Try this: 
  letI̵

The goal is a proposition, so `let` is preferred over `letI`.
The difference between `let` and `letI` is that `letI` inlines the value.
But this is not relevant for proofs because of proof irrelevance.

Note: This linter can be disabled with `set_option linter.style.haveILetI false`
warning: DifferentialGeometry/External/GrushkoNeumannTheorem/MarshallHall/GrushkoUnfold.lean:1730:2: Try this: 
  letI̵

The goal is a proposition, so `let` is preferred over `letI`.
The difference between `let` and `letI` is that `letI` inlines the value.
But this is not relevant for proofs because of proof irrelevance.

Note: This linter can be disabled with `set_option linter.style.haveILetI false`
warning: DifferentialGeometry/External/GrushkoNeumannTheorem/MarshallHall/GrushkoUnfold.lean:1732:2: Try this: 
  letI̵

The goal is a proposition, so `let` is preferred over `letI`.
The difference between `let` and `letI` is that `letI` inlines the value.
But this is not relevant for proofs because of proof irrelevance.

Note: This linter can be disabled with `set_option linter.style.haveILetI false`
warning: DifferentialGeometry/External/GrushkoNeumannTheorem/MarshallHall/GrushkoUnfold.lean:1790:2: Try this: 
  letI̵

The goal is a proposition, so `let` is preferred over `letI`.
The difference between `let` and `letI` is that `letI` inlines the value.
But this is not relevant for proofs because of proof irrelevance.

Note: This linter can be disabled with `set_option linter.style.haveILetI false`
warning: DifferentialGeometry/External/GrushkoNeumannTheorem/MarshallHall/GrushkoUnfold.lean:1792:2: Try this: 
  letI̵

The goal is a proposition, so `let` is preferred over `letI`.
The difference between `let` and `letI` is that `letI` inlines the value.
But this is not relevant for proofs because of proof irrelevance.

Note: This linter can be disabled with `set_option linter.style.haveILetI false`
warning: DifferentialGeometry/External/GrushkoNeumannTheorem/MarshallHall/GrushkoUnfold.lean:1801:0: `unfoldNew_ne_sourceAt_color` does not use the following hypotheses in its type:
  • [Fintype V] (#6)
  • [(a b : V) → Fintype (a ⟶ b)] (#9)

Consider replacing these hypotheses with the corresponding instances of `Finite` and using `Fintype.ofFinite` in the proof, or removing them entirely.

Note: This linter can be disabled with `set_option linter.unusedFintypeInType false`
warning: DifferentialGeometry/External/GrushkoNeumannTheorem/MarshallHall/GrushkoUnfold.lean:1816:0: `unfoldNew_ne_vertexAt_of_ne_source` does not use the following hypotheses in its type:
  • [Fintype V] (#6)
  • [(a b : V) → Fintype (a ⟶ b)] (#9)

Consider replacing these hypotheses with the corresponding instances of `Finite` and using `Fintype.ofFinite` in the proof, or removing them entirely.

Note: This linter can be disabled with `set_option linter.unusedFintypeInType false`
warning: DifferentialGeometry/External/GrushkoNeumannTheorem/MarshallHall/GrushkoUnfold.lean:1886:2: Try this: 
  letI̵

The goal is a proposition, so `let` is preferred over `letI`.
The difference between `let` and `letI` is that `letI` inlines the value.
But this is not relevant for proofs because of proof irrelevance.

Note: This linter can be disabled with `set_option linter.style.haveILetI false`
warning: DifferentialGeometry/External/GrushkoNeumannTheorem/MarshallHall/GrushkoUnfold.lean:1888:2: Try this: 
  letI̵

The goal is a proposition, so `let` is preferred over `letI`.
The difference between `let` and `letI` is that `letI` inlines the value.
But this is not relevant for proofs because of proof irrelevance.

Note: This linter can be disabled with `set_option linter.style.haveILetI false`
warning: DifferentialGeometry/External/GrushkoNeumannTheorem/MarshallHall/GrushkoUnfold.lean:1890:2: Try this: 
  letI̵

The goal is a proposition, so `let` is preferred over `letI`.
The difference between `let` and `letI` is that `letI` inlines the value.
But this is not relevant for proofs because of proof irrelevance.

Note: This linter can be disabled with `set_option linter.style.haveILetI false`
warning: DifferentialGeometry/External/GrushkoNeumannTheorem/MarshallHall/GrushkoUnfold.lean:1892:2: Try this: 
  letI̵

The goal is a proposition, so `let` is preferred over `letI`.
The difference between `let` and `letI` is that `letI` inlines the value.
But this is not relevant for proofs because of proof irrelevance.

Note: This linter can be disabled with `set_option linter.style.haveILetI false`
⚠ [20094/27662] Replayed DifferentialGeometry.External.GrushkoNeumannTheorem.MarshallHall.GrushkoRemove
warning: DifferentialGeometry/External/GrushkoNeumannTheorem/MarshallHall/GrushkoRemove.lean:132:62: This simp argument is unused:
  mul_assoc

Hint: Omit it from the simp argument list.
  [apply] simp_all [factorMul, factorWordInv]

Note: This linter can be disabled with `set_option linter.unusedSimpArgs false`
warning: DifferentialGeometry/External/GrushkoNeumannTheorem/MarshallHall/GrushkoRemove.lean:139:62: This simp argument is unused:
  mul_assoc

Hint: Omit it from the simp argument list.
  [apply] simp_all [factorMul, factorWordInv]

Note: This linter can be disabled with `set_option linter.unusedSimpArgs false`
warning: DifferentialGeometry/External/GrushkoNeumannTheorem/MarshallHall/GrushkoRemove.lean:160:5: Variable name `ha` is not explicitly referenced.

Hint: The binding can be removed (if unused) or named `_` (if used implicitly). Alternatively, prefix the name with `_` to silence this warning:
  [apply] _ha

Note: This linter can be disabled with `set_option linter.unusedVariables false`
warning: DifferentialGeometry/External/GrushkoNeumannTheorem/MarshallHall/GrushkoRemove.lean:169:8: automatically included section variable(s) unused in theorem `MarshallHall.GeneralGrushko.removeEndpoint_eq_of_ne`:
  [Fintype V]
  hV
  [(a b : V) → Fintype (a ⟶ b)]
consider restructuring your `variable` declarations so that the variables are not in scope or explicitly omit them:
  omit [Fintype V] hV [(a b : V) → Fintype (a ⟶ b)] in theorem ...

Note: This linter can be disabled with `set_option linter.unusedSectionVars false`
warning: DifferentialGeometry/External/GrushkoNeumannTheorem/MarshallHall/GrushkoRemove.lean:169:0: `removeEndpoint_eq_of_ne` does not use the following hypotheses in its type:
  • [Fintype V] (#2)
  • [(a b : V) → Fintype (a ⟶ b)] (#5)

Consider replacing these hypotheses with the corresponding instances of `Finite` and using `Fintype.ofFinite` in the proof, or removing them entirely.

Note: This linter can be disabled with `set_option linter.unusedFintypeInType false`
warning: DifferentialGeometry/External/GrushkoNeumannTheorem/MarshallHall/GrushkoRemove.lean:174:8: automatically included section variable(s) unused in theorem `MarshallHall.GeneralGrushko.removeEndpoint_eq_anchor`:
  [Fintype V]
  hV
  [(a b : V) → Fintype (a ⟶ b)]
consider restructuring your `variable` declarations so that the variables are not in scope or explicitly omit them:
  omit [Fintype V] hV [(a b : V) → Fintype (a ⟶ b)] in theorem ...

Note: This linter can be disabled with `set_option linter.unusedSectionVars false`
warning: DifferentialGeometry/External/GrushkoNeumannTheorem/MarshallHall/GrushkoRemove.lean:174:0: `removeEndpoint_eq_anchor` does not use the following hypotheses in its type:
  • [Fintype V] (#2)
  • [(a b : V) → Fintype (a ⟶ b)] (#5)

Consider replacing these hypotheses with the corresponding instances of `Finite` and using `Fintype.ofFinite` in the proof, or removing them entirely.

Note: This linter can be disabled with `set_option linter.unusedFintypeInType false`
warning: DifferentialGeometry/External/GrushkoNeumannTheorem/MarshallHall/GrushkoRemove.lean:194:0: Definition `MarshallHall.GeneralGrushko.removeQuiverHomFintype` of class type is semireducible. Most type class instances should be instance-reducible, so consider marking this
definition with `@[instance_reducible]`. If it is intentionally semireducible, this warning can be disabled with `set_option warn.classDefReducibility false`.
warning: DifferentialGeometry/External/GrushkoNeumannTheorem/MarshallHall/GrushkoRemove.lean:204:5: Variable name `ha` is not explicitly referenced.

Hint: The binding can be removed (if unused) or named `_` (if used implicitly). Alternatively, prefix the name with `_` to silence this warning:
  [apply] _ha

Note: This linter can be disabled with `set_option linter.unusedVariables false`
warning: DifferentialGeometry/External/GrushkoNeumannTheorem/MarshallHall/GrushkoRemove.lean:204:34: Variable name `hn` is not explicitly referenced.

Hint: The binding can be removed (if unused) or named `_` (if used implicitly). Alternatively, prefix the name with `_` to silence this warning:
  [apply] _hn

Note: This linter can be disabled with `set_option linter.unusedVariables false`
warning: DifferentialGeometry/External/GrushkoNeumannTheorem/MarshallHall/GrushkoRemove.lean:239:0: Definition `MarshallHall.GeneralGrushko.removeHasReverse` of class type is semireducible. Most type class instances should be instance-reducible, so consider marking this
definition with `@[instance_reducible]`. If it is intentionally semireducible, this warning can be disabled with `set_option warn.classDefReducibility false`.
warning: DifferentialGeometry/External/GrushkoNeumannTheorem/MarshallHall/GrushkoRemove.lean:265:2: Try this: 
  letI̵

The goal is a proposition, so `let` is preferred over `letI`.
The difference between `let` and `letI` is that `letI` inlines the value.
But this is not relevant for proofs because of proof irrelevance.

Note: This linter can be disabled with `set_option linter.style.haveILetI false`
warning: DifferentialGeometry/External/GrushkoNeumannTheorem/MarshallHall/GrushkoRemove.lean:266:2: Try this: 
  letI̵

The goal is a proposition, so `let` is preferred over `letI`.
The difference between `let` and `letI` is that `letI` inlines the value.
But this is not relevant for proofs because of proof irrelevance.

Note: This linter can be disabled with `set_option linter.style.haveILetI false`
warning: DifferentialGeometry/External/GrushkoNeumannTheorem/MarshallHall/GrushkoRemove.lean:267:2: Try this: 
  letI̵

The goal is a proposition, so `let` is preferred over `letI`.
The difference between `let` and `letI` is that `letI` inlines the value.
But this is not relevant for proofs because of proof irrelevance.

Note: This linter can be disabled with `set_option linter.style.haveILetI false`
warning: DifferentialGeometry/External/GrushkoNeumannTheorem/MarshallHall/GrushkoRemove.lean:269:2: Try this: 
  letI̵

The goal is a proposition, so `let` is preferred over `letI`.
The difference between `let` and `letI` is that `letI` inlines the value.
But this is not relevant for proofs because of proof irrelevance.

Note: This linter can be disabled with `set_option linter.style.haveILetI false`
warning: DifferentialGeometry/External/GrushkoNeumannTheorem/MarshallHall/GrushkoRemove.lean:327:4: `simp` already closes the goal

Hint: Use `simp` instead of `simpa`:
  [apply] simp [RemovedVertex]

Note: This linter can be disabled with `set_option linter.unnecessarySimpa false`
warning: DifferentialGeometry/External/GrushkoNeumannTheorem/MarshallHall/GrushkoRemove.lean:329:4: Try this: 
  letI̵

The goal is a proposition, so `let` is preferred over `letI`.
The difference between `let` and `letI` is that `letI` inlines the value.
But this is not relevant for proofs because of proof irrelevance.

Note: This linter can be disabled with `set_option linter.style.haveILetI false`
warning: DifferentialGeometry/External/GrushkoNeumannTheorem/MarshallHall/GrushkoRemove.lean:322:0: automatically included section variable(s) unused in theorem `MarshallHall.GeneralGrushko.removedVertex_card_add_one`:
  hV
  [(a b : V) → Fintype (a ⟶ b)]
consider restructuring your `variable` declarations so that the variables are not in scope or explicitly omit them:
  omit hV [(a b : V) → Fintype (a ⟶ b)] in theorem ...

Note: This linter can be disabled with `set_option linter.unusedSectionVars false`
warning: DifferentialGeometry/External/GrushkoNeumannTheorem/MarshallHall/GrushkoRemove.lean:322:0: `removedVertex_card_add_one` does not use the following hypothesis in its type:
  • [(a b : V) → Fintype (a ⟶ b)] (#5)

Consider replacing this hypothesis with the corresponding instance of `Finite` and using `Fintype.ofFinite` in the proof, or removing it entirely.

Note: This linter can be disabled with `set_option linter.unusedFintypeInType false`
warning: DifferentialGeometry/External/GrushkoNeumannTheorem/MarshallHall/GrushkoRemove.lean:344:5: Variable name `hn` is not explicitly referenced.

Hint: The binding can be removed (if unused) or named `_` (if used implicitly). Alternatively, prefix the name with `_` to silence this warning:
  [apply] _hn

Note: This linter can be disabled with `set_option linter.unusedVariables false`
warning: DifferentialGeometry/External/GrushkoNeumannTheorem/MarshallHall/GrushkoRemove.lean:395:6: `simp` already closes the goal

Hint: Use `simp` instead of `simpa`:
  [apply] simp [removeEdgeLabel, hs, ht, g₀, l]

Note: This linter can be disabled with `set_option linter.unnecessarySimpa false`
warning: DifferentialGeometry/External/GrushkoNeumannTheorem/MarshallHall/GrushkoRemove.lean:363:0: automatically included section variable(s) unused in theorem `MarshallHall.GeneralGrushko.removeEdgeLabel_index`:
  [Fintype V]
  [(a b : V) → Fintype (a ⟶ b)]
consider restructuring your `variable` declarations so that the variables are not in scope or explicitly omit them:
  omit [Fintype V] [(a b : V) → Fintype (a ⟶ b)] in theorem ...

Note: This linter can be disabled with `set_option linter.unusedSectionVars false`
warning: DifferentialGeometry/External/GrushkoNeumannTheorem/MarshallHall/GrushkoRemove.lean:390:44: This simp argument is unused:
  hg

Hint: Omit it from the simp argument list.
  [apply] simp [removeEdgeLabel, hs, ht, g₀, l, hl, hxy]

Note: This linter can be disabled with `set_option linter.unusedSimpArgs false`
warning: DifferentialGeometry/External/GrushkoNeumannTheorem/MarshallHall/GrushkoRemove.lean:363:0: `removeEdgeLabel_index` does not use the following hypotheses in its type:
  • [Fintype V] (#6)
  • [(a b : V) → Fintype (a ⟶ b)] (#9)

Consider replacing these hypotheses with the corresponding instances of `Finite` and using `Fintype.ofFinite` in the proof, or removing them entirely.

Note: This linter can be disabled with `set_option linter.unusedFintypeInType false`
warning: DifferentialGeometry/External/GrushkoNeumannTheorem/MarshallHall/GrushkoRemove.lean:397:0: automatically included section variable(s) unused in theorem `MarshallHall.GeneralGrushko.removeEdgeLabel_eq_source_target`:
  [Fintype V]
  [(a b : V) → Fintype (a ⟶ b)]
consider restructuring your `variable` declarations so that the variables are not in scope or explicitly omit them:
  omit [Fintype V] [(a b : V) → Fintype (a ⟶ b)] in theorem ...

Note: This linter can be disabled with `set_option linter.unusedSectionVars false`
warning: DifferentialGeometry/External/GrushkoNeumannTheorem/MarshallHall/GrushkoRemove.lean:397:0: `removeEdgeLabel_eq_source_target` does not use the following hypotheses in its type:
  • [Fintype V] (#6)
  • [(a b : V) → Fintype (a ⟶ b)] (#9)

Consider replacing these hypotheses with the corresponding instances of `Finite` and using `Fintype.ofFinite` in the proof, or removing them entirely.

Note: This linter can be disabled with `set_option linter.unusedFintypeInType false`
warning: DifferentialGeometry/External/GrushkoNeumannTheorem/MarshallHall/GrushkoRemove.lean:409:0: automatically included section variable(s) unused in theorem `MarshallHall.GeneralGrushko.removeEdgeLabel_eq_source_only`:
  [Fintype V]
  [(a b : V) → Fintype (a ⟶ b)]
consider restructuring your `variable` declarations so that the variables are not in scope or explicitly omit them:
  omit [Fintype V] [(a b : V) → Fintype (a ⟶ b)] in theorem ...

Note: This linter can be disabled with `set_option linter.unusedSectionVars false`
warning: DifferentialGeometry/External/GrushkoNeumannTheorem/MarshallHall/GrushkoRemove.lean:409:0: `removeEdgeLabel_eq_source_only` does not use the following hypotheses in its type:
  • [Fintype V] (#6)
  • [(a b : V) → Fintype (a ⟶ b)] (#9)

Consider replacing these hypotheses with the corresponding instances of `Finite` and using `Fintype.ofFinite` in the proof, or removing them entirely.

Note: This linter can be disabled with `set_option linter.unusedFintypeInType false`
warning: DifferentialGeometry/External/GrushkoNeumannTheorem/MarshallHall/GrushkoRemove.lean:421:0: automatically included section variable(s) unused in theorem `MarshallHall.GeneralGrushko.removeEdgeLabel_eq_target_only`:
  [Fintype V]
  [(a b : V) → Fintype (a ⟶ b)]
consider restructuring your `variable` declarations so that the variables are not in scope or explicitly omit them:
  omit [Fintype V] [(a b : V) → Fintype (a ⟶ b)] in theorem ...

Note: This linter can be disabled with `set_option linter.unusedSectionVars false`
warning: DifferentialGeometry/External/GrushkoNeumannTheorem/MarshallHall/GrushkoRemove.lean:421:0: `removeEdgeLabel_eq_target_only` does not use the following hypotheses in its type:
  • [Fintype V] (#6)
  • [(a b : V) → Fintype (a ⟶ b)] (#9)

Consider replacing these hypotheses with the corresponding instances of `Finite` and using `Fintype.ofFinite` in the proof, or removing them entirely.

Note: This linter can be disabled with `set_option linter.unusedFintypeInType false`
warning: DifferentialGeometry/External/GrushkoNeumannTheorem/MarshallHall/GrushkoRemove.lean:432:0: automatically included section variable(s) unused in theorem `MarshallHall.GeneralGrushko.removeEdgeLabel_eq_neither`:
  [Fintype V]
  [(a b : V) → Fintype (a ⟶ b)]
consider restructuring your `variable` declarations so that the variables are not in scope or explicitly omit them:
  omit [Fintype V] [(a b : V) → Fintype (a ⟶ b)] in theorem ...

Note: This linter can be disabled with `set_option linter.unusedSectionVars false`
warning: DifferentialGeometry/External/GrushkoNeumannTheorem/MarshallHall/GrushkoRemove.lean:432:0: `removeEdgeLabel_eq_neither` does not use the following hypotheses in its type:
  • [Fintype V] (#6)
  • [(a b : V) → Fintype (a ⟶ b)] (#9)

Consider replacing these hypotheses with the corresponding instances of `Finite` and using `Fintype.ofFinite` in the proof, or removing them entirely.

Note: This linter can be disabled with `set_option linter.unusedFintypeInType false`
warning: DifferentialGeometry/External/GrushkoNeumannTheorem/MarshallHall/GrushkoRemove.lean:653:30: Variable name `color` is not explicitly referenced.

Hint: The binding can be removed (if unused) or named `_` (if used implicitly). Alternatively, prefix the name with `_` to silence this warning:
  [apply] _color

Note: This linter can be disabled with `set_option linter.unusedVariables false`
warning: DifferentialGeometry/External/GrushkoNeumannTheorem/MarshallHall/GrushkoRemove.lean:658:8: automatically included section variable(s) unused in theorem `MarshallHall.GeneralGrushko.removePotential_eq_vertex`:
  [Fintype V]
  [(a b : V) → Fintype (a ⟶ b)]
consider restructuring your `variable` declarations so that the variables are not in scope or explicitly omit them:
  omit [Fintype V] [(a b : V) → Fintype (a ⟶ b)] in theorem ...

Note: This linter can be disabled with `set_option linter.unusedSectionVars false`
warning: DifferentialGeometry/External/GrushkoNeumannTheorem/MarshallHall/GrushkoRemove.lean:658:0: `removePotential_eq_vertex` does not use the following hypotheses in its type:
  • [Fintype V] (#6)
  • [(a b : V) → Fintype (a ⟶ b)] (#9)

Consider replacing these hypotheses with the corresponding instances of `Finite` and using `Fintype.ofFinite` in the proof, or removing them entirely.

Note: This linter can be disabled with `set_option linter.unusedFintypeInType false`
warning: DifferentialGeometry/External/GrushkoNeumannTheorem/MarshallHall/GrushkoRemove.lean:664:8: automatically included section variable(s) unused in theorem `MarshallHall.GeneralGrushko.removePotential_eq_one_of_ne`:
  [Fintype V]
  [(a b : V) → Fintype (a ⟶ b)]
consider restructuring your `variable` declarations so that the variables are not in scope or explicitly omit them:
  omit [Fintype V] [(a b : V) → Fintype (a ⟶ b)] in theorem ...

Note: This linter can be disabled with `set_option linter.unusedSectionVars false`
warning: DifferentialGeometry/External/GrushkoNeumannTheorem/MarshallHall/GrushkoRemove.lean:664:0: `removePotential_eq_one_of_ne` does not use the following hypotheses in its type:
  • [Fintype V] (#6)
  • [(a b : V) → Fintype (a ⟶ b)] (#9)

Consider replacing these hypotheses with the corresponding instances of `Finite` and using `Fintype.ofFinite` in the proof, or removing them entirely.

Note: This linter can be disabled with `set_option linter.unusedFintypeInType false`
warning: DifferentialGeometry/External/GrushkoNeumannTheorem/MarshallHall/GrushkoRemove.lean:707:8: This simp argument is unused:
  mul_assoc

Hint: Omit it from the simp argument list.
  [apply] simp [removePotential, hs, ht, g₀, l, separatedMap_factorWordInv]

Note: This linter can be disabled with `set_option linter.unusedSimpArgs false`
warning: DifferentialGeometry/External/GrushkoNeumannTheorem/MarshallHall/GrushkoRemove.lean:716:44: This simp argument is unused:
  mul_assoc

Hint: Omit it from the simp argument list.
  [apply] simp [removePotential, hs, ht, g₀, l]

Note: This linter can be disabled with `set_option linter.unusedSimpArgs false`
warning: DifferentialGeometry/External/GrushkoNeumannTheorem/MarshallHall/GrushkoRemove.lean:718:37: This simp argument is unused:
  g₀

Hint: Omit it from the simp argument list.
  [apply] simp [removePotential, hs, ht, l, mul_assoc]

Note: This linter can be disabled with `set_option linter.unusedSimpArgs false`
warning: DifferentialGeometry/External/GrushkoNeumannTheorem/MarshallHall/GrushkoRemove.lean:718:41: This simp argument is unused:
  l

Hint: Omit it from the simp argument list.
  [apply] simp [removePotential, hs, ht, g₀, mul_assoc]

Note: This linter can be disabled with `set_option linter.unusedSimpArgs false`
warning: DifferentialGeometry/External/GrushkoNeumannTheorem/MarshallHall/GrushkoRemove.lean:718:44: This simp argument is unused:
  mul_assoc

Hint: Omit it from the simp argument list.
  [apply] simp [removePotential, hs, ht, g₀, l]

Note: This linter can be disabled with `set_option linter.unusedSimpArgs false`
warning: DifferentialGeometry/External/GrushkoNeumannTheorem/MarshallHall/GrushkoRemove.lean:670:0: `removeEdgeLabel_read` does not use the following hypotheses in its type:
  • [Fintype V] (#6)
  • [(a b : V) → Fintype (a ⟶ b)] (#9)

Consider replacing these hypotheses with the corresponding instances of `Finite` and using `Fintype.ofFinite` in the proof, or removing them entirely.

Note: This linter can be disabled with `set_option linter.unusedFintypeInType false`
warning: DifferentialGeometry/External/GrushkoNeumannTheorem/MarshallHall/GrushkoRemove.lean:763:10: This simp argument is unused:
  separatedMap_factorWordInv

Hint: Omit it from the simp argument list.
  [apply] simp

Note: This linter can be disabled with `set_option linter.unusedSimpArgs false`
warning: DifferentialGeometry/External/GrushkoNeumannTheorem/MarshallHall/GrushkoRemove.lean:795:10: This simp argument is unused:
  he₀

Hint: Omit it from the simp argument list.
  [apply] simp [removeEdgePath, removeDeletedPath, removeDeletedPath_backward, her, hneq, BinaryLabelling.pathRead_cast,
    BinaryLabelling.pathRead_nil]

Note: This linter can be disabled with `set_option linter.unusedSimpArgs false`
warning: DifferentialGeometry/External/GrushkoNeumannTheorem/MarshallHall/GrushkoRemove.lean:835:12: This simp argument is unused:
  mul_assoc

Hint: Omit it from the simp argument list.
  [apply] simp

Note: This linter can be disabled with `set_option linter.unusedSimpArgs false`
warning: DifferentialGeometry/External/GrushkoNeumannTheorem/MarshallHall/GrushkoRemove.lean:1011:12: This simp argument is unused:
  mul_assoc

Hint: Omit it from the simp argument list.
  [apply] simp

Note: This linter can be disabled with `set_option linter.unusedSimpArgs false`
warning: DifferentialGeometry/External/GrushkoNeumannTheorem/MarshallHall/GrushkoRemove.lean:1115:68: This simp argument is unused:
  mul_assoc

Hint: Omit it from the simp argument list.
  [apply] simp [removePotential_eq_one_of_ne M.labeling e₀ color hbase]

Note: This linter can be disabled with `set_option linter.unusedSimpArgs false`
warning: DifferentialGeometry/External/GrushkoNeumannTheorem/MarshallHall/GrushkoRemove.lean:1174:2: Try this: 
  letI̵

The goal is a proposition, so `let` is preferred over `letI`.
The difference between `let` and `letI` is that `letI` inlines the value.
But this is not relevant for proofs because of proof irrelevance.

Note: This linter can be disabled with `set_option linter.style.haveILetI false`
warning: DifferentialGeometry/External/GrushkoNeumannTheorem/MarshallHall/GrushkoRemove.lean:1175:2: Try this: 
  letI̵

The goal is a proposition, so `let` is preferred over `letI`.
The difference between `let` and `letI` is that `letI` inlines the value.
But this is not relevant for proofs because of proof irrelevance.

Note: This linter can be disabled with `set_option linter.style.haveILetI false`
warning: DifferentialGeometry/External/GrushkoNeumannTheorem/MarshallHall/GrushkoRemove.lean:1176:2: Try this: 
  letI̵

The goal is a proposition, so `let` is preferred over `letI`.
The difference between `let` and `letI` is that `letI` inlines the value.
But this is not relevant for proofs because of proof irrelevance.

Note: This linter can be disabled with `set_option linter.style.haveILetI false`
warning: DifferentialGeometry/External/GrushkoNeumannTheorem/MarshallHall/GrushkoRemove.lean:1178:2: Try this: 
  letI̵

The goal is a proposition, so `let` is preferred over `letI`.
The difference between `let` and `letI` is that `letI` inlines the value.
But this is not relevant for proofs because of proof irrelevance.

Note: This linter can be disabled with `set_option linter.style.haveILetI false`
warning: DifferentialGeometry/External/GrushkoNeumannTheorem/MarshallHall/GrushkoRemove.lean:1159:13: Variable name `hbase` is not explicitly referenced.

Hint: The binding can be removed (if unused) or named `_` (if used implicitly). Alternatively, prefix the name with `_` to silence this warning:
  [apply] _hbase

Note: This linter can be disabled with `set_option linter.unusedVariables false`
⚠ [20095/27662] Replayed DifferentialGeometry.External.GrushkoNeumannTheorem.MarshallHall.GrushkoUnsafe
warning: DifferentialGeometry/External/GrushkoNeumannTheorem/MarshallHall/GrushkoUnsafe.lean:39:0: `foldVertexMk_eq_of_not_eq` does not use the following hypotheses in its type:
  • [Fintype V] (#2)
  • [(a b : V) → Fintype (a ⟶ b)] (#5)

Consider replacing these hypotheses with the corresponding instances of `Finite` and using `Fintype.ofFinite` in the proof, or removing them entirely.

Note: This linter can be disabled with `set_option linter.unusedFintypeInType false`
warning: DifferentialGeometry/External/GrushkoNeumannTheorem/MarshallHall/GrushkoUnsafe.lean:107:31: `simp` already closes the goal

Hint: Use `simp` instead of `simpa`:
  [apply] simp [e']

Note: This linter can be disabled with `set_option linter.unnecessarySimpa false`
warning: DifferentialGeometry/External/GrushkoNeumannTheorem/MarshallHall/GrushkoUnsafe.lean:72:0: `exists_nonloop_incident_of_symm_path` does not use the following hypotheses in its type:
  • [Fintype V] (#2)
  • [(a b : V) → Fintype (a ⟶ b)] (#5)

Consider replacing these hypotheses with the corresponding instances of `Finite` and using `Fintype.ofFinite` in the proof, or removing them entirely.

Note: This linter can be disabled with `set_option linter.unusedFintypeInType false`
warning: DifferentialGeometry/External/GrushkoNeumannTheorem/MarshallHall/GrushkoUnsafe.lean:114:5: Variable name `hgen` is not explicitly referenced.

Hint: The binding can be removed (if unused) or named `_` (if used implicitly). Alternatively, prefix the name with `_` to silence this warning:
  [apply] _hgen

Note: This linter can be disabled with `set_option linter.unusedVariables false`
warning: DifferentialGeometry/External/GrushkoNeumannTheorem/MarshallHall/GrushkoUnsafe.lean:114:29: Variable name `hconn` is not explicitly referenced.

Hint: The binding can be removed (if unused) or named `_` (if used implicitly). Alternatively, prefix the name with `_` to silence this warning:
  [apply] _hconn

Note: This linter can be disabled with `set_option linter.unusedVariables false`
warning: DifferentialGeometry/External/GrushkoNeumannTheorem/MarshallHall/GrushkoUnsafe.lean:115:5: Variable name `hfree` is not explicitly referenced.

Hint: The binding can be removed (if unused) or named `_` (if used implicitly). Alternatively, prefix the name with `_` to silence this warning:
  [apply] _hfree

Note: This linter can be disabled with `set_option linter.unusedVariables false`
warning: DifferentialGeometry/External/GrushkoNeumannTheorem/MarshallHall/GrushkoUnsafe.lean:116:5: Variable name `hEuler` is not explicitly referenced.

Hint: The binding can be removed (if unused) or named `_` (if used implicitly). Alternatively, prefix the name with `_` to silence this warning:
  [apply] _hEuler

Note: This linter can be disabled with `set_option linter.unusedVariables false`
warning: DifferentialGeometry/External/GrushkoNeumannTheorem/MarshallHall/GrushkoUnsafe.lean:174:2: Try this: 
  letI̵

The goal is a proposition, so `let` is preferred over `letI`.
The difference between `let` and `letI` is that `letI` inlines the value.
But this is not relevant for proofs because of proof irrelevance.

Note: This linter can be disabled with `set_option linter.style.haveILetI false`
warning: DifferentialGeometry/External/GrushkoNeumannTheorem/MarshallHall/GrushkoUnsafe.lean:175:2: Try this: 
  letI̵

The goal is a proposition, so `let` is preferred over `letI`.
The difference between `let` and `letI` is that `letI` inlines the value.
But this is not relevant for proofs because of proof irrelevance.

Note: This linter can be disabled with `set_option linter.style.haveILetI false`
warning: DifferentialGeometry/External/GrushkoNeumannTheorem/MarshallHall/GrushkoUnsafe.lean:176:2: Try this: 
  letI̵

The goal is a proposition, so `let` is preferred over `letI`.
The difference between `let` and `letI` is that `letI` inlines the value.
But this is not relevant for proofs because of proof irrelevance.

Note: This linter can be disabled with `set_option linter.style.haveILetI false`
warning: DifferentialGeometry/External/GrushkoNeumannTheorem/MarshallHall/GrushkoUnsafe.lean:178:2: Try this: 
  letI̵

The goal is a proposition, so `let` is preferred over `letI`.
The difference between `let` and `letI` is that `letI` inlines the value.
But this is not relevant for proofs because of proof irrelevance.

Note: This linter can be disabled with `set_option linter.style.haveILetI false`
warning: DifferentialGeometry/External/GrushkoNeumannTheorem/MarshallHall/GrushkoUnsafe.lean:228:2: Try this: 
  letI̵

The goal is a proposition, so `let` is preferred over `letI`.
The difference between `let` and `letI` is that `letI` inlines the value.
But this is not relevant for proofs because of proof irrelevance.

Note: This linter can be disabled with `set_option linter.style.haveILetI false`
warning: DifferentialGeometry/External/GrushkoNeumannTheorem/MarshallHall/GrushkoUnsafe.lean:230:2: Try this: 
  letI̵

The goal is a proposition, so `let` is preferred over `letI`.
The difference between `let` and `letI` is that `letI` inlines the value.
But this is not relevant for proofs because of proof irrelevance.

Note: This linter can be disabled with `set_option linter.style.haveILetI false`
warning: DifferentialGeometry/External/GrushkoNeumannTheorem/MarshallHall/GrushkoUnsafe.lean:232:2: Try this: 
  letI̵

The goal is a proposition, so `let` is preferred over `letI`.
The difference between `let` and `letI` is that `letI` inlines the value.
But this is not relevant for proofs because of proof irrelevance.

Note: This linter can be disabled with `set_option linter.style.haveILetI false`
warning: DifferentialGeometry/External/GrushkoNeumannTheorem/MarshallHall/GrushkoUnsafe.lean:420:2: Try this: 
  letI̵

The goal is a proposition, so `let` is preferred over `letI`.
The difference between `let` and `letI` is that `letI` inlines the value.
But this is not relevant for proofs because of proof irrelevance.

Note: This linter can be disabled with `set_option linter.style.haveILetI false`
warning: DifferentialGeometry/External/GrushkoNeumannTheorem/MarshallHall/GrushkoUnsafe.lean:422:2: Try this: 
  letI̵

The goal is a proposition, so `let` is preferred over `letI`.
The difference between `let` and `letI` is that `letI` inlines the value.
But this is not relevant for proofs because of proof irrelevance.

Note: This linter can be disabled with `set_option linter.style.haveILetI false`
warning: DifferentialGeometry/External/GrushkoNeumannTheorem/MarshallHall/GrushkoUnsafe.lean:424:2: Try this: 
  letI̵

The goal is a proposition, so `let` is preferred over `letI`.
The difference between `let` and `letI` is that `letI` inlines the value.
But this is not relevant for proofs because of proof irrelevance.

Note: This linter can be disabled with `set_option linter.style.haveILetI false`
warning: DifferentialGeometry/External/GrushkoNeumannTheorem/MarshallHall/GrushkoUnsafe.lean:426:2: Try this: 
  letI̵

The goal is a proposition, so `let` is preferred over `letI`.
The difference between `let` and `letI` is that `letI` inlines the value.
But this is not relevant for proofs because of proof irrelevance.

Note: This linter can be disabled with `set_option linter.style.haveILetI false`
warning: DifferentialGeometry/External/GrushkoNeumannTheorem/MarshallHall/GrushkoUnsafe.lean:429:2: Try this: 
  letI̵

The goal is a proposition, so `let` is preferred over `letI`.
The difference between `let` and `letI` is that `letI` inlines the value.
But this is not relevant for proofs because of proof irrelevance.

Note: This linter can be disabled with `set_option linter.style.haveILetI false`
warning: DifferentialGeometry/External/GrushkoNeumannTheorem/MarshallHall/GrushkoUnsafe.lean:435:2: Try this: 
  letI̵

The goal is a proposition, so `let` is preferred over `letI`.
The difference between `let` and `letI` is that `letI` inlines the value.
But this is not relevant for proofs because of proof irrelevance.

Note: This linter can be disabled with `set_option linter.style.haveILetI false`
warning: DifferentialGeometry/External/GrushkoNeumannTheorem/MarshallHall/GrushkoUnsafe.lean:439:2: Try this: 
  letI̵

The goal is a proposition, so `let` is preferred over `letI`.
The difference between `let` and `letI` is that `letI` inlines the value.
But this is not relevant for proofs because of proof irrelevance.

Note: This linter can be disabled with `set_option linter.style.haveILetI false`
warning: DifferentialGeometry/External/GrushkoNeumannTheorem/MarshallHall/GrushkoUnsafe.lean:443:2: Try this: 
  letI̵

The goal is a proposition, so `let` is preferred over `letI`.
The difference between `let` and `letI` is that `letI` inlines the value.
But this is not relevant for proofs because of proof irrelevance.

Note: This linter can be disabled with `set_option linter.style.haveILetI false`
warning: DifferentialGeometry/External/GrushkoNeumannTheorem/MarshallHall/GrushkoUnsafe.lean:305:5: Variable name `hcard₁` is not explicitly referenced.

Hint: The binding can be removed (if unused) or named `_` (if used implicitly). Alternatively, prefix the name with `_` to silence this warning:
  [apply] _hcard₁

Note: This linter can be disabled with `set_option linter.unusedVariables false`
⚠ [20096/27662] Replayed DifferentialGeometry.External.GrushkoNeumannTheorem.MarshallHall.GrushkoFull
warning: DifferentialGeometry/External/GrushkoNeumannTheorem/MarshallHall/GrushkoFull.lean:12:0: Unscoped option maxHeartbeats is not allowed:
Please scope this to individual declarations, as in
```
set_option maxHeartbeats in
-- comment explaining why this is necessary
example : ... := ...
```

Note: This linter can be disabled with `set_option linter.style.setOption false`
warning: DifferentialGeometry/External/GrushkoNeumannTheorem/MarshallHall/GrushkoFull.lean:53:0: automatically included section variable(s) unused in theorem `MarshallHall.GeneralGrushko.ordinaryPathOfSymm_read`:
  [Fintype V]
  [(a b : V) → Fintype (a ⟶ b)]
consider restructuring your `variable` declarations so that the variables are not in scope or explicitly omit them:
  omit [Fintype V] [(a b : V) → Fintype (a ⟶ b)] in theorem ...

Note: This linter can be disabled with `set_option linter.unusedSectionVars false`
warning: DifferentialGeometry/External/GrushkoNeumannTheorem/MarshallHall/GrushkoFull.lean:53:0: `ordinaryPathOfSymm_read` does not use the following hypotheses in its type:
  • [Fintype V] (#6)
  • [(a b : V) → Fintype (a ⟶ b)] (#9)

Consider replacing these hypotheses with the corresponding instances of `Finite` and using `Fintype.ofFinite` in the proof, or removing them entirely.

Note: This linter can be disabled with `set_option linter.unusedFintypeInType false`
warning: DifferentialGeometry/External/GrushkoNeumannTheorem/MarshallHall/GrushkoFull.lean:84:0: automatically included section variable(s) unused in theorem `MarshallHall.GeneralGrushko.rerootMarkedGraph_read`:
  [Fintype V]
  [(a b : V) → Fintype (a ⟶ b)]
consider restructuring your `variable` declarations so that the variables are not in scope or explicitly omit them:
  omit [Fintype V] [(a b : V) → Fintype (a ⟶ b)] in theorem ...

Note: This linter can be disabled with `set_option linter.unusedSectionVars false`
warning: DifferentialGeometry/External/GrushkoNeumannTheorem/MarshallHall/GrushkoFull.lean:84:0: `rerootMarkedGraph_read` does not use the following hypotheses in its type:
  • [Fintype V] (#6)
  • [(a b : V) → Fintype (a ⟶ b)] (#9)

Consider replacing these hypotheses with the corresponding instances of `Finite` and using `Fintype.ofFinite` in the proof, or removing them entirely.

Note: This linter can be disabled with `set_option linter.unusedFintypeInType false`
warning: DifferentialGeometry/External/GrushkoNeumannTheorem/MarshallHall/GrushkoFull.lean:99:0: `rerootMarkedGraph_isGenerating` does not use the following hypotheses in its type:
  • [Fintype V] (#6)
  • [(a b : V) → Fintype (a ⟶ b)] (#9)

Consider replacing these hypotheses with the corresponding instances of `Finite` and using `Fintype.ofFinite` in the proof, or removing them entirely.

Note: This linter can be disabled with `set_option linter.unusedFintypeInType false`
warning: DifferentialGeometry/External/GrushkoNeumannTheorem/MarshallHall/GrushkoFull.lean:108:0: automatically included section variable(s) unused in theorem `MarshallHall.GeneralGrushko.rerootMarkedGraph_weaklyConnected`:
  [Fintype V]
  [(a b : V) → Fintype (a ⟶ b)]
consider restructuring your `variable` declarations so that the variables are not in scope or explicitly omit them:
  omit [Fintype V] [(a b : V) → Fintype (a ⟶ b)] in theorem ...

Note: This linter can be disabled with `set_option linter.unusedSectionVars false`
warning: DifferentialGeometry/External/GrushkoNeumannTheorem/MarshallHall/GrushkoFull.lean:108:0: `rerootMarkedGraph_weaklyConnected` does not use the following hypotheses in its type:
  • [Fintype V] (#6)
  • [(a b : V) → Fintype (a ⟶ b)] (#9)

Consider replacing these hypotheses with the corresponding instances of `Finite` and using `Fintype.ofFinite` in the proof, or removing them entirely.

Note: This linter can be disabled with `set_option linter.unusedFintypeInType false`
warning: DifferentialGeometry/External/GrushkoNeumannTheorem/MarshallHall/GrushkoFull.lean:122:5: Variable name `hW` is not explicitly referenced.

Hint: The binding can be removed (if unused) or named `_` (if used implicitly). Alternatively, prefix the name with `_` to silence this warning:
  [apply] _hW

Note: This linter can be disabled with `set_option linter.unusedVariables false`
warning: DifferentialGeometry/External/GrushkoNeumannTheorem/MarshallHall/GrushkoFull.lean:123:5: Variable name `hHomW` is not explicitly referenced.

Hint: The binding can be removed (if unused) or named `_` (if used implicitly). Alternatively, prefix the name with `_` to silence this warning:
  [apply] _hHomW

Note: This linter can be disabled with `set_option linter.unusedVariables false`
warning: DifferentialGeometry/External/GrushkoNeumannTheorem/MarshallHall/GrushkoFull.lean:286:2: Try this: 
  letI̵

The goal is a proposition, so `let` is preferred over `letI`.
The difference between `let` and `letI` is that `letI` inlines the value.
But this is not relevant for proofs because of proof irrelevance.

Note: This linter can be disabled with `set_option linter.style.haveILetI false`
warning: DifferentialGeometry/External/GrushkoNeumannTheorem/MarshallHall/GrushkoFull.lean:288:2: Try this: 
  letI̵

The goal is a proposition, so `let` is preferred over `letI`.
The difference between `let` and `letI` is that `letI` inlines the value.
But this is not relevant for proofs because of proof irrelevance.

Note: This linter can be disabled with `set_option linter.style.haveILetI false`
warning: DifferentialGeometry/External/GrushkoNeumannTheorem/MarshallHall/GrushkoFull.lean:290:2: Try this: 
  letI̵

The goal is a proposition, so `let` is preferred over `letI`.
The difference between `let` and `letI` is that `letI` inlines the value.
But this is not relevant for proofs because of proof irrelevance.

Note: This linter can be disabled with `set_option linter.style.haveILetI false`
warning: DifferentialGeometry/External/GrushkoNeumannTheorem/MarshallHall/GrushkoFull.lean:292:2: Try this: 
  letI̵

The goal is a proposition, so `let` is preferred over `letI`.
The difference between `let` and `letI` is that `letI` inlines the value.
But this is not relevant for proofs because of proof irrelevance.

Note: This linter can be disabled with `set_option linter.style.haveILetI false`
warning: DifferentialGeometry/External/GrushkoNeumannTheorem/MarshallHall/GrushkoFull.lean:294:2: Try this: 
  letI̵

The goal is a proposition, so `let` is preferred over `letI`.
The difference between `let` and `letI` is that `letI` inlines the value.
But this is not relevant for proofs because of proof irrelevance.

Note: This linter can be disabled with `set_option linter.style.haveILetI false`
warning: DifferentialGeometry/External/GrushkoNeumannTheorem/MarshallHall/GrushkoFull.lean:300:2: Try this: 
  letI̵

The goal is a proposition, so `let` is preferred over `letI`.
The difference between `let` and `letI` is that `letI` inlines the value.
But this is not relevant for proofs because of proof irrelevance.

Note: This linter can be disabled with `set_option linter.style.haveILetI false`
warning: DifferentialGeometry/External/GrushkoNeumannTheorem/MarshallHall/GrushkoFull.lean:304:2: Try this: 
  letI̵

The goal is a proposition, so `let` is preferred over `letI`.
The difference between `let` and `letI` is that `letI` inlines the value.
But this is not relevant for proofs because of proof irrelevance.

Note: This linter can be disabled with `set_option linter.style.haveILetI false`
warning: DifferentialGeometry/External/GrushkoNeumannTheorem/MarshallHall/GrushkoFull.lean:308:2: Try this: 
  letI̵

The goal is a proposition, so `let` is preferred over `letI`.
The difference between `let` and `letI` is that `letI` inlines the value.
But this is not relevant for proofs because of proof irrelevance.

Note: This linter can be disabled with `set_option linter.style.haveILetI false`
warning: DifferentialGeometry/External/GrushkoNeumannTheorem/MarshallHall/GrushkoFull.lean:402:10: Try this: 
  letI̵

The goal is a proposition, so `let` is preferred over `letI`.
The difference between `let` and `letI` is that `letI` inlines the value.
But this is not relevant for proofs because of proof irrelevance.

Note: This linter can be disabled with `set_option linter.style.haveILetI false`
warning: DifferentialGeometry/External/GrushkoNeumannTheorem/MarshallHall/GrushkoFull.lean:403:10: Try this: 
  letI̵

The goal is a proposition, so `let` is preferred over `letI`.
The difference between `let` and `letI` is that `letI` inlines the value.
But this is not relevant for proofs because of proof irrelevance.

Note: This linter can be disabled with `set_option linter.style.haveILetI false`
warning: DifferentialGeometry/External/GrushkoNeumannTheorem/MarshallHall/GrushkoFull.lean:404:10: Try this: 
  letI̵

The goal is a proposition, so `let` is preferred over `letI`.
The difference between `let` and `letI` is that `letI` inlines the value.
But this is not relevant for proofs because of proof irrelevance.

Note: This linter can be disabled with `set_option linter.style.haveILetI false`
warning: DifferentialGeometry/External/GrushkoNeumannTheorem/MarshallHall/GrushkoFull.lean:405:10: Try this: 
  letI̵

The goal is a proposition, so `let` is preferred over `letI`.
The difference between `let` and `letI` is that `letI` inlines the value.
But this is not relevant for proofs because of proof irrelevance.

Note: This linter can be disabled with `set_option linter.style.haveILetI false`
warning: DifferentialGeometry/External/GrushkoNeumannTheorem/MarshallHall/GrushkoFull.lean:413:2: Try this: 
  letI̵

The goal is a proposition, so `let` is preferred over `letI`.
The difference between `let` and `letI` is that `letI` inlines the value.
But this is not relevant for proofs because of proof irrelevance.

Note: This linter can be disabled with `set_option linter.style.haveILetI false`
warning: DifferentialGeometry/External/GrushkoNeumannTheorem/MarshallHall/GrushkoFull.lean:416:2: Try this: 
  letI̵

The goal is a proposition, so `let` is preferred over `letI`.
The difference between `let` and `letI` is that `letI` inlines the value.
But this is not relevant for proofs because of proof irrelevance.

Note: This linter can be disabled with `set_option linter.style.haveILetI false`
warning: DifferentialGeometry/External/GrushkoNeumannTheorem/MarshallHall/GrushkoFull.lean:420:2: Try this: 
  letI̵

The goal is a proposition, so `let` is preferred over `letI`.
The difference between `let` and `letI` is that `letI` inlines the value.
But this is not relevant for proofs because of proof irrelevance.

Note: This linter can be disabled with `set_option linter.style.haveILetI false`
warning: DifferentialGeometry/External/GrushkoNeumannTheorem/MarshallHall/GrushkoFull.lean:424:2: Try this: 
  letI̵

The goal is a proposition, so `let` is preferred over `letI`.
The difference between `let` and `letI` is that `letI` inlines the value.
But this is not relevant for proofs because of proof irrelevance.

Note: This linter can be disabled with `set_option linter.style.haveILetI false`
⚠ [20103/27662] Replayed DifferentialGeometry.Geometry.Thurston.Models.HomogeneousCompleteness
warning: DifferentialGeometry/Geometry/Thurston/Models/HomogeneousCompleteness.lean:40:0: Please, write a comment here or remove this line, but do not place empty lines within commands!
Context:
                                              ↓
  ⏎  Tensor0SBundle.tangentSpaceNormedSpace in⏎⏎theorem homogeneousMetric_complete (g : SmoothRiemannianMetric I M)⏎

Note: This linter can be disabled with `set_option linter.style.emptyLine false`
⚠ [20106/27662] Replayed DifferentialGeometry.Geometry.Hyperbolic.Cusp
warning: DifferentialGeometry/Geometry/Hyperbolic/Cusp.lean:25:8: declaration uses `sorry`
⚠ [20111/27662] Replayed DifferentialGeometry.Geometry.Collapse.UniformDerivativeBounds
warning: DifferentialGeometry/Geometry/Collapse/UniformDerivativeBounds.lean:52:20: `if_pos` has been deprecated: Use `ite_eq_left` instead

Hint: Replace the deprecated name:
  i̵f̵_̵p̵o̵s̵i̲t̲e̲_̲e̲q̲_̲l̲e̲f̲t̲
⚠ [20113/27662] Replayed DifferentialGeometry.Geometry.Hyperbolic.ModelAtlas
warning: DifferentialGeometry/Geometry/Hyperbolic/ModelAtlas.lean:18:8: declaration uses `sorry`
⚠ [20718/27662] Replayed DifferentialGeometry.External.GraphCoveringTheory.KuroshPathRelationInvariant
warning: DifferentialGeometry/External/GraphCoveringTheory/KuroshPathRelationInvariant.lean:19:5: Variable name `a` is not explicitly referenced.

Hint: The binding can be removed (if unused) or named `_` (if used implicitly). Alternatively, prefix the name with `_` to silence this warning:
  [apply] _a

Note: This linter can be disabled with `set_option linter.unusedVariables false`
⚠ [20719/27662] Replayed DifferentialGeometry.External.GraphCoveringTheory.KuroshPathInjective
warning: DifferentialGeometry/External/GraphCoveringTheory/KuroshPathInjective.lean:76:2: Try this: 
  letI̵

The goal is a proposition, so `let` is preferred over `letI`.
The difference between `let` and `letI` is that `letI` inlines the value.
But this is not relevant for proofs because of proof irrelevance.

Note: This linter can be disabled with `set_option linter.style.haveILetI false`
warning: DifferentialGeometry/External/GraphCoveringTheory/KuroshPathInjective.lean:79:2: Try this: 
  letI̵

The goal is a proposition, so `let` is preferred over `letI`.
The difference between `let` and `letI` is that `letI` inlines the value.
But this is not relevant for proofs because of proof irrelevance.

Note: This linter can be disabled with `set_option linter.style.haveILetI false`
⚠ [20720/27662] Replayed DifferentialGeometry.External.GraphCoveringTheory.KuroshPathEndpoint
warning: DifferentialGeometry/External/GraphCoveringTheory/KuroshPathEndpoint.lean:113:2: Try this: 
  letI̵

The goal is a proposition, so `let` is preferred over `letI`.
The difference between `let` and `letI` is that `letI` inlines the value.
But this is not relevant for proofs because of proof irrelevance.

Note: This linter can be disabled with `set_option linter.style.haveILetI false`
⚠ [20721/27662] Replayed DifferentialGeometry.External.GraphCoveringTheory.KuroshKernel
warning: DifferentialGeometry/External/GraphCoveringTheory/KuroshKernel.lean:183:8: `simp` already closes the goal

Hint: Use `simp` instead of `simpa`:
  [apply] simp [factorCosetMk, rightCosetMk]

Note: This linter can be disabled with `set_option linter.unnecessarySimpa false`
warning: DifferentialGeometry/External/GraphCoveringTheory/KuroshKernel.lean:204:8: Unused tactic linter: `change (x.1 : FreeProduct G) ∈ intersectionFactor H i (Quotient.out c)` does nothing

Note: This linter can be disabled with `set_option linter.unusedTactic false`
⚠ [20722/27662] Replayed DifferentialGeometry.External.GraphCoveringTheory.KuroshActive
warning: DifferentialGeometry/External/GraphCoveringTheory/KuroshActive.lean:217:8: Try this: 
  letI̵

The goal is a proposition, so `let` is preferred over `letI`.
The difference between `let` and `letI` is that `letI` inlines the value.
But this is not relevant for proofs because of proof irrelevance.

Note: This linter can be disabled with `set_option linter.style.haveILetI false`
warning: DifferentialGeometry/External/GraphCoveringTheory/KuroshActive.lean:277:10: `dif_neg` has been deprecated: Use `dite_eq_right` instead

Hint: Replace the deprecated name:
  d̵i̵f̵_̵n̵e̵g̵d̲i̲t̲e̲_̲e̲q̲_̲r̲i̲g̲h̲t̲
⚠ [20724/27662] Replayed DifferentialGeometry.Geometry.Thurston.NonnegativeClassification
warning: DifferentialGeometry/Geometry/Thurston/NonnegativeClassification.lean:11:8: declaration uses `sorry`
⚠ [20725/27662] Replayed DifferentialGeometry.Geometry.Thurston.GraphPresentation
warning: DifferentialGeometry/Geometry/Thurston/GraphPresentation.lean:11:8: declaration uses `sorry`
warning: DifferentialGeometry/Geometry/Thurston/GraphPresentation.lean:18:8: declaration uses `sorry`
warning: DifferentialGeometry/Geometry/Thurston/GraphPresentation.lean:25:8: declaration uses `sorry`
⚠ [20726/27662] Replayed DifferentialGeometry.Geometry.Collapse.GraphManifold
warning: DifferentialGeometry/Geometry/Collapse/GraphManifold.lean:84:8: declaration uses `sorry`
warning: DifferentialGeometry/Geometry/Collapse/GraphManifold.lean:138:8: declaration uses `sorry`
⚠ [20727/27662] Replayed DifferentialGeometry.Topology.ThreeManifold.GraphManifold.SphereSplitting
warning: DifferentialGeometry/Topology/ThreeManifold/GraphManifold/SphereSplitting.lean:11:8: declaration uses `sorry`
warning: DifferentialGeometry/Topology/ThreeManifold/GraphManifold/SphereSplitting.lean:16:8: declaration uses `sorry`
⚠ [20728/27662] Replayed DifferentialGeometry.Topology.ThreeManifold.GraphManifold.Refinement
warning: DifferentialGeometry/Topology/ThreeManifold/GraphManifold/Refinement.lean:35:8: declaration uses `sorry`
warning: DifferentialGeometry/Topology/ThreeManifold/GraphManifold/Refinement.lean:50:8: declaration uses `sorry`
⚠ [21370/27662] Replayed DifferentialGeometry.Topology.Algebra.Group.FreeProduct.FiniteKurosh
warning: DifferentialGeometry/Topology/Algebra/Group/FreeProduct/FiniteKurosh.lean:93:4: `simp` already closes the goal

Hint: Use `simp` instead of `simpa`:
  [apply] simp [f, e, cr, c, MulAut.conj_apply]

Note: This linter can be disabled with `set_option linter.unnecessarySimpa false`
⚠ [26189/27662] Replayed DifferentialGeometry.Geometry.Flow.RicciFlow.Perelman.CanonicalNeighborhood.KappaModelVolume
warning: DifferentialGeometry/Geometry/Flow/RicciFlow/Perelman/CanonicalNeighborhood/KappaModelVolume.lean:21:28: missing space in the source

This part of the code
  'PointedFlowData.{u,0,0}'
should be written as
  'PointedFlowData.{u, 0, 0}'


Note: This linter can be disabled with `set_option linter.style.whitespace false`
warning: DifferentialGeometry/Geometry/Flow/RicciFlow/Perelman/CanonicalNeighborhood/KappaModelVolume.lean:21:30: missing space in the source

This part of the code
  'PointedFlowData.{u,0,0} I3'
should be written as
  '0, 0} I3'


Note: This linter can be disabled with `set_option linter.style.whitespace false`
⚠ [27026/27662] Replayed DifferentialGeometry.Geometry.Flow.RicciFlow.Surgery.History.SlabCompatibility
warning: DifferentialGeometry/Geometry/Flow/RicciFlow/Surgery/History/SlabCompatibility.lean:101:43: remove line break in the source

This part of the code
  'actual_closed_extension_compatible 
   '
should be written as
  'actual_closed_extension_compatible (H :'


Note: This linter can be disabled with `set_option linter.style.whitespace false`
warning: DifferentialGeometry/Geometry/Flow/RicciFlow/Surgery/History/SlabCompatibility.lean:115:49: remove line break in the source

This part of the code
  'actual_closed_extension_preserves_prefix 
   '
should be written as
  'actual_closed_extension_preserves_prefix (H :'


Note: This linter can be disabled with `set_option linter.style.whitespace false`
✔ [27618/27662] Built DifferentialGeometry.Geometry.Thurston.StandardFactorGeometry (13s)
✔ [27619/27662] Built DifferentialGeometry.Geometry.Thurston.NonemptyGeometricPresentation (1.0s)
✔ [27620/27662] Built DifferentialGeometry.Geometry.Flow.RicciFlow.Surgery.Topology.DiscardedComponentGeometry (5.6s)
✔ [27621/27662] Built DifferentialGeometry.Geometry.Flow.RicciFlow.Perelman.CanonicalNeighborhood.RoundReservedWitness (20s)
✔ [27622/27662] Built DifferentialGeometry.Topology.ThreeManifold.Geometrization.StandardCertificates (9.0s)
✔ [27623/27662] Built DifferentialGeometry.Geometry.Flow.RicciFlow.Surgery.Topology.MarkedDiscardedGeometry (3.6s)
✔ [27624/27662] Built DifferentialGeometry.Geometry.Flow.RicciFlow.Surgery.History.ActualEventGeometry (4.5s)
✖ [27625/27662] Building DifferentialGeometry.Geometry.Flow.RicciFlow.Surgery.History.EventTimeTranslation (5.3s)
trace: .> LEAN_PATH=/Users/bennettchow/Documents/LeanShared/v4.35.0-rc3-c55e6e786f49/packages/Cli/.lake/build/lib/lean:/Users/bennettchow/Documents/LeanShared/v4.35.0-rc3-c55e6e786f49/packages/batteries/.lake/build/lib/lean:/Users/bennettchow/Documents/LeanShared/v4.35.0-rc3-c55e6e786f49/packages/Qq/.lake/build/lib/lean:/Users/bennettchow/Documents/LeanShared/v4.35.0-rc3-c55e6e786f49/packages/aesop/.lake/build/lib/lean:/Users/bennettchow/Documents/LeanShared/v4.35.0-rc3-c55e6e786f49/packages/proofwidgets/.lake/build/lib/lean:/Users/bennettchow/Documents/LeanShared/v4.35.0-rc3-c55e6e786f49/packages/importGraph/.lake/build/lib/lean:/Users/bennettchow/Documents/LeanShared/v4.35.0-rc3-c55e6e786f49/packages/LeanSearchClient/.lake/build/lib/lean:/Users/bennettchow/Documents/LeanShared/v4.35.0-rc3-c55e6e786f49/packages/plausible/.lake/build/lib/lean:/Users/bennettchow/Documents/LeanShared/v4.35.0-rc3-c55e6e786f49/packages/mathlib/.lake/build/lib/lean:/Users/bennettchow/Documents/Documents - Unknown/Codex/Geometrization/Worktrees/wtgc1/GC_MIGRATED_435_RC3/.lake/build/lib/lean /Users/bennettchow/.elan/toolchains/leanprover--lean4---v4.35.0-rc3/bin/lean /Users/bennettchow/Documents/Documents - Unknown/Codex/Geometrization/Worktrees/wtgc1/GC_MIGRATED_435_RC3/DifferentialGeometry/Geometry/Flow/RicciFlow/Surgery/History/EventTimeTranslation.lean -o /Users/bennettchow/Documents/Documents - Unknown/Codex/Geometrization/Worktrees/wtgc1/GC_MIGRATED_435_RC3/.lake/build/lib/lean/DifferentialGeometry/Geometry/Flow/RicciFlow/Surgery/History/EventTimeTranslation.olean -i /Users/bennettchow/Documents/Documents - Unknown/Codex/Geometrization/Worktrees/wtgc1/GC_MIGRATED_435_RC3/.lake/build/lib/lean/DifferentialGeometry/Geometry/Flow/RicciFlow/Surgery/History/EventTimeTranslation.ilean -c /Users/bennettchow/Documents/Documents - Unknown/Codex/Geometrization/Worktrees/wtgc1/GC_MIGRATED_435_RC3/.lake/build/ir/DifferentialGeometry/Geometry/Flow/RicciFlow/Surgery/History/EventTimeTranslation.c --setup /Users/bennettchow/Documents/Documents - Unknown/Codex/Geometrization/Worktrees/wtgc1/GC_MIGRATED_435_RC3/.lake/build/ir/DifferentialGeometry/Geometry/Flow/RicciFlow/Surgery/History/EventTimeTranslation.setup.json --json
error: DifferentialGeometry/Geometry/Flow/RicciFlow/Surgery/History/EventTimeTranslation.lean:54:4: `old_contains_outside` is not a field of structure `RetainedCoreEvent`
✔ [27629/27662] Built DifferentialGeometry.Geometry.Flow.RicciFlow.Surgery.Noncollapsing.GeometricHorizons (6.5s)
✔ [27630/27662] Built DifferentialGeometry.Geometry.Flow.RicciFlow.Surgery.Noncollapsing.FiniteGeometricHorizon (6.3s)
✔ [27631/27662] Built DifferentialGeometry.Geometry.Flow.RicciFlow.Surgery.Noncollapsing.SmallScaleGeometricHorizon (6.1s)
✔ [27632/27662] Built DifferentialGeometry.Geometry.Flow.RicciFlow.Surgery.Noncollapsing.DegreeGeometricHorizon (6.2s)
✔ [27633/27662] Built DifferentialGeometry.Geometry.Flow.RicciFlow.Surgery.Noncollapsing.CompletedHistoryDegree (6.1s)
✔ [27634/27662] Built DifferentialGeometry.Geometry.Flow.RicciFlow.Surgery.Noncollapsing.FiniteInitialDegree (5.8s)
✔ [27635/27662] Built DifferentialGeometry.Geometry.Flow.RicciFlow.Surgery.Noncollapsing.HistoryFreeFactors (6.1s)
✔ [27636/27662] Built DifferentialGeometry.Geometry.Flow.RicciFlow.Surgery.Noncollapsing.GeneralInitialBound (5.6s)
✔ [27637/27662] Built DifferentialGeometry.Geometry.Flow.RicciFlow.Surgery.Noncollapsing.GeneralCanonicalProduction (6.3s)
Some required targets logged failures:
- DifferentialGeometry.Geometry.Flow.RicciFlow.Surgery.History.EventTimeTranslation
error: build failed
